Question,implicit_zero_shot,explicit_zero_shot,auto_cot
how to fix tv that goes off in a few minutes after turned on,how to fix tv that goes off in a few minutes after turned on,"how to fix tv that goes off in a few minutes after turned on
Let's think step by step.","Q: how to fix tv that goes off in a few minutes after turned on
Let's think step by step.

A: this is a simple problem. You have a tv that goes off in a few minutes after turned on.

In your house, the power went off in the evening.

After a couple of hours, the power went off again.

This is a simple problem. The first step is to find out where the power went off.

The power went off in the room where you are.

The power went off in your house.

The power went off in your room.

The power went off in the kitchen.

The power went off in the basement.

This is a simple problem. The second step is to find out which room the power went off in."
What song performed by Lea Salonga was written for a 1998 film directed by Tony Bancroft and Barry Cook?,What song performed by Lea Salonga was written for a 1998 film directed by Tony Bancroft and Barry Cook?,"What song performed by Lea Salonga was written for a 1998 film directed by Tony Bancroft and Barry Cook?
Let's think step by step.","Q: What song performed by Lea Salonga was written for a 1998 film directed by Tony Bancroft and Barry Cook?
Let's think step by step.
A. ""I Don't Want to Miss a Thing""
B. ""You've Got a Friend in Me""
C. ""When a Man Loves a Woman""
D. ""It's Only Make Believe""

Q. What song performed by Lea Salonga was written for a 1998 film directed by Tony Bancroft and Barry Cook?
A. ""I Don't Want to Miss a Thing""
B. ""You've Got a Friend in Me""
C. ""When a Man Loves a Woman""
D. ""It's Only Make Believe""

Q. What song performed by Lea Salonga was written for a 1998 film directed by Tony Bancroft and Barry"
what ethnicity is steve perry,what ethnicity is steve perry,"what ethnicity is steve perry
Let's think step by step.","Q: what ethnicity is steve perry
Let's think step by step.
Step 1: Steve Perry is a white guy who is a member of the
  Republican party.
Step 2: Steve Perry is a white guy who is a member of the
  Democratic party.
Step 3: Steve Perry is a white guy who is a member of the
  independent party.
Step 4: Steve Perry is a white guy who is a member of the
  Green party.
Step 5: Steve Perry is a white guy who is a member of the
  Libertarian party.
Step 6: Steve Perry is a white guy who is a member of the
  Socialist party.
Step 7: Steve Perry is a white guy who is a member of the
  Progressive party.
Step 8"
"Which author has used more pseudonyms, W. E. B. Griffin or Piers Anthony? ","Which author has used more pseudonyms, W. E. B. Griffin or Piers Anthony? ","Which author has used more pseudonyms, W. E. B. Griffin or Piers Anthony? 
Let's think step by step.","Q: Which author has used more pseudonyms, W. E. B. Griffin or Piers Anthony? 
Let's think step by step. The pseudonyms are:

W. E. B. Griffin, who wrote under his pen-name, W. E. B. Griffin, and who was a prolific writer of science fiction and fantasy in the 1920s.
Piers Anthony, who wrote under his pen-name, Piers Anthony.

The pseudonyms are used to distinguish their works from those of their original authors, and to avoid confusion.

W. E. B. Griffin, the pseudonym of W. E. B. Griffin, who wrote science fiction and fantasy, including the short story ""The Man Who Fell from the Sky"" and the novel The Man Who Fell from the Sky. 
Piers Anthony, the pseudonym of Piers"
What 2014 American 3D computer-animated musical fantasy adventure comedy film features a song recorded by British singer Leah McFall?,What 2014 American 3D computer-animated musical fantasy adventure comedy film features a song recorded by British singer Leah McFall?,"What 2014 American 3D computer-animated musical fantasy adventure comedy film features a song recorded by British singer Leah McFall?
Let's think step by step.","Q: What 2014 American 3D computer-animated musical fantasy adventure comedy film features a song recorded by British singer Leah McFall?
Let's think step by step.

1. It's a musical fantasy film

2. It's about a girl named Leah, who lives in a magical world

3. It's about a boy named Jason, who lives in a magical world

4. It's about a girl named Leah, who lives in a magical world

5. It's about a boy named Jason, who lives in a magical world

6. It's about a girl named Leah, who lives in a magical world

7. It's about a boy named Jason, who lives in a magical world

8. It's about a girl named Leah, who lives in a magical world

9. It's about a boy named Jason, who lives"
who co-founder of working place of Joseph armstrong ?,who co-founder of working place of Joseph armstrong ?,"who co-founder of working place of Joseph armstrong ?
Let's think step by step.","Q: who co-founder of working place of Joseph armstrong ?
Let's think step by step.
First of all, we should know that in the Bible, Joseph's working place is a very important place for the patriarchs and the prophets.

The Holy Spirit will come upon them, and they will go out, and they will be at the place of Jacob's well. And the people of Israel will come and will pitch up, and they will go out and will pitch up against the land of Egypt, and they will go out and they will pitch up against the land of Canaan, and they will go out and they will pitch up against the land of the Philistines. And the people of Israel will go out and they will pitch up against the land of the Hittites, and they will go out and they will"
what is a collision domain,what is a collision domain,"what is a collision domain
Let's think step by step.","Q: what is a collision domain
Let's think step by step.

A collision domain is the part of a space that contains all the points that are colliding with each other.

A collision domain is not a space, it is a set of points that contains all the points that are colliding with each other.

The domain of a collision is a set of points, called the collision domain, that are colliding with each other.

If the domain of a collision is a set of points, then the intersection of the domain of a collision with a collision domain is the domain of a collision.

A domain of a collision is the set of all the points that are colliding with each other.

If the domain of a collision is a set of points, then"
what foods contain protein other than meat,what foods contain protein other than meat,"what foods contain protein other than meat
Let's think step by step.","Q: what foods contain protein other than meat
Let's think step by step.

Protein is an essential part of the body. It is needed for proper functioning of the body and for the body to produce and maintain healthy tissues.

Protein is also used for the formation of blood, milk, eggs, and the growth and development of the child.

Protein is used to make hormones, antibodies, and to provide energy for the body.

Protein is used for muscle growth, and for the body's detoxification process.

Protein is used in the manufacture of tissue and bone.

Protein is used for the development of the brain and nervous system.

Protein is used for the growth of the hair, nails, skin, and eyes.

P"
how much lpn make an hour in ny,how much lpn make an hour in ny,"how much lpn make an hour in ny
Let's think step by step.","Q: how much lpn make an hour in ny
Let's think step by step.
1) 1) In one hour, the number of lpn is 1
2) In one hour, the number of lpn is 1
3) In one hour, the number of lpn is 0
4) In one hour, the number of lpn is 1
5) In one hour, the number of lpn is 0
6) In one hour, the number of lpn is 0
7) In one hour, the number of lpn is 0
8) In one hour, the number of lpn is 0
9) In one hour, the number of lpn is 0
10) In one hour, the number of lpn is 0
11) In one hour, the"
"""Who is the sunsidiary entities  of Islamic Azad Universpty who is in the department of Bukan?""","""Who is the sunsidiary entities  of Islamic Azad Universpty who is in the department of Bukan?""","""Who is the sunsidiary entities  of Islamic Azad Universpty who is in the department of Bukan?""
Let's think step by step.","Q: ""Who is the sunsidiary entities  of Islamic Azad Universpty who is in the department of Bukan?""
Let's think step by step.

I was searching for a topic to solve the problem about the sunsidiary entities of Islamic Azad Universpty.
The sunsidiary entities of Islamic Azad Universpty is the Islamic Azad University.
In Islamic Azad University, the department of Bukan is the department of Islamic Azad University.
In Islamic Azad University, the department of Bukan is the department of Islamic Azad University.
The Islamic Azad University is the Islamic Azad University.

The Islamic Azad University is the Islamic Azad University.

The Islamic Azad University is the Islamic Azad University.

The Islamic Azad University is the Islamic Azad University.

The Islamic Azad University is the"
Puppet Master is an episode of Glee that includes which actress and comedian?,Puppet Master is an episode of Glee that includes which actress and comedian?,"Puppet Master is an episode of Glee that includes which actress and comedian?
Let's think step by step.","Q: Puppet Master is an episode of Glee that includes which actress and comedian?
Let's think step by step.

The following is a question and answer about the episodes that include which actress or comedian.

The episode “The Puppet Master” features a puppet named “Puppet Master” who has a long history of being an abusive tyrant. This episode is based on the story of a man named “Puppet Master” who was born in Russia.
Puppet Master is a puppet who is a master of puppets. He has a long history of being an abusive tyrant who is cruel to his puppets. This puppet was born in Russia and has been an abusive tyrant for a long time.
Puppet Master has a puppet named “Puppet Master” who was born in Russia. This puppet was"
what is nociception,what is nociception,"what is nociception
Let's think step by step.","Q: what is nociception
Let's think step by step. What is the first thing that occurs?

1. What is the first thing that occurs?
2. What is the second thing that occurs?
3. What is the third thing that occurs?
4. What is the fourth thing that occurs?
5. What is the fifth thing that occurs?
6. What is the sixth thing that occurs?
7. What is the seventh thing that occurs?
8. What is the eighth thing that occurs?
9. What is the ninth thing that occurs?
10. What is the tenth thing that occurs?

1. What is the first thing that occurs?

It is the perception of pain.

2. What is the second thing that"
average starting salary university of michigan,average starting salary university of michigan,"average starting salary university of michigan
Let's think step by step.","Q: average starting salary university of michigan
Let's think step by step.

What is the average starting salary for a university of Michigan grad?
I am not sure how to calculate this.
I am not asking for the average salary for the entire university. I am asking for the average starting salary for the top 50% of the grads.

A:

This is from the 2017 University of Michigan Annual Report. The data is in the table ""Average Graduation Rate"" on page 2.

Average Graduation Rate (AGR) is a measure of the percentage of
  Michigan graduates who complete at least one year of college. The
  data was collected from the University of Michigan’s Graduate
  Record Examination Program.

So, if you are asking for"
"Which American film was released first, Tex or Snow Dogs?","Which American film was released first, Tex or Snow Dogs?","Which American film was released first, Tex or Snow Dogs?
Let's think step by step.","Q: Which American film was released first, Tex or Snow Dogs?
Let's think step by step.
Tex

Sitting on the grass,
  And I'm trying to get
  A piece of my mind,
  I watch you as you
  Look up at the sky,
  And you're smiling,
  But you're not smiling
  At all.
  You're smiling at me.
  You're smiling at me.
  You're smiling at me.
  You're smiling at me.
  You're smiling at me.
  You're smiling at me.

Snow Dogs

I'm not gonna lie,
  You're the best snow
  I ever saw,
  But you're not smiling,
  And I'm not smiling.
"
"In addition to providing voice talent for the Wallace and Gromit films, Christopher Fairbank also played Moxey in what comedy-drama series?","In addition to providing voice talent for the Wallace and Gromit films, Christopher Fairbank also played Moxey in what comedy-drama series?","In addition to providing voice talent for the Wallace and Gromit films, Christopher Fairbank also played Moxey in what comedy-drama series?
Let's think step by step.","Q: In addition to providing voice talent for the Wallace and Gromit films, Christopher Fairbank also played Moxey in what comedy-drama series?
Let's think step by step.
1. In the original Wallace and Gromit movie, Wallace was a computer-generated talking dog. Moxey was a real person.
2. In the sequel, Wallace was a computer-generated talking dog. Moxey was a real person.
3. In the third Wallace and Gromit movie, Wallace was a real dog and Moxey was a computer-generated talking dog.
4. In the fourth Wallace and Gromit movie, Wallace was a real dog and Moxey was a real person.
5. In the fifth Wallace and Gromit movie, Wallace was a real dog and Moxey was a real person.
6. In the sixth Wallace and Gromit movie"
"Which company markets Melarsomine as Immiticide in order to treat a small thread-like worm that causes filariasis in dogs, mainly, but also cats, ferrets, bears, sea lions, and coyotes?","Which company markets Melarsomine as Immiticide in order to treat a small thread-like worm that causes filariasis in dogs, mainly, but also cats, ferrets, bears, sea lions, and coyotes?","Which company markets Melarsomine as Immiticide in order to treat a small thread-like worm that causes filariasis in dogs, mainly, but also cats, ferrets, bears, sea lions, and coyotes?
Let's think step by step.","Q: Which company markets Melarsomine as Immiticide in order to treat a small thread-like worm that causes filariasis in dogs, mainly, but also cats, ferrets, bears, sea lions, and coyotes?
Let's think step by step. Melarsomine is the best natural insecticide known, but it is difficult to find. The best quality is called ""immiticide."" This means that it kills a thread-like worm, but not the mosquito. The thread-like worm is usually found in the skin of a dog. It is a small worm that grows to about 2 inches in length. It is found in the skin of the dog, but not in the skin of the cat or the ferret.
It is a small thread-like worm that grows to about 2 inches in length. It is found in the skin of the dog, but not in the skin of the cat or the ferret.
It is a small thread-like worm that grows to"
What lake is the farm Peter Gideon owned?,What lake is the farm Peter Gideon owned?,"What lake is the farm Peter Gideon owned?
Let's think step by step.","Q: What lake is the farm Peter Gideon owned?
Let's think step by step.

A: The first lake, the lake of the house of God, which is the lake of the Hinnom.

1:1 - 1:3. The first lake was the lake of the Hinnom, which was the first of the rivers of the plain, which was the first of the seas of the plain, which was the first of the fountains of the waters of the sea, which was the first of the springs of the waters of the sea.

1:4-1:6. The first of the fountains of the waters of the sea, which was the first of the springs of the waters of the sea, which was the first of the springs of the waters of the"
describe the structures of the human alimentary canal,describe the structures of the human alimentary canal,"describe the structures of the human alimentary canal
Let's think step by step.","Q: describe the structures of the human alimentary canal
Let's think step by step. The alimentary canal is a tube through which food and water are passed. The alimentary canal is about 30 to 50 centimeters long.

There are four main parts of the alimentary canal: the small intestine, the large intestine, the cecum, and the rectum.

There are a few exceptions to the above:

The stomach and the gallbladder are not part of the alimentary canal. They are inside the digestive tract.

The alimentary canal is lined with a mucous membrane.

The alimentary canal is a system of tubes that carry food and liquids from the stomach to the rest of the body.

The alimentary canal is a tube through which food and liquids are passed"
What is felix baumgartner redbull athlete id?,What is felix baumgartner redbull athlete id?,"What is felix baumgartner redbull athlete id?
Let's think step by step.","Q: What is felix baumgartner redbull athlete id?
Let's think step by step.

A: It's the first step of the process, where you have to get a passport.
It's the first step of the process, where you have to get a passport.

It's the first step of the process, where you have to get a passport.

It's the first step of the process, where you have to get a passport.

It's the first step of the process, where you have to get a passport.

It's the first step of the process, where you have to get a passport.

It's the first step of the process, where you have to get a passport.

It's the first step of the process, where you have to get"
how do you enable audio,how do you enable audio,"how do you enable audio
Let's think step by step.","Q: how do you enable audio
Let's think step by step.

A: I'm using the following method, which I found somewhere.

Open up your VLC media player.
Select the audio track you want to play.
Click on the play button.
Choose the output format, if you don't know, you can use the
  following format:

AAC, mp3, wav, ogg, flac, etc.

Then click on the ""Apply"" button.

You are done!

A:

A: I'm using the following method, which I found somewhere.

You can find the method at the following page.

Open up your VLC media player.
Select the audio track you want to"
the differences between bacteria viruses fungi and bacteria,the differences between bacteria viruses fungi and bacteria,"the differences between bacteria viruses fungi and bacteria
Let's think step by step.","Q: the differences between bacteria viruses fungi and bacteria
Let's think step by step.
1. Bacteria viruses fungi
Bacteria viruses fungi
Bacteria viruses fungus
Bacteria viruses fungus
2. Bacteria viruses fungus
Bacteria viruses fungus
Bacteria viruses fungus
Bacteria viruses fungus
Bacteria viruses fungus
3. Bacteria viruses fungus
Bacteria viruses fungus
Bacteria viruses fungus
Bacteria viruses fungus
Bacteria viruses fungus
Bacteria viruses fungus
4. Bacteria viruses fungus
Bacteria viruses fungus
Bacteria viruses fungus
Bacteria viruses fungus
Bacteria viruses fungus
Bacteria viruses fungus
Bacteria viruses fungus
5. Bacteria viruses fungus
Bacteria viruses fungus
Bacteria viruses fungus
Bacteria viruses fungus
Bacteria viruses fungus
Bacteria viruses fungus"
"A television show originaly aired on December 29, 1996 was written by a graduate of what University?","A television show originaly aired on December 29, 1996 was written by a graduate of what University?","A television show originaly aired on December 29, 1996 was written by a graduate of what University?
Let's think step by step.","Q: A television show originaly aired on December 29, 1996 was written by a graduate of what University?
Let's think step by step.

1. The original series was written by a graduate of what University?

2. What is the purpose of the show?

3. What is the title of the show?

4. What was the name of the show?

5. What is the name of the show?

6. What is the name of the show?

7. What is the name of the show?

8. What is the name of the show?

9. What is the name of the show?

10. What is the name of the show?

11. What is the name of the show?

12. What is the name of the show?

"
Which follows the Shining?,Which follows the Shining?,"Which follows the Shining?
Let's think step by step.","Q: Which follows the Shining?
Let's think step by step. First, we have the Shining. This is a
sprawling, multi-story, multi-level structure.
It has the Shining, which is a great big, long, open-air
building with a lot of people in it.
It has a lot of people.
It has a lot of people.
It has a lot of people.
It has a lot of people.
It has a lot of people.
It has a lot of people.
It has a lot of people.
It has a lot of people.
It has a lot of people.
It has a lot of people.
It has a lot of people.
It has a lot of people.
It has a"
how many points for a pass at level 3 btec ICT,how many points for a pass at level 3 btec ICT,"how many points for a pass at level 3 btec ICT
Let's think step by step.","Q: how many points for a pass at level 3 btec ICT
Let's think step by step.

A:

I'm going to make it easier for you.
First of all, I'm going to say that you will be tested on your knowledge of the subject. You will have to answer multiple choice questions. You will be graded on your knowledge of the subject.
I will also make it easier for you to answer the questions. I will make it easier for you to do the questions.
The first question will be about the ICT. I will give you the answer.
The next question will be about the Btec. I will give you the answer.
The next question will be about the Btec ICT. I will give you the answer.
The next question will be about the Btec"
What is the habitat of Typha?,What is the habitat of Typha?,"What is the habitat of Typha?
Let's think step by step.","Q: What is the habitat of Typha?
Let's think step by step.
1. Typha are carnivorous plants.
2. They are able to withstand high temperatures.
3. They are able to survive in the rain.
4. They are able to survive in the desert.
5. They are able to survive in the forest.
6. They are able to survive in the marsh.
7. They are able to survive in the bog.
8. They are able to survive in the forest.
9. They are able to survive in the rain.
10. They are able to survive in the desert.
11. They are able to survive in the marsh.
12. They are able to survive in the bog.
13. They are able to survive in"
How many presenters are for Top Gear?,How many presenters are for Top Gear?,"How many presenters are for Top Gear?
Let's think step by step.","Q: How many presenters are for Top Gear?
Let's think step by step.

Q: How many presenters are for Top Gear?
A: There's an awful lot of presenters.

Q: How many presenters are for Top Gear?
A: There's an awful lot of presenters.

Q: How many presenters are for Top Gear?
A: There's an awful lot of presenters.

Q: How many presenters are for Top Gear?
A: There's an awful lot of presenters.

Q: How many presenters are for Top Gear?
A: There's an awful lot of presenters.

Q: How many presenters are for Top Gear?
A: There's an awful lot of presenters."
What GSRR rating did World of Warcraft get?,What GSRR rating did World of Warcraft get?,"What GSRR rating did World of Warcraft get?
Let's think step by step.","Q: What GSRR rating did World of Warcraft get?
Let's think step by step.

1) The original rating of GSRR was a 7.
2) The new rating was a 7.
3) World of Warcraft's GSRR was a 7.

4) The World of Warcraft GSRR was a 7.

5) The World of Warcraft GSRR was a 7.

6) The World of Warcraft GSRR was a 7.

7) The World of Warcraft GSRR was a 7.

8) The World of Warcraft GSRR was a 7.

9) The World of Warcraft GSRR was a 7.

10) The World of Warcraft GSRR was a 7.

11) The World"
how accurate is an ultrasound in determining age of fetus,how accurate is an ultrasound in determining age of fetus,"how accurate is an ultrasound in determining age of fetus
Let's think step by step.","Q: how accurate is an ultrasound in determining age of fetus
Let's think step by step.

A: The ultrasound can be used to estimate the age of a fetus if the mother is pregnant and has a certain time of pregnancy.

Let's start with the first stage, the gestational age. A woman's pregnancy is usually divided into five stages, called trimesters. The trimester is the time during which the fetus is growing. The first trimester is the most common one. In a second trimester, the fetus is at a stage when it is about to grow, but it is still not ready to deliver. In a third trimester, the fetus is about to start to deliver, but is still in a stage where it is still not ready to deliver. In a fourth trimester, the fetus is"
average cost to tile bathroom floor,average cost to tile bathroom floor,"average cost to tile bathroom floor
Let's think step by step.","Q: average cost to tile bathroom floor
Let's think step by step.

For the bathroom floor, let's assume the following:

Tile is used only in the shower
Tile is used in the bathroom
Tile is used in both the shower and the bathtub

What is the average cost to tile a bathroom floor?
What is the minimum cost to tile a bathroom floor?
What is the maximum cost to tile a bathroom floor?

A:

The answer is:

$0.13$ per square foot

The following information is taken from this article.
Let's go step by step:

There are two options to tile a bathroom floor:

Tile the entire floor with tiles.
Tile the bathroom floor with tiles.

Tile the"
"Who was born first, James Schuyler or Robert Lowell?","Who was born first, James Schuyler or Robert Lowell?","Who was born first, James Schuyler or Robert Lowell?
Let's think step by step.","Q: Who was born first, James Schuyler or Robert Lowell?
Let's think step by step.

1. Why was James Schuyler born first, and not Robert Lowell?

2. How did James Schuyler get the money to start his life of a poet?

3. How did Robert Lowell get the money to start his life of a poet?

4. What were the characteristics of the two poets?

5. Who was the more talented poet?

6. What was James Schuyler's life like?

7. Who was the more talented poet?

8. How did James Schuyler's life change after the death of his father?

9. How did James Schuyler's life change after the death of his mother?

10"
what is the scientific name for Siboglinidae,what is the scientific name for Siboglinidae,"what is the scientific name for Siboglinidae
Let's think step by step.","Q: what is the scientific name for Siboglinidae
Let's think step by step.
Siboglinidae is a family of a small, small insect, which is one of the smallest in the order of Lepidoptera. They are mostly found in the tropical areas of the world, especially in the tropical Africa. The species in this family are also known as the ""small blue flies"".
The family is composed of three genera:
Siboglinus
Siboglinus niger (Siboglinus niger)
Siboglinus tessellatus (Siboglinus tessellatus)
The family Siboglinidae consists of one species, Siboglinus niger, which is a common fly in tropical and subtropical"
At what time did Ulaanbaatar have a population of 1.372e+06?,At what time did Ulaanbaatar have a population of 1.372e+06?,"At what time did Ulaanbaatar have a population of 1.372e+06?
Let's think step by step.","Q: At what time did Ulaanbaatar have a population of 1.372e+06?
Let's think step by step.

A: At what time did Ulaanbaatar have a population of 1.372e+06?

In the year 2356 B.C., the year in which the Mongol invasion of China was launched, Ulaanbaatar had a population of 1.372e+06.

In the year 2356 B.C., the year in which the Mongol invasion of China was launched, the city of Ulaanbaatar had a population of 1.372e+06.

In the year 2356 B.C., the year in which the Mongol invasion of China was launched, the city of Ulaanbaatar had a population of 1.372e+06.

In"
Tell me the designation for an administrative territorial entity that replaces domain and which contains the word japan in their name,Tell me the designation for an administrative territorial entity that replaces domain and which contains the word japan in their name,"Tell me the designation for an administrative territorial entity that replaces domain and which contains the word japan in their name
Let's think step by step.","Q: Tell me the designation for an administrative territorial entity that replaces domain and which contains the word japan in their name
Let's think step by step.
First, the administrative territorial entity is called ""domestic jurisdiction"" (e.g., the ""domestic jurisdiction"" of a state).
Second, the administrative territorial entity is called ""administrative territorial entity"" (e.g., the ""administrative territorial entity"" of a state).
Third, the administrative territorial entity is called ""administrative territorial unit"" (e.g., the ""administrative territorial unit"" of a state).
Fourth, the administrative territorial entity is called ""administrative territorial unit"" (e.g., the ""administrative territorial unit"" of a state).
Fifth, the administrative territorial entity is called ""administrative territorial unit"" (e.g., the ""administrative territorial unit"""
Who are the children and siblings of Alan Alda?,Who are the children and siblings of Alan Alda?,"Who are the children and siblings of Alan Alda?
Let's think step by step.","Q: Who are the children and siblings of Alan Alda?
Let's think step by step.

Let's think step by step.

Step 1: Alan Alda, who is now deceased, was the first child of Joseph and Eunice Alda. He was born on July 25, 1946, at 9:30 p.m. in the home of Joseph and Eunice Alda.

Step 2: Joseph and Eunice Alda had six children:

Step 3: Alan Alda, who is now deceased, was the second child of Joseph and Eunice Alda. He was born on December 5, 1950, at 8:30 a.m. in the home of Joseph and Eunice Alda.

Step 4: Joseph and Eunice Alda had"
What sport are both Troy Aikman and the 1989 Cotton Bowl Classic known for?,What sport are both Troy Aikman and the 1989 Cotton Bowl Classic known for?,"What sport are both Troy Aikman and the 1989 Cotton Bowl Classic known for?
Let's think step by step.","Q: What sport are both Troy Aikman and the 1989 Cotton Bowl Classic known for?
Let's think step by step. Troy Aikman was a star running back in college, and the Cotton Bowl was a big part of the college football season.
There were several reasons why the Cotton Bowl was so important. The first was that it was the first time a college football game had been played at the Cotton Bowl Stadium. The stadium was built in the 1950s, and the Cotton Bowl was the first game played in it.
There was a lot of pressure on college football, and the Cotton Bowl was the first time there was a big game at the stadium.
The second reason was that the Cotton Bowl was the first college football game played in the southern part of the United States. In the 1930s, the Cotton Bowl was the first game played in the"
Term Life stars an American actress and singer who first became known for her portrayal of what role in True Grit?,Term Life stars an American actress and singer who first became known for her portrayal of what role in True Grit?,"Term Life stars an American actress and singer who first became known for her portrayal of what role in True Grit?
Let's think step by step.","Q: Term Life stars an American actress and singer who first became known for her portrayal of what role in True Grit?
Let's think step by step.
1. She was born in the early 1920s and was an actress at the time.
2. She was a child actress.
3. She was a child actress.
4. She had a part in a play as a child actress.
5. She had a part in a play as a child actress.
6. She had a part in a play as a child actress.
7. She had a part in a play as a child actress.
8. She had a part in a play as a child actress.
9. She had a part in a play as a child actress.
10. She had a part in a play as a child actress.
11. She had a part in"
"Benjamin Saunders (born April 13, 1983), is an American mixed martial artist who currently fights in the Welterweight division of the UFC he was on fighting on Team Serra, Matthew John Serra (born June 2, 1974) is an American former professional mixed martial artist, Brazilian Jiu-Jitsu practitioner who competed for the Ultimate Fighting Championship and which occupation?","Benjamin Saunders (born April 13, 1983), is an American mixed martial artist who currently fights in the Welterweight division of the UFC he was on fighting on Team Serra, Matthew John Serra (born June 2, 1974) is an American former professional mixed martial artist, Brazilian Jiu-Jitsu practitioner who competed for the Ultimate Fighting Championship and which occupation?","Benjamin Saunders (born April 13, 1983), is an American mixed martial artist who currently fights in the Welterweight division of the UFC he was on fighting on Team Serra, Matthew John Serra (born June 2, 1974) is an American former professional mixed martial artist, Brazilian Jiu-Jitsu practitioner who competed for the Ultimate Fighting Championship and which occupation?
Let's think step by step.","Q: Benjamin Saunders (born April 13, 1983), is an American mixed martial artist who currently fights in the Welterweight division of the UFC he was on fighting on Team Serra, Matthew John Serra (born June 2, 1974) is an American former professional mixed martial artist, Brazilian Jiu-Jitsu practitioner who competed for the Ultimate Fighting Championship and which occupation?
Let's think step by step.

He is a former professional mixed martial artist who fought in the UFC and on the Team Serra.

He is also a Brazilian Jiu-Jitsu practitioner who competed for the Ultimate Fighting Championship.

He is also a former professional mixed martial artist who competed in the UFC and on the Team Serra.

He is a former professional mixed martial artist who fought in the UFC and on the Team Serra.

He is also a Brazilian Jiu-Jitsu practitioner who competed for the Ultimate Fighting Championship.

Let's think step by step.

He is a former professional mixed martial artist who fought in the UFC and on the Team Serra.

He is also a Brazilian Jiu-Jitsu practitioner"
insurance carrier number valid format,insurance carrier number valid format,"insurance carrier number valid format
Let's think step by step.","Q: insurance carrier number valid format
Let's think step by step.

Let's say that you want to get a valid insurance carrier number for your insurance policy.

Get the first and last names of the people who are applying for your insurance.
Ask for their phone numbers.
Check the phone numbers.

Here's the result:

This is the first name:

This is the last name:

This is the phone number:

Here's the insurance carrier number:

This is the insurance carrier number valid format:

The first name of the insurance carrier is:

This is the last name of the insurance carrier is:

This is the phone number of the insurance carrier is:

Here's the insurance carrier number valid format:"
Which acid anhydride containing oxygen has the lowest thermal conductivity ?,Which acid anhydride containing oxygen has the lowest thermal conductivity ?,"Which acid anhydride containing oxygen has the lowest thermal conductivity ?
Let's think step by step.","Q: Which acid anhydride containing oxygen has the lowest thermal conductivity ?
Let's think step by step.
The anhydride with oxygen is called $\ce{O2-CH3}$
$\ce{O2-CH3}$ has the lowest thermal conductivity.
It's easy to see that $\ce{O2-CH3}$ is a low-melting substance, so it can be heated and cooled easily.
It can be heated to about 300$^\circ$C, and it can be cooled to about 100$^\circ$C.
It can be heated to about 500$^\circ$C, and it can be cooled to about 250$^\circ$C.
It can be heated to about 800$^\circ$C, and it can"
"When was the American musical theatre lyricist who sang  ""Day by Day"" born? ","When was the American musical theatre lyricist who sang  ""Day by Day"" born? ","When was the American musical theatre lyricist who sang  ""Day by Day"" born? 
Let's think step by step.","Q: When was the American musical theatre lyricist who sang  ""Day by Day"" born? 
Let's think step by step.

A. 1827

Q. When was the American musical theatre lyricist who sang ""Day by Day"" born?

A. 1827.

Q. How old was this lyricist?

A. He was born in Boston, Massachusetts, on February 5, 1827.

Q. What was his name?

A. Richard D. Farrar.

Q. How did he get his name?

A. He was a native of Boston, Massachusetts.

Q. What did he sing?

A. ""Day by Day.""

Q. When did he sing it?

A. 1834.

Q. What was his"
"WRBJ-FM is licensed to which Rankin County, Mississippi town?","WRBJ-FM is licensed to which Rankin County, Mississippi town?","WRBJ-FM is licensed to which Rankin County, Mississippi town?
Let's think step by step.","Q: WRBJ-FM is licensed to which Rankin County, Mississippi town?
Let's think step by step.

A: WRBJ-FM is licensed to Rankin County, Mississippi.
B: Rankin County is the name of a town, which is located in Rankin County, Mississippi.

Q: WRBJ-FM is licensed to which town?

A: WRBJ-FM is licensed to Rankin County, Mississippi.

Q: WRBJ-FM is licensed to which town?

A: WRBJ-FM is licensed to Rankin County, Mississippi.

Q: WRBJ-FM is licensed to which town?

A: WRBJ-FM is licensed to Rankin County, Mississippi.

Q: WRBJ-FM is"
how to treat dry skin in kids,how to treat dry skin in kids,"how to treat dry skin in kids
Let's think step by step.","Q: how to treat dry skin in kids
Let's think step by step.
Step 1: Remove all dead skin
Step 2: Wash with warm water
Step 3: Rinse with warm water
Step 4: Dry with a towel
Step 5: Apply moisturizer
Step 6: Apply lotion
Step 7: Apply sunscreen
Step 8: Apply a moisturizer
Step 9: Apply sunscreen
Step 10: Apply moisturizer
Step 11: Apply lotion
Step 12: Apply sunscreen
Step 13: Apply moisturizer
Step 14: Apply sunscreen
Step 15: Apply moisturizer
Step 16: Apply lotion
Step 17: Apply sunscreen
Step 18: Apply moisturizer
Step 19: Apply lotion
Step 20: Apply sunscreen
Step 21: Apply moisturizer
Step 22"
Jacob Farrow has worked as a writer and producer for a number of series created by the co-president of what production company?,Jacob Farrow has worked as a writer and producer for a number of series created by the co-president of what production company?,"Jacob Farrow has worked as a writer and producer for a number of series created by the co-president of what production company?
Let's think step by step.","Q: Jacob Farrow has worked as a writer and producer for a number of series created by the co-president of what production company?
Let's think step by step.

A: The production company of the series that you are referring to is called ""Jacob Farrow Productions.""

B: So, Jacob Farrow has worked as a writer and producer for a number of series created by the co-president of what production company?

C: Yes.

A: Yes.

Q: And is that series called ""The X-Files""?

A: Yes.

Q: And the series is called ""X-Files""?

A: Yes.

Q: And the series is called ""The X-Files""?

A: Yes.

Q: And the series is called ""The X-Files""?

A: Yes."
why is coffee making gain weight,why is coffee making gain weight,"why is coffee making gain weight
Let's think step by step.","Q: why is coffee making gain weight
Let's think step by step.
A) You drink coffee.
B) Your body is full of caffeine.
C) You are dehydrated.
D) You are starving.
E) You have just eaten a large meal.
F) You are thirsty.
G) You have a fever.
H) You have a headache.
I) You have a sore throat.
J) You have a fever.
K) You have a headache.
L) You have a headache.
M) You have a headache.
N) You have a headache.
O) You have a headache.
P) You have a headache.
Q) You have a headache.
R) You have a headache.
S)"
average july temperature in ireland,average july temperature in ireland,"average july temperature in ireland
Let's think step by step.","Q: average july temperature in ireland
Let's think step by step.
1. July has some of the hottest months of the year.
2. July is the hottest month of the year.
3. July has some of the coldest months of the year.
4. July is the coldest month of the year.
5. July is the coldest month of the year.
6. July has some of the hottest months of the year.
7. July has some of the coldest months of the year.
8. July is the hottest month of the year.
9. July is the coldest month of the year.
10. July has some of the hottest months of the year.
11. July has some of the coldest months of the year."
what does a clicky jaw mean,what does a clicky jaw mean,"what does a clicky jaw mean
Let's think step by step.","Q: what does a clicky jaw mean
Let's think step by step.

Step 1.

What is a clicky jaw?

A clicky jaw is when a jaw is pressed and the jaw doesn't move.

What does a jaw move?

Jaw movements are controlled by the muscles of the jaw.

When is a jaw moved?

The jaw moves when the muscles in the jaw relax.

What happens when the muscles in the jaw relax?

The muscles in the jaw relax. The jaw moves.

What is the difference between a click and a jaw movement?

Jaw movements are controlled by the muscles of the jaw.

Click movements are controlled by the muscles of the jaw.

What is the difference between a"
what are bitter foods,what are bitter foods,"what are bitter foods
Let's think step by step.","Q: what are bitter foods
Let's think step by step. First, we are talking about foods that you can eat without any problems.
You can eat them without any problems.
1. The foods that are high in fat, cholesterol, and so on are not good for you.
2. The foods that are high in sugar, salt, and so on are not good for you.
3. The foods that are high in alcohol, caffeine, and so on are not good for you.
4. The foods that are high in carbohydrates are not good for you.
5. The foods that are high in protein are not good for you.
6. The foods that are high in fiber are not good for you.
7. The foods that are high in antioxidants are not"
"Who has been performing for longer, Violent Femmes or Alex Clare?","Who has been performing for longer, Violent Femmes or Alex Clare?","Who has been performing for longer, Violent Femmes or Alex Clare?
Let's think step by step.","Q: Who has been performing for longer, Violent Femmes or Alex Clare?
Let's think step by step.

I've been doing this for a while. I'm not sure I have a good answer. I'll try to keep it simple.
I have been doing this for a few years now. I'm just now trying to figure out what is the best way to go about it.
I am not trying to be a dick. I am not trying to be a douchebag. I am just trying to figure out what is the best way to do this.
I have a few rules that I follow.

I don't get any attention. I'm not trying to be a dick. I'm just trying to figure out what is the best way to do this.
I don't get any attention. I'm"
are ssris agonists or antagonists,are ssris agonists or antagonists,"are ssris agonists or antagonists
Let's think step by step.","Q: are ssris agonists or antagonists
Let's think step by step.

1) ssris are agonists

ssris bind to the receptor, which is an ion channel, in the cell membrane. The cell membrane is composed of lipid bilayer. This membrane is permeable to small molecules.

2) ssris are antagonists

The cell membrane is impermeable to ssris, so the ssris cannot bind to the receptor, which is an ion channel. The cell membrane is permeable to small molecules.

3) ssris are inverse agonists

The cell membrane is impermeable to ssris, so the ssris cannot bind to the receptor, which is an ion channel. The cell membrane is permeable to small molecules.

4) ssris"
Are Under Armour and 3M both multinational corporations?,Are Under Armour and 3M both multinational corporations?,"Are Under Armour and 3M both multinational corporations?
Let's think step by step.","Q: Are Under Armour and 3M both multinational corporations?
Let's think step by step.
1) The company is a small part of a larger entity, and it is owned by a larger
entity.
2) The company is a part of the larger entity.
3) The company has a monopoly over the supply of a particular product, and the
whole business is dependent on the monopoly.
4) The company has a monopoly over the distribution of the product.
5) The company has a monopoly over the marketing of the product.
6) The company has a monopoly over the price of the product.
7) The company has a monopoly over the payment for the product.
8) The company has a monopoly over the terms and conditions of the product.
9) The company has a monopoly"
what is marketing strategy audit,what is marketing strategy audit,"what is marketing strategy audit
Let's think step by step.","Q: what is marketing strategy audit
Let's think step by step.

A: A marketing strategy audit is a review of your marketing strategy. It can be a review of your marketing strategy or it can be a review of your marketing plan.

Q: What does it mean?
A: It means that you have a marketing strategy that is not aligned with your marketing goals and objectives.

Q: What are the benefits of a marketing strategy audit?
A: It means that you have a marketing strategy that is aligned with your marketing goals and objectives.

Q: What are the benefits of a marketing strategy audit?
A: It means that you have a marketing strategy that is aligned with your marketing goals and objectives.

Q: What are the benefits of a marketing strategy audit"
what type of neuron can cause muscles to contract,what type of neuron can cause muscles to contract,"what type of neuron can cause muscles to contract
Let's think step by step.","Q: what type of neuron can cause muscles to contract
Let's think step by step.

A: When you see a muscle, you see two types of cells that are called myocytes.

One is called a ""sarcomere"", and it has a long, thin filament called a sarcomere.
The other is called a ""plate"".

The plate is the one that is attached to the myocyte.

The sarcomere is the one that is attached to the plate.

If you take the sarcomere, and then pull on it, it contracts, because it is attached to the myocyte.

If you take the plate, and then pull on it, it also contracts, because it is attached to the myocyte.

If you take both of"
how to determine is an excel worksheet is hidden?,how to determine is an excel worksheet is hidden?,"how to determine is an excel worksheet is hidden?
Let's think step by step.","Q: how to determine is an excel worksheet is hidden?
Let's think step by step.

A:

Excel doesn't use hidden worksheets, it's just not designed to do so.
If you are trying to hide a worksheet in Excel, the best thing to do is to select it.
Then right click and go to the properties.
Under the sheet tab, click the row tab and the column tab.
In the row tab, you should see the hidden worksheet checkbox.
In the column tab, you should see the hidden worksheet checkbox.
Click the OK button.
If you want to hide the worksheet again, just go back to the properties tab and check the hidden worksheet checkbox.
If you want to show the hidden worksheet, select"
what episode of grey's anatomy does derek leave addison for the last time,what episode of grey's anatomy does derek leave addison for the last time,"what episode of grey's anatomy does derek leave addison for the last time
Let's think step by step.","Q: what episode of grey's anatomy does derek leave addison for the last time
Let's think step by step.
A. step 1
B. step 2
C. step 3
D. step 4
E. step 5
F. step 6
G. step 7
H. step 8
I. step 9
J. step 10
K. step 11
L. step 12
M. step 13
N. step 14
O. step 15
P. step 16
Q. step 17
R. step 18
S. step 19
T. step 20
U. step 21
V. step 22
W. step 23
X. step 24
Y. step 25
Z. step 26
[A] step 1
[B] step 2
[C] step 3
["
 The Badge is a 2002 mystery-thriller film starring an American actress whose notible films include what 1999 Martin Scorsese film?, The Badge is a 2002 mystery-thriller film starring an American actress whose notible films include what 1999 Martin Scorsese film?," The Badge is a 2002 mystery-thriller film starring an American actress whose notible films include what 1999 Martin Scorsese film?
Let's think step by step.","Q:  The Badge is a 2002 mystery-thriller film starring an American actress whose notible films include what 1999 Martin Scorsese film?
Let's think step by step.
The story is a bit of a mystery, but it's more of a puzzle than a mystery.
The story is about a young woman who is hired by a man to be his lover.
But when the man finds out that she is pregnant, he tries to kill her.
So she ends up with a baby who will grow up to be the most evil person in the world.
But what is it?
The movie is based on a short story by E.L. Doctorow.
The film was directed by Martin Scorsese.
The story is about the ""evil"" baby, but not the evil person.
So we have a child who is evil and a baby who is evil.
But we"
what type of disease is plasmodium malariae,what type of disease is plasmodium malariae,"what type of disease is plasmodium malariae
Let's think step by step.","Q: what type of disease is plasmodium malariae
Let's think step by step. 
Plasmodium malariae is a parasite which lives in the blood of humans.
The parasite is transmitted by an infected mosquito bite.
It is also transmitted by blood transfusion.
The parasite is transmitted by the bite of an infected female Anopheles mosquito.
This parasite is also transmitted by sexual contact between an infected person and a person who has not been infected.
This parasite is transmitted by the bite of an infected person.
This parasite is transmitted by the bite of an infected person and by the bite of an infected person.
This parasite is transmitted by the bite of a person who has not been infected.
This parasite is transmitted by the bite of an infected person.
This parasite is transmitted by the"
The star of A Change of Heart is best known for his performance in what 1983 TV drama?,The star of A Change of Heart is best known for his performance in what 1983 TV drama?,"The star of A Change of Heart is best known for his performance in what 1983 TV drama?
Let's think step by step.","Q: The star of A Change of Heart is best known for his performance in what 1983 TV drama?
Let's think step by step.
A: This is the first of many episodes of The Star of A Change of Heart, a TV drama that aired in 1983.
B: The star of A Change of Heart was played by the actor, Terence Stamp.
C: The Star of A Change of Heart was produced by the TV production company, The Film Group.
D: The Star of A Change of Heart was directed by the TV director, David MacDonald.
E: The Star of A Change of Heart was written by the TV writer, Martin H. Greenberg.
F: The Star of A Change of Heart was narrated by the actor, John Hurt.
G: The Star of A Change of Heart was released by the TV studio, CBS.
"
where do king cobras live,where do king cobras live,"where do king cobras live
Let's think step by step.","Q: where do king cobras live
Let's think step by step.
Step 1:
Cobras live in South America, the Amazon.
Step 2:
Cobras live in the tropical regions of South America, the Andes.
Step 3:
Cobras live in the cold regions of South America, the Arctic.
Step 4:
Cobras live in the mountainous regions of South America, the Alps.
Step 5:
Cobras live in the desert regions of South America, the Sahara.
Step 6:
Cobras live in the rainforest regions of South America, the Amazon.
Step 7:
Cobras live in the tropical regions of South America, the Caribbean.
Step 8:
Cobras live in the cold"
which Northern Irish professional footballer  was part of Manchester United United Trinity or the Holy Trinity,which Northern Irish professional footballer  was part of Manchester United United Trinity or the Holy Trinity,"which Northern Irish professional footballer  was part of Manchester United United Trinity or the Holy Trinity
Let's think step by step.","Q: which Northern Irish professional footballer  was part of Manchester United United Trinity or the Holy Trinity
Let's think step by step.

The first is the most important one.
The second is the most important one.
The third is the most important one.
The fourth is the most important one.
The fifth is the most important one.
The sixth is the most important one.
The seventh is the most important one.
The eighth is the most important one.
The ninth is the most important one.
The tenth is the most important one.
The eleventh is the most important one.
The twelfth is the most important one.
The thirteenth is the most important one.
The fourteenth is the most important one.
The fifteenth is the most important one.
The sixteenth is the most important"
"Who is the American Actor who starred in Wife, Mother, Murderer?","Who is the American Actor who starred in Wife, Mother, Murderer?","Who is the American Actor who starred in Wife, Mother, Murderer?
Let's think step by step.","Q: Who is the American Actor who starred in Wife, Mother, Murderer?
Let's think step by step.

A. The actor is a white male.
B. The actor is a white male.
C. The actor is a white male.
D. The actor is a white male.
E. The actor is a white male.

A. The actor is a white male.
B. The actor is a white male.
C. The actor is a white male.
D. The actor is a white male.
E. The actor is a white male.

A. The actor is a white male.
B. The actor is a white male.
C. The actor is a white male.
D. The actor is a white male.
E. The actor is a"
Corridor of Mirrors was the first film for the character actor of what nationality?,Corridor of Mirrors was the first film for the character actor of what nationality?,"Corridor of Mirrors was the first film for the character actor of what nationality?
Let's think step by step.","Q: Corridor of Mirrors was the first film for the character actor of what nationality?
Let's think step by step.

A:

The most obvious answer is that he is from a foreign country, and is being portrayed by a foreign actor, so it's not a question of nationality.

A:

The actor is from a foreign country, but he's playing a character from a different country, so it's not a question of nationality.
There are a few possible reasons for this.

The actor was born in a foreign country and was raised there.
The actor was born in a foreign country and was raised there.
The actor was born in a foreign country and was raised there.
The actor was born in a foreign country and was raised there.
The actor was born in a foreign country and was raised"
how much to insulate your crawl space per square foot,how much to insulate your crawl space per square foot,"how much to insulate your crawl space per square foot
Let's think step by step.","Q: how much to insulate your crawl space per square foot
Let's think step by step.

A: Insulate your crawl space per square foot.

Let's start with a square foot.

A square foot is the amount of space that you can expect to be able to use in a given area.

A square foot is the amount of space that you can expect to use in a given area.

How much space should you insulate?

How much space should you insulate?

What does the insulating factor mean?

What does the insulating factor mean?

The insulating factor is the amount of insulation that you can expect to use in a given area.

The insulating factor is the amount of insulation that you can expect to use in a given"
"Viru Viru International Airport in Santa Cruz de la Sierra, Bolivia is Bolivia's largest international airport, and is the hub for Bolivia's biggest airline, often referred to as simply BoA, is called what, and is the flag carrier airline of the Plurinational State of Bolivia, and is wholly owned by the country's government?","Viru Viru International Airport in Santa Cruz de la Sierra, Bolivia is Bolivia's largest international airport, and is the hub for Bolivia's biggest airline, often referred to as simply BoA, is called what, and is the flag carrier airline of the Plurinational State of Bolivia, and is wholly owned by the country's government?","Viru Viru International Airport in Santa Cruz de la Sierra, Bolivia is Bolivia's largest international airport, and is the hub for Bolivia's biggest airline, often referred to as simply BoA, is called what, and is the flag carrier airline of the Plurinational State of Bolivia, and is wholly owned by the country's government?
Let's think step by step.","Q: Viru Viru International Airport in Santa Cruz de la Sierra, Bolivia is Bolivia's largest international airport, and is the hub for Bolivia's biggest airline, often referred to as simply BoA, is called what, and is the flag carrier airline of the Plurinational State of Bolivia, and is wholly owned by the country's government?
Let's think step by step.
The airport is located in Santa Cruz de la Sierra, the second largest city in Bolivia, and is the airport of Bolivia's capital city, La Paz.
The airport is located in the Plurinational State of Bolivia.

A:

The airport is located in the Plurinational State of Bolivia.

Yes, it is. The airport is located in the Plurinational State of Bolivia.

The airport is called Viru Viru International Airport.

Yes, it is. The airport is called Viru Viru International Airport.

The airport is called Viru Viru International Airport.

The airport is called Viru Viru International Airport.

The airport is called Vir"
"Between Matt Brookens and Fielder Cook, who had more diverse job experiences?","Between Matt Brookens and Fielder Cook, who had more diverse job experiences?","Between Matt Brookens and Fielder Cook, who had more diverse job experiences?
Let's think step by step.","Q: Between Matt Brookens and Fielder Cook, who had more diverse job experiences?
Let's think step by step.

Matt Brookens, for example, was the founder and CEO of Cineplex Entertainment, a company that developed and built digital distribution and distribution infrastructure for independent cinemas and other movie-related businesses. Brookens was a producer, director and co-writer on the movie ""The Revenant"" (2016) which grossed over $700 million worldwide.

Fielder Cook, for example, was the founder and CEO of the company that was responsible for building the first digital cinema chain, Cineworld, which was the first and largest in the world, and has since grown to include theaters throughout the United States and Canada.

What is your thought on the question?

A:

A little off topic,"
Is Andres Pastrana Arango the current holder of the presidency in Colombia?,Is Andres Pastrana Arango the current holder of the presidency in Colombia?,"Is Andres Pastrana Arango the current holder of the presidency in Colombia?
Let's think step by step.","Q: Is Andres Pastrana Arango the current holder of the presidency in Colombia?
Let's think step by step.

Q: We are going to have a new president for Colombia.

A: Andres Pastrana Arango is the current president of Colombia.

Q: And who is Andres Pastrana Arango?

A: Andres Pastrana Arango is the current president of Colombia.

Q: Is Andres Pastrana Arango the current holder of the presidency in Colombia?

A: Andres Pastrana Arango is the current holder of the presidency in Colombia.

Q: Is Andres Pastrana Arango the current holder of the presidency in Colombia?

A: Andres Pastrana Arango is the current holder of the presidency in Colombia."
What is Jamie Whincup's personal name that is said to be different from Jakov?,What is Jamie Whincup's personal name that is said to be different from Jakov?,"What is Jamie Whincup's personal name that is said to be different from Jakov?
Let's think step by step.","Q: What is Jamie Whincup's personal name that is said to be different from Jakov?
Let's think step by step.
Jakov is the name of a man, a boy, a boy, a boy, a boy, a boy, a boy, a boy, a boy, a boy, a boy, a boy, a boy, a boy, a boy, a boy, a boy, a boy, a boy, a boy, a boy, a boy, a boy, a boy, a boy, a boy, a boy, a boy, a boy, a boy, a boy, a boy, a boy, a boy, a boy, a boy, a boy, a boy, a boy, a boy, a boy, a boy, a boy, a boy, a boy, a boy, a boy, a"
"Which location has a larger population, the Jiangdu District or Hailun?","Which location has a larger population, the Jiangdu District or Hailun?","Which location has a larger population, the Jiangdu District or Hailun?
Let's think step by step.","Q: Which location has a larger population, the Jiangdu District or Hailun?
Let's think step by step.
A. The Jiangdu District
B. Hailun

A. The Jiangdu District

The Jiangdu District is the capital of Jiangxi Province. It is a district which is located in the south of Jiangxi Province, which is one of the three provinces of China. Jiangxi Province is located in the south of China. Jiangxi is the second largest province in China after Fujian. The Jiangxi is one of the three provinces of China which have a population of more than 10 million people. The Jiangxi is also known as Jiangsu Province. The Jiangxi has a lot of scenic spots which can be seen from the city. The Jiangxi is also known as a beautiful province. The Jiangxi has a rich"
What 1998 black comedy film was directed by Peter Berg?,What 1998 black comedy film was directed by Peter Berg?,"What 1998 black comedy film was directed by Peter Berg?
Let's think step by step.","Q: What 1998 black comedy film was directed by Peter Berg?
Let's think step by step.
1) 1998 black comedy film directed by Peter Berg.
2) 1998 black comedy film starring Peter Berg and Nicole Kidman.
3) 1998 black comedy film starring Peter Berg and Nicole Kidman.
4) 1998 black comedy film starring Peter Berg and Nicole Kidman.
5) 1998 black comedy film starring Peter Berg and Nicole Kidman.
6) 1998 black comedy film starring Peter Berg and Nicole Kidman.
7) 1998 black comedy film starring Peter Berg and Nicole Kidman.
8) 1998 black comedy film starring Peter Berg and Nicole Kidman.
9) 1998 black comedy film starring Peter Berg and Nicole Kidman.
10) 1998 black comedy film starring Peter Berg and Nicole Kidman.
11)"
how many pharmacy technicians per pharmacist,how many pharmacy technicians per pharmacist,"how many pharmacy technicians per pharmacist
Let's think step by step.","Q: how many pharmacy technicians per pharmacist
Let's think step by step.

A pharmacy technician is a pharmacist who prepares and dispenses prescription drugs.
A pharmacy technician is a pharmacist who is responsible for the maintenance and operation of the pharmacy and its pharmacy equipment.

The pharmacist's responsibility is to maintain the pharmacy, to provide the pharmacy with equipment and supplies, to maintain the pharmacy's inventory, to provide the pharmacy with customer service, to administer medication, and to perform routine tasks as assigned.

The pharmacy technician is responsible for performing the following:

providing the pharmacy with all pharmacy equipment and supplies, including the following:

a pharmacy inventory and a list of the pharmacy's inventory items

the pharmacy's medication, including all of the prescription drugs, and all supplies"
"Sooo Many White Guys is a podcast hosted by who, the podcast executive producer is Ilana Glazer, an American comedian, writer, and actress?","Sooo Many White Guys is a podcast hosted by who, the podcast executive producer is Ilana Glazer, an American comedian, writer, and actress?","Sooo Many White Guys is a podcast hosted by who, the podcast executive producer is Ilana Glazer, an American comedian, writer, and actress?
Let's think step by step.","Q: Sooo Many White Guys is a podcast hosted by who, the podcast executive producer is Ilana Glazer, an American comedian, writer, and actress?
Let's think step by step.

1. Who is Ilana Glazer?

2. What is the podcast about?

3. Who is Ilana Glazer?

4. Why is the podcast called Sooo Many White Guys?

5. Why is the podcast called Sooo Many White Guys?

6. Is there anything else you should know about the podcast?

7. Is there anything else you should know about the podcast?

8. Why is the podcast called Sooo Many White Guys?

9. Why is the podcast called Sooo Many White Guys?

10. Is there anything else you should know about the podcast?

11. Is there anything else you should know about the"
Who builds the Airbus A380 and what material is it made out of?,Who builds the Airbus A380 and what material is it made out of?,"Who builds the Airbus A380 and what material is it made out of?
Let's think step by step.","Q: Who builds the Airbus A380 and what material is it made out of?
Let's think step by step.

Q What is the main structure of the Airbus A380?
A The A380 is the world's largest passenger airliner, with a length of 7.4m and a width of 5.5m. It is a high-wing, low-drag, low-cost, long-range aircraft. It is the world's first and only commercial jetliner capable of operating at the highest speed (up to Mach 3.5) and the lowest fuel consumption (down to 0.5 litre/hr).
Q What are the main materials used for the Airbus A380?
A The Airbus A380 is made of titanium, aluminium, and composites. The aircraft is built out of a composite skin, which is"
what does hijama cure,what does hijama cure,"what does hijama cure
Let's think step by step.","Q: what does hijama cure
Let's think step by step.
Step 1.
1.1.
2.
2.1.
3.
3.1.
4.
4.1.
5.
5.1.
6.
6.1.
7.
7.1.
8.
8.1.
9.
9.1.
10.
10.1.

What does hijama cure?

A:

Hijama is the most common name for the herb that grows in the wild. It is native to the islands of Indonesia and Malaysia.
Hijama is a root that grows in the ground and is used to treat a number of illnesses. It is also used in"
"The Samford Bulldogs are the 17 varsity teams (8 men's and 9 women's), recording championships from men's and women's track, men's and women's basketball, softball, baseball, soccer, volleyball, football, and men's and women's tennis that represent Samford University, the school is a member of the Southern Conference in Division I of the NCAA (FCS in football), after moving from 2008, to which collegiate athletic conference which operates in the Midwestern and Southeastern United States?","The Samford Bulldogs are the 17 varsity teams (8 men's and 9 women's), recording championships from men's and women's track, men's and women's basketball, softball, baseball, soccer, volleyball, football, and men's and women's tennis that represent Samford University, the school is a member of the Southern Conference in Division I of the NCAA (FCS in football), after moving from 2008, to which collegiate athletic conference which operates in the Midwestern and Southeastern United States?","The Samford Bulldogs are the 17 varsity teams (8 men's and 9 women's), recording championships from men's and women's track, men's and women's basketball, softball, baseball, soccer, volleyball, football, and men's and women's tennis that represent Samford University, the school is a member of the Southern Conference in Division I of the NCAA (FCS in football), after moving from 2008, to which collegiate athletic conference which operates in the Midwestern and Southeastern United States?
Let's think step by step.","Q: The Samford Bulldogs are the 17 varsity teams (8 men's and 9 women's), recording championships from men's and women's track, men's and women's basketball, softball, baseball, soccer, volleyball, football, and men's and women's tennis that represent Samford University, the school is a member of the Southern Conference in Division I of the NCAA (FCS in football), after moving from 2008, to which collegiate athletic conference which operates in the Midwestern and Southeastern United States?
Let's think step by step.
Step 1: What is the NCAA Division I FCS Division II Division III FCS Division IV FCS Division I FCS Division II FCS Division III FCS Division IV FCS Division I FCS Division II FCS Division III FCS Division IV FCS Division I FCS Division II FCS Division III FCS Division IV FCS Division I FCS Division II FCS Division III FCS Division IV FCS Division I FCS Division II FCS Division III FCS Division IV FCS Division I FCS Division II FCS Division III FCS Division IV FCS Division I FCS Division II FCS Division III FCS Division IV FCS Division I FCS Division II FCS Division III FCS Division IV FCS"
"How many kilometers is the coastal town, located within the Electoral district of Gosford, north of Sydney?","How many kilometers is the coastal town, located within the Electoral district of Gosford, north of Sydney?","How many kilometers is the coastal town, located within the Electoral district of Gosford, north of Sydney?
Let's think step by step.","Q: How many kilometers is the coastal town, located within the Electoral district of Gosford, north of Sydney?
Let's think step by step.

Q. How many kilometers is the coastal town, located within the Electoral district of Gosford, north of Sydney?
A. 6,766.
Q. How many kilometers is the coastal town, located within the Electoral district of Gosford, north of Sydney?
A. 6,766.
Q. How many kilometers is the coastal town, located within the Electoral district of Gosford, north of Sydney?
A. 6,766.
Q. How many kilometers is the coastal town, located within the Electoral district of Gosford, north of Sydney?
A. 6,766.
Q. How many kilometers is the coastal town, located within the Electoral district of Gosford, north"
What is the name of the {spacecraft} which has carried {man} and completed the {largest number of orbits}?,What is the name of the {spacecraft} which has carried {man} and completed the {largest number of orbits}?,"What is the name of the {spacecraft} which has carried {man} and completed the {largest number of orbits}?
Let's think step by step.","Q: What is the name of the {spacecraft} which has carried {man} and completed the {largest number of orbits}?
Let's think step by step.

The {spacecraft} has not been destroyed, but it has been damaged and its {orbit} has been changed.
The {spacecraft} has not been destroyed, but its {orbit} has been destroyed.
The {spacecraft} has not been destroyed, but its {orbit} has been destroyed.
The {spacecraft} has not been destroyed, but its {orbit} has been destroyed.
The {spacecraft} has not been destroyed, but its {orbit} has been destroyed.
The {spacecraft} has not been destroyed, but its {orbit} has been destroyed.

A:

The most probable answer is ""The MOM"".  This is the name of the M"
What role did Danny Stanton have when he was a member of the Chicago Outfit?,What role did Danny Stanton have when he was a member of the Chicago Outfit?,"What role did Danny Stanton have when he was a member of the Chicago Outfit?
Let's think step by step.","Q: What role did Danny Stanton have when he was a member of the Chicago Outfit?
Let's think step by step. When did the Chicago Outfit start?
A: In the summer of 1966.
Q: Was it a gang, or did it become a gang?
A: It became a gang in 1966.
Q: Who started the gang?
A: Danny Stanton.
Q: Did he start the gang?
A: He started the gang.
Q: How did he start it?
A: He started it with his own money.
Q: Was it a gang that was formed by the Outfit?
A: Yes, it was.
Q: What was the purpose of the gang?
A: To help the Outfit.
Q: Did you see the gang as a gang?
A"
how old do you have to be to get a job in wisconsin,how old do you have to be to get a job in wisconsin,"how old do you have to be to get a job in wisconsin
Let's think step by step.","Q: how old do you have to be to get a job in wisconsin
Let's think step by step.

A: What does it take to get a job in Wisconsin?

A: A lot.

A:

A:

A:

A:

A:

A:

A:

A:

A:

A:

A:

A:

A:

A:

A:

A:

A:

A:

A:

A:

A:

A:

A:

A:

A:

A:

A:

A:

A:

A:

A:

A:"
canadian will kit cost,canadian will kit cost,"canadian will kit cost
Let's think step by step.","Q: canadian will kit cost
Let's think step by step.
A Canadian will kit costs $100.
A US will kit costs $100.
A British will kit costs $100.
A US will kit costs $100.
A Canadian will kit costs $100.

A:

The first step is to think about the costs.

The cost of the will kit varies with the amount of time and effort you put into making it.

For example, if you put in $100 to make a will kit, it will cost you $100.
If you put in $100 to make a will kit, it will cost you $100.
If you put in $100 to make a will kit, it will cost you $100.

So"
screen room cost,screen room cost,"screen room cost
Let's think step by step.","Q: screen room cost
Let's think step by step.

If I have two rooms with a total of 5 people, and I have a room with 6 people, and I have another room with 7 people, and I have another room with 8 people, and I have another room with 9 people, and I have another room with 10 people, and I have another room with 11 people, and I have another room with 12 people, and I have another room with 13 people, and I have another room with 14 people, and I have another room with 15 people, and I have another room with 16 people, and I have another room with 17 people, and I have another room with 18 people, and I have another room with 19 people, and I have another room with 20 people, and"
what is epns metal,what is epns metal,"what is epns metal
Let's think step by step.","Q: what is epns metal
Let's think step by step.
First, the epns metal is a very special kind of metal, it's a very special kind of metal, and that's because it is made of the same atoms that make up the metal. It is a very special kind of metal that, because of its special properties, can be used in a very special way. For example, it can be used to make a very special kind of laser. It is very special.
It's very special because it can be made into a very special kind of laser.
You see, when you think about the way in which epns metal works, you see that it is very special because it can be made into a very special kind of laser.
So, it's very special because"
When did a previous president and chief executive of TNK-BP replace Tony Hayward?,When did a previous president and chief executive of TNK-BP replace Tony Hayward?,"When did a previous president and chief executive of TNK-BP replace Tony Hayward?
Let's think step by step.","Q: When did a previous president and chief executive of TNK-BP replace Tony Hayward?
Let's think step by step.

Q: President and chief executive of TNK-BP was Mr. Tony Hayward.

A: Yes, it was.

Q: And when did he replace Mr. Tony Hayward?

A: Mr. Tony Hayward had been the chief executive and president of TNK-BP since December 31, 2011.

Q: So you mean that Mr. Tony Hayward had been the chief executive and president of TNK-BP since December 31, 2011.

A: Yes.

Q: And you say that Mr. Tony Hayward was the chief executive and president of TNK-BP since December 31, 2011.

A: Yes.

Q: And you say that Mr. Tony"
how long to become pharmacist,how long to become pharmacist,"how long to become pharmacist
Let's think step by step.","Q: how long to become pharmacist
Let's think step by step.
I have to choose a pharmacist because I have to go to the pharmacy, I have to fill the prescription and I have to do the test.
I have to choose the pharmacist, because I have to go to the pharmacy, I have to fill the prescription and I have to do the test.
I have to choose the pharmacist, because I have to go to the pharmacy, I have to fill the prescription and I have to do the test.
I have to choose the pharmacist, because I have to go to the pharmacy, I have to fill the prescription and I have to do the test.
I have to choose the pharmacist, because I have to go to the pharmacy, I have to fill the"
what is the device called that does lithotripsy,what is the device called that does lithotripsy,"what is the device called that does lithotripsy
Let's think step by step.","Q: what is the device called that does lithotripsy
Let's think step by step.
Step 1: A thin film of a liquid (say water) is dropped onto the surface of a
  flat surface (say a mirror).
Step 2: The surface is then moved so that the liquid is being scraped off the
  surface of the mirror.
Step 3: The liquid is then allowed to evaporate.
Step 4: The liquid on the surface of the mirror is then scraped off.
Step 5: The liquid is allowed to evaporate.
Step 6: The liquid is scraped off the surface of the mirror.
Step 7: The liquid is then allowed to evaporate.
Step 8: The liquid on the surface of the mirror is then scraped off.
Step 9:"
Is the earthquake magnitude on the Richter magnitude scale of the 1909 Lambesc earthquake equal to 6.2?,Is the earthquake magnitude on the Richter magnitude scale of the 1909 Lambesc earthquake equal to 6.2?,"Is the earthquake magnitude on the Richter magnitude scale of the 1909 Lambesc earthquake equal to 6.2?
Let's think step by step.","Q: Is the earthquake magnitude on the Richter magnitude scale of the 1909 Lambesc earthquake equal to 6.2?
Let's think step by step.
1. The earthquake was not a magnitude 6.2 earthquake.
2. The earthquake was not a magnitude 6.2 earthquake.
3. The earthquake was not a magnitude 6.2 earthquake.
4. The earthquake was not a magnitude 6.2 earthquake.
5. The earthquake was not a magnitude 6.2 earthquake.
6. The earthquake was not a magnitude 6.2 earthquake.
7. The earthquake was not a magnitude 6.2 earthquake.
8. The earthquake was not a magnitude 6.2 earthquake.
9. The earthquake was not a magnitude 6.2 earthquake.
10. The earthquake was not a magnitude 6.2 earthquake.
11. The earthquake was not a magnitude 6"
G7 Research Group gives information about issues affecting what political forum?,G7 Research Group gives information about issues affecting what political forum?,"G7 Research Group gives information about issues affecting what political forum?
Let's think step by step.","Q: G7 Research Group gives information about issues affecting what political forum?
Let's think step by step.

A: In the USA, there are several political forums that can be used to discuss political issues. The first one is the Presidential Debate. The other ones are the Congressional Debate, the State of the Union Debate, the Presidential Inauguration Debate, the Presidential Primaries Debate, the Congressional Primaries Debate, the State of the Union Debate, the Presidential Inauguration Primaries Debate, the Presidential Primaries Primaries Debate, the State of the Union Primaries Primaries Debate, the Congressional Primaries Primaries Debate, the Presidential Primaries Primaries Primaries Debate, the State of the Union Primaries Primaries Primaries Debate, the Congressional Primaries Primaries Primaries Primaries Debate, the Presidential Primaries Primaries Primaries"
"The 329th Combat Crew Training Squadronwas inactivated at a base located how far from Sacramento, California ?","The 329th Combat Crew Training Squadronwas inactivated at a base located how far from Sacramento, California ?","The 329th Combat Crew Training Squadronwas inactivated at a base located how far from Sacramento, California ?
Let's think step by step.","Q: The 329th Combat Crew Training Squadronwas inactivated at a base located how far from Sacramento, California ?
Let's think step by step.

A: The 329th CCTS was inactivated in late 1991.  It was located at an airfield in California's Central Valley.

Q: How far from Sacramento, California was the base?
A: It was in the Central Valley of California.

Q: How many CCTS's were there?
A: There were three CCTS's, all of which were inactivated in 1991.  They were the 329th CCTS, the 330th CCTS and the 329th CCTS, which was located at a base in California's Central Valley.

Q: What was the last year that they were inactivated?
A: It was 1991.

"
how fast does tax refund deposit,how fast does tax refund deposit,"how fast does tax refund deposit
Let's think step by step.","Q: how fast does tax refund deposit
Let's think step by step.

A. What is tax refund deposit?

It is the amount that is paid by the taxpayers to the government after they get their tax refund.

It is the amount that is paid by the taxpayers to the government after they get their tax refund.

B. What is tax refund?

It is the amount that is paid by the taxpayers to the government after they get their tax refund.

C. What is tax refund deposit?

It is the amount that is paid by the taxpayers to the government after they get their tax refund.

D. What is tax refund?

It is the amount that is paid by the taxpayers to the government after they get their tax refund.

"
teamlease contact number,teamlease contact number,"teamlease contact number
Let's think step by step.","Q: teamlease contact number
Let's think step by step.

Step 1: 

We will create a teamlease contact number for you.

Step 2: 

You will be contacted by our team.

Step 3: 

You will be requested to send us your contact information.

Step 4: 

You will be asked to verify the contact information.

Step 5: 

You will be given a phone number for your contact.

Step 6: 

You will be given an email address for your contact.

Step 7: 

You will be given a password for your contact.

Step 8: 

We will be in touch with you to get your contact information.
"
What sport do both Ralf Zumdick and VfL Bochum have in common?,What sport do both Ralf Zumdick and VfL Bochum have in common?,"What sport do both Ralf Zumdick and VfL Bochum have in common?
Let's think step by step.","Q: What sport do both Ralf Zumdick and VfL Bochum have in common?
Let's think step by step.

Ralf Zumdick: We have the same passion for soccer. We are both very passionate fans of the beautiful game.

VfL Bochum: We are both very passionate fans of the beautiful game.

Ralf Zumdick: We are both very passionate fans of the beautiful game.

VfL Bochum: We are both very passionate fans of the beautiful game.

Ralf Zumdick: We are both very passionate fans of the beautiful game.

VfL Bochum: We are both very passionate fans of the beautiful game.

Ralf Zumdick: We are both very passionate fans of the beautiful game.

"
how much does a fbi agent make per month,how much does a fbi agent make per month,"how much does a fbi agent make per month
Let's think step by step.","Q: how much does a fbi agent make per month
Let's think step by step.

A: it depends.

F: what's the number of agents in the fbi?
A: it depends.

F: How many agents are in the fbi?
A: It depends.

F: How many agents are in the fbi?
A: it depends.

F: How many agents are in the fbi?
A: It depends.

F: How many agents are in the fbi?
A: It depends.

F: How many agents are in the fbi?
A: It depends.

F: How many agents are in the fbi?
A: It depends.

F: How many agents are"
how to transcribe a dna sequence into rna,how to transcribe a dna sequence into rna,"how to transcribe a dna sequence into rna
Let's think step by step.","Q: how to transcribe a dna sequence into rna
Let's think step by step.

Step 1:

Start with the sequence you want to transcribe.

Step 2:

Find the corresponding nucleotides in the original sequence.

Step 3:

Transcribe the nucleotides according to the rules.

Step 4:

Transcribe the resulting sequence.

Step 5:

Compare the results with the original sequence.

Step 6:

Compare the results with the known sequence.

Step 7:

Continue the process until you reach the end of the sequence.

Step 8:

Repeat the steps in step 6 and step 7 until you reach the end of the sequence.

Step 9:

Trans"
what is hydrogen made of,what is hydrogen made of,"what is hydrogen made of
Let's think step by step.","Q: what is hydrogen made of
Let's think step by step.
We have a number of protons, and
We have a number of neutrons.
We have a number of electrons.
We have an atom.
We have a molecule.
We have a molecule.
We have a molecule.
We have a molecule.
We have a molecule.
We have a molecule.
We have a molecule.
We have a molecule.
We have a molecule.
We have a molecule.
We have a molecule.
We have a molecule.
We have a molecule.
We have a molecule.
We have a molecule.
We have a molecule.
We have a molecule.
We have a molecule.
We have a molecule.
We have"
when is your pregnancy safe from miscarriage,when is your pregnancy safe from miscarriage,"when is your pregnancy safe from miscarriage
Let's think step by step.","Q: when is your pregnancy safe from miscarriage
Let's think step by step.

Q1. If you have your first child, is it possible to conceive again in the same year?

A1. I think it is possible to conceive again in the same year. It depends on the type of the pregnancy, the woman, and the time of the pregnancy.

Q2. Are there any special conditions which are necessary for a woman to be able to conceive again in the same year?

A2. I think that the woman needs to have a healthy body, a healthy mind, and a healthy body, a healthy mind, and a healthy body.

Q3. Is it possible to conceive again in the same year even if the woman is not fertile?

A3."
what does TPM mean,what does TPM mean,"what does TPM mean
Let's think step by step.","Q: what does TPM mean
Let's think step by step.
TPM stands for True Portfolio Management. It is a system that lets you track your investments in your own portfolio and compare them with investments in other portfolios.
This is very important to know because it helps you decide when you should sell.
TPM helps you make money from your investments.
Let's think step by step.
1. You have a portfolio of stocks, bonds, mutual funds, etc.
2. You decide to sell some of your holdings and you want to know how much money you will make
3. You decide to sell some of your holdings and you want to know how much money you will make
4. You decide to sell some of your holdings and you want to know how much money you"
carpet labor cost,carpet labor cost,"carpet labor cost
Let's think step by step.","Q: carpet labor cost
Let's think step by step.
We have an area with 3 rows of 3 carpet tiles and 1 row of 1 carpet tile.
The area is 10 square meters.
The cost is $1.
We have to pay $100 for carpet labor.
The total cost of the job is $100 + $100 + $100 = $200.
The labor cost is $50.
The total cost is $200 + $50 + $200 = $350.
The labor cost is $50.
The total cost is $350 + $50 + $350 = $550.
The labor cost is $50.
The total cost is $550 + $50 + $550 = $900.
The labor cost is $50.
"
cost of alprazolam,cost of alprazolam,"cost of alprazolam
Let's think step by step.","Q: cost of alprazolam
Let's think step by step.
First of all, we have the drug substance
$\ce{C10H12N2O7}$
And we want to get the molecular weight of the substance
$\ce{C10H12N2O7}$
$\ce{Mw}$
$\ce{Mw} = \ce{[M]*[M]}$
$\ce{Mw} = \ce{[M]*[M]} = \ce{[M]}*\ce{[M]}$
$\ce{Mw} = \ce{[M]}*\ce{[M]} = \ce{[M]}$
$\ce{"
"What movie cast by Bernard Telsey was based on William Shakespeare's play ""Twelfth Night""?","What movie cast by Bernard Telsey was based on William Shakespeare's play ""Twelfth Night""?","What movie cast by Bernard Telsey was based on William Shakespeare's play ""Twelfth Night""?
Let's think step by step.","Q: What movie cast by Bernard Telsey was based on William Shakespeare's play ""Twelfth Night""?
Let's think step by step.
A. The film is based on a play by William Shakespeare.
B. The film is based on the story of a young girl named Olivia who goes to live with her uncle, a doctor, in the country.
C. The film is based on the story of a young girl named Olivia who goes to live with her uncle, a doctor, in the country.
D. The film is based on the story of a young girl named Olivia who goes to live with her uncle, a doctor, in the country.
E. The film is based on the story of a young girl named Olivia who goes to live with her uncle, a doctor, in the country.
F. The film is based on the story of a"
Who won the Kool Championship in the 1997 race utilizing Toyota's in-house engines?,Who won the Kool Championship in the 1997 race utilizing Toyota's in-house engines?,"Who won the Kool Championship in the 1997 race utilizing Toyota's in-house engines?
Let's think step by step.","Q: Who won the Kool Championship in the 1997 race utilizing Toyota's in-house engines?
Let's think step by step.
The first was the 1996 race.
The second was the 1997 race.
The third was the 1998 race.
The fourth was the 1999 race.
The fifth was the 2000 race.
The sixth was the 2001 race.
The seventh was the 2002 race.
The eighth was the 2003 race.
The ninth was the 2004 race.
The tenth was the 2005 race.
The eleventh was the 2006 race.
The twelfth was the 2007 race.
The thirteenth was the 2008 race.
The fourteenth was the 2009 race.
The fifteenth was the 2010 race.
The sixteenth was the 2011 race.
The seventeenth was the 2012 race.
The eighteenth was the 2013"
how long is a long term bank loan,how long is a long term bank loan,"how long is a long term bank loan
Let's think step by step.","Q: how long is a long term bank loan
Let's think step by step.

A: This is a long term loan.

B: How long is a long term loan?

A: This is a long term loan.

B: How long is a long term loan?

A: This is a long term loan.

B: How long is a long term loan?

A: This is a long term loan.

B: How long is a long term loan?

A: This is a long term loan.

B: How long is a long term loan?

A: This is a long term loan.

B: How long is a long term loan?

A: This is a long term loan.
"
Which school located at Korle Bu Teaching Hospital employed Charles Odamtten Easmon?,Which school located at Korle Bu Teaching Hospital employed Charles Odamtten Easmon?,"Which school located at Korle Bu Teaching Hospital employed Charles Odamtten Easmon?
Let's think step by step.","Q: Which school located at Korle Bu Teaching Hospital employed Charles Odamtten Easmon?
Let's think step by step.

A: This is the third year in a row that Charles Odamtten Easmon, a well-known psychiatrist in the Netherlands, has been employed by the teaching hospital at Korle Bu in Arnhem, The Netherlands.

B: Charles Odamtten Easmon (1892–1968) was a psychiatrist and psychoanalyst who became famous for his analysis of the psychopathic personality.

C: Charles Odamtten Easmon was born on February 24, 1892, in Amsterdam, Netherlands, and was raised in a Jewish family. He studied medicine at the University of Amsterdam and worked in the psychiatric hospital in Amsterdam. He moved to the Netherlands in 1917 to work in the psychiatric hospital at the University of Leiden"
who constructed the taj mahal,who constructed the taj mahal,"who constructed the taj mahal
Let's think step by step.","Q: who constructed the taj mahal
Let's think step by step.
First we have to understand the basic concept of the Taj Mahal.
The Taj Mahal is the largest building in the world.
The Taj Mahal is the largest building in the world.
The Taj Mahal is the largest building in the world.
The Taj Mahal is the largest building in the world.
The Taj Mahal is the largest building in the world.
The Taj Mahal is the largest building in the world.
The Taj Mahal is the largest building in the world.
The Taj Mahal is the largest building in the world.
The Taj Mahal is the largest building in the world.
The Taj Mahal is the largest building in the world.
The Taj Mahal"
"The 2012 Aircel Chennai Open was a 2012 ATP World Tour tennis tournament, played on outdoor hard courts, doubles title went to the Indo-Serb pair of Janko Tipsarević, and which Indian professional tennis player, born on 17 June 1973?","The 2012 Aircel Chennai Open was a 2012 ATP World Tour tennis tournament, played on outdoor hard courts, doubles title went to the Indo-Serb pair of Janko Tipsarević, and which Indian professional tennis player, born on 17 June 1973?","The 2012 Aircel Chennai Open was a 2012 ATP World Tour tennis tournament, played on outdoor hard courts, doubles title went to the Indo-Serb pair of Janko Tipsarević, and which Indian professional tennis player, born on 17 June 1973?
Let's think step by step.","Q: The 2012 Aircel Chennai Open was a 2012 ATP World Tour tennis tournament, played on outdoor hard courts, doubles title went to the Indo-Serb pair of Janko Tipsarević, and which Indian professional tennis player, born on 17 June 1973?
Let's think step by step.

A: The ATP World Tour is a series of tournaments organised by the International Tennis Federation (ITF) which are open to men and women, and the ATP World Tour Finals are the top level of the tennis tour.

Q: What is the ATP World Tour?
A: The ATP World Tour is a series of tennis tournaments organised by the International Tennis Federation (ITF). The ATP World Tour Finals are the top level of the tennis tour.

Q: Which ATP World Tour events are there?
A: There are 23 ATP World Tour events in total.

Q: What is the ATP World Tour Finals?
A: The ATP World Tour Finals is the top level of the tennis tour.

"
What position did Gregory II hold when he was 89?,What position did Gregory II hold when he was 89?,"What position did Gregory II hold when he was 89?
Let's think step by step.","Q: What position did Gregory II hold when he was 89?
Let's think step by step.

Gregory II was born in the year 943. He was a child of the Emperor
  Constantine VII. He was a member of the Roman clergy and a descendant of
  the family of the Emperor Trajan. He was a son of the Emperor
  Constantine VII and a grandson of the Emperor Constantine IX.

The Emperor Constantine VII was a great emperor. He was a son of the Emperor Trajan and a grandson of the Emperor Constantine IX.

What is the position of Gregory II?

He was the first Emperor of the Byzantine Empire.

He was born in 943.

He was a child of the Emperor Constantine VII.

He was a descendant of the Emperor Constantine IX"
Who directed the upcoming movie that Robinne Lee appears in?,Who directed the upcoming movie that Robinne Lee appears in?,"Who directed the upcoming movie that Robinne Lee appears in?
Let's think step by step.","Q: Who directed the upcoming movie that Robinne Lee appears in?
Let's think step by step.

1. The movie will be about a girl who is a very strong girl and a very strong person, and she has a very strong will to live, and she is trying to be a hero.
2. Robinne Lee is a girl that is very strong and strong in the way she fights.
3. The girl that is the protagonist of the movie is also the daughter of a powerful man.
4. The girl that is the protagonist of the movie is a very strong person.
5. The girl that is the protagonist of the movie is very strong and a very strong person, and she fights very well.
6. The girl that is the protagonist of the movie is a very strong girl.
7."
when is thanksgiving day,when is thanksgiving day,"when is thanksgiving day
Let's think step by step.","Q: when is thanksgiving day
Let's think step by step.

Thank you, and thank you, and thank you, and thank you, and thank you.

And, yes, thank you, and thank you, and thank you, and thank you.

Thank you, and thank you, and thank you, and thank you.

Thank you, and thank you, and thank you, and thank you.

Thank you, and thank you, and thank you, and thank you.

Thank you, and thank you, and thank you, and thank you.

Thank you, and thank you, and thank you, and thank you.

Thank you, and thank you, and thank you, and thank you.

Thank you, and"
Is it true that the fiscal/tax revenue of Daguioman is less than 40873085.264?,Is it true that the fiscal/tax revenue of Daguioman is less than 40873085.264?,"Is it true that the fiscal/tax revenue of Daguioman is less than 40873085.264?
Let's think step by step.","Q: Is it true that the fiscal/tax revenue of Daguioman is less than 40873085.264?
Let's think step by step.
(1) The tax revenue of Daguioman is 0. The total revenue of the county is 5.
(2) The tax revenue of Daguioman is 40873085.264.
(3) The tax revenue of Daguioman is less than 40873085.264.
(4) The tax revenue of Daguioman is less than 40873085.264.
(5) The tax revenue of Daguioman is less than 40873085.264.
(6) The tax revenue of Daguioman is less than 40873085.264.
(7) The tax revenue of Daguioman is less than 40873085.264.
(8"
what postal address is stellenbosch,what postal address is stellenbosch,"what postal address is stellenbosch
Let's think step by step.","Q: what postal address is stellenbosch
Let's think step by step.
a. what is stellenbosch?
b. what is stellenbosch?
c. what is stellenbosch?
d. what is stellenbosch?
e. what is stellenbosch?
f. what is stellenbosch?
g. what is stellenbosch?
h. what is stellenbosch?
i. what is stellenbosch?
j. what is stellenbosch?
k. what is stellenbosch?
l. what is stellenbosch?
m. what is stellenbosch?
n. what is stellenbosch?
o. what is stellenbosch?"
the NASA space radiation Laboratory and the National Weather Service weather forecast office are both located in what part of New York?,the NASA space radiation Laboratory and the National Weather Service weather forecast office are both located in what part of New York?,"the NASA space radiation Laboratory and the National Weather Service weather forecast office are both located in what part of New York?
Let's think step by step.","Q: the NASA space radiation Laboratory and the National Weather Service weather forecast office are both located in what part of New York?
Let's think step by step.

A: the NASA space radiation Laboratory is located in Huntsville, Alabama.

B: the National Weather Service weather forecast office is located in Alexandria, Virginia.

C: the NASA space radiation Laboratory is located in Huntsville, Alabama.

D: the National Weather Service weather forecast office is located in Alexandria, Virginia.

E: the NASA space radiation Laboratory is located in Huntsville, Alabama.

F: the National Weather Service weather forecast office is located in Alexandria, Virginia.

The above answers are wrong.

The NASA space radiation Laboratory is located in Huntsville, Alabama.

The NASA space radiation Laboratory is located in Huntsville, Alabama.

The NASA space radiation Laboratory"
Where was the awards ceremony that was hosted in 2007 by an American commercial broadcast television network headquartered on Pico Boulevard hosted?,Where was the awards ceremony that was hosted in 2007 by an American commercial broadcast television network headquartered on Pico Boulevard hosted?,"Where was the awards ceremony that was hosted in 2007 by an American commercial broadcast television network headquartered on Pico Boulevard hosted?
Let's think step by step.","Q: Where was the awards ceremony that was hosted in 2007 by an American commercial broadcast television network headquartered on Pico Boulevard hosted?
Let's think step by step.

The ceremony was hosted by an American commercial television network headquartered on Pico Boulevard.
The ceremony was held at a ballroom at the Hyatt Regency Hotel in the city of Los Angeles, California.
The ceremony was held in the evening.
The ceremony was held on the first Saturday in November.
The ceremony was held on the first Saturday in November.

A:

I found the answers for this question in a Google search.  Here are the answers to the question and the answers to the question.
The answer to the question:

The ceremony was held in the evening.

The answer to the question:

The ceremony was held on the first Saturday in November.

The"
iq what is average,iq what is average,"iq what is average
Let's think step by step.","Q: iq what is average
Let's think step by step.
A man goes to his mother.
He brings some things to her,
and he takes them.
He opens his bag,
and he takes out his wallet.
He looks at his wallet.
He takes out the money.
He looks at the money.
He looks at the money.
He looks at the money.
He looks at the money.
He looks at the money.
He looks at the money.
He looks at the money.
He looks at the money.
He looks at the money.
He looks at the money.
He looks at the money.
He looks at the money.
He looks at the money.
He looks at the money.
He"
does an MRI involve needles?,does an MRI involve needles?,"does an MRI involve needles?
Let's think step by step.","Q: does an MRI involve needles?
Let's think step by step.
In an MRI, a needle is a thin tube, which is inserted into the patient's body. The needle is used to inject contrast into the patient's brain. The needle is made of a metal, which is strong, and has a small hole. It is then inserted into the patient's body and the contrast is injected into the patient's brain. The contrast is a chemical that is injected into the patient's brain. The contrast is a chemical that is injected into the patient's brain.
In this way, the contrast is injected into the patient's brain.
If the contrast is injected into the patient's brain, does the contrast go through the needle?
If the contrast is injected into the patient's brain, does the contrast"
"What is the Russian name of the movie that preceded ""Dnevnoy dozor?""","What is the Russian name of the movie that preceded ""Dnevnoy dozor?""","What is the Russian name of the movie that preceded ""Dnevnoy dozor?""
Let's think step by step.","Q: What is the Russian name of the movie that preceded ""Dnevnoy dozor?""
Let's think step by step. The first time you see the movie, it's in the theater. You can't tell the title or the genre. You just know that the movie is a drama, about a family of Russian soldiers who are stationed in the village of a small town in Siberia. The main character is a young man called Alexander, who is the son of a man who works as a butcher. His father and mother live in the town, and the family has one daughter named Elena.
Then, the movie opens. A family comes to visit the soldiers. They are a family of Russian soldiers, and the father is a former officer, and the mother is a former nurse. The soldiers are going to the village to visit the family. They are on their way"
cooking temperature for frying cooking meats,cooking temperature for frying cooking meats,"cooking temperature for frying cooking meats
Let's think step by step.","Q: cooking temperature for frying cooking meats
Let's think step by step.

Let's say that I want to make some meat in a pan. I start with the cooking temperature for cooking the meat. The cooking temperature is what I want to reach and I want to reach it in a certain time.

Is there a certain cooking temperature that I should be aiming at?

I know that the cooking temperature can vary, but let's say that the cooking temperature for meat is 110°C.

How long should I cook the meat for?

I want to cook the meat for about 5 minutes, but I don't know how long it should be. I want to cook the meat for about 5 minutes and I want to cook it for about 5 minutes.

Is there a certain"
Where is Glasgow nearest body of water located and where is the administrative territorial entity located?,Where is Glasgow nearest body of water located and where is the administrative territorial entity located?,"Where is Glasgow nearest body of water located and where is the administrative territorial entity located?
Let's think step by step.","Q: Where is Glasgow nearest body of water located and where is the administrative territorial entity located?
Let's think step by step.

A. The administrative territorial entity located at the border of the City of Glasgow and the City of Glasgow is the Glasgow City Council. The borders of the City of Glasgow and the City of Glasgow are the borders of the City of Glasgow and the City of Glasgow, respectively.

B. The administrative territorial entity located at the border of the City of Glasgow and the City of Glasgow is the City of Glasgow. The borders of the City of Glasgow and the City of Glasgow are the borders of the City of Glasgow and the City of Glasgow, respectively.

C. The administrative territorial entity located at the border of the City of Glasgow and the City of Glasgow is the Glasgow City Council. The borders of the City of Glasgow and the City"
What is formation of succeeded by of Julian calendar ?,What is formation of succeeded by of Julian calendar ?,"What is formation of succeeded by of Julian calendar ?
Let's think step by step.","Q: What is formation of succeeded by of Julian calendar ?
Let's think step by step.
1) The year begins on the first day of the month of the year.
2) The year ends on the last day of the month of the year.
3) The month of the year begins on the first day of the month of the year.
4) The month of the year ends on the last day of the month of the year.
5) The day of the year begins on the first day of the month of the year.
6) The day of the year ends on the last day of the month of the year.
7) The month of the year begins on the first day of the month of the year.
8) The month of the year ends on the last day of the month"
what is colloquial expressions,what is colloquial expressions,"what is colloquial expressions
Let's think step by step.","Q: what is colloquial expressions
Let's think step by step. First, we have a verb. Now we have a noun, and we have a adjective. We can also say the noun is a verb, the adjective is a noun, etc.
I can also say, ""The dog is a dog.""
I can also say, ""The dog is a dog.""
I can also say, ""The dog is a dog.""
I can also say, ""The dog is a dog.""
I can also say, ""The dog is a dog.""
I can also say, ""The dog is a dog.""
I can also say, ""The dog is a dog.""
I can also say, ""The dog is a dog.""
I can also say, ""The dog"
what temp should a bearded dragons tank be,what temp should a bearded dragons tank be,"what temp should a bearded dragons tank be
Let's think step by step.","Q: what temp should a bearded dragons tank be
Let's think step by step.

This is a step by step guide for the bearded dragon tank.

First, decide on your tank. Do you want to be a tank of one, or multiple?

Second, decide on your tank's size. If you want to be a tank of one, then you will need to decide on the tank's size. If you want to be a tank of multiple, then you will need to decide on the tank's size.

Third, decide on your tank's water. If you want to be a tank of one, then you will need to decide on the tank's water. If you want to be a tank of multiple, then you will need to decide on the tank's water.

Fourth"
Which of Lodoicea and Privet. has more species?,Which of Lodoicea and Privet. has more species?,"Which of Lodoicea and Privet. has more species?
Let's think step by step.","Q: Which of Lodoicea and Privet. has more species?
Let's think step by step.

Lodoicea
The main species of this genus are:

Lodoicea harrisoni
Lodoicea harrisonii
Lodoicea mongolica
Lodoicea ruficapillata
Lodoicea sibirica

Privet
The main species of this genus are:

Privetia taitensis
Privetia taitensis
Privetia taitensis

Privetia
The main species of this genus are:

Privetia cheni
Privetia cheni
Privetia cheni

Privetia
The main species of this genus are:

Privet"
Who has acted in the movie After the Sunset and has received five Emmy Award nominations? ,Who has acted in the movie After the Sunset and has received five Emmy Award nominations? ,"Who has acted in the movie After the Sunset and has received five Emmy Award nominations? 
Let's think step by step.","Q: Who has acted in the movie After the Sunset and has received five Emmy Award nominations? 
Let's think step by step.

A:

This is a complete list of all the actors that have received Emmy nominations for their work in the movie After the Sunset.

Curtis Hanson
Tara Reid
Kellan Lutz
Kieran Culkin
Cameron Mitchell

A:

The above list is complete. The actors who have not been nominated for the award are:

Ethan Hawke

The above list is incomplete.

Kellan Lutz

The above list is incomplete.

Tara Reid

The above list is incomplete.

Kieran Culkin

The above list is incomplete.

Curtis Hanson

The above list is incomplete"
Functional dysphagia is caused by,Functional dysphagia is caused by,"Functional dysphagia is caused by
Let's think step by step.","Q: Functional dysphagia is caused by
Let's think step by step.
You are a human being, you are born with a brain.
Your brain is made of a certain material.
Your brain is made of a certain chemical.
Your brain is made of a certain electrical activity.
Your brain is made of a certain chemical activity.
Your brain is made of a certain electrical activity.
Your brain is made of a certain chemical activity.
Your brain is made of a certain electrical activity.
Your brain is made of a certain chemical activity.
Your brain is made of a certain electrical activity.
Your brain is made of a certain chemical activity.
Your brain is made of a certain electrical activity.
Your brain is made of a certain chemical activity.
Your brain is made of"
overhead cost in garment factory,overhead cost in garment factory,"overhead cost in garment factory
Let's think step by step.","Q: overhead cost in garment factory
Let's think step by step.
In the first step, you can have 1.5 kg of raw materials, 1.5 kg of fuel and 1.5 kg of water.
In the second step, you have 1.5 kg of raw materials, 1.5 kg of fuel, 1.5 kg of water and 1.5 kg of waste.
In the third step, you have 1.5 kg of raw materials, 1.5 kg of fuel, 1.5 kg of water and 1.5 kg of waste.
In the fourth step, you have 1.5 kg of raw materials, 1.5 kg of fuel, 1.5 kg of water and 1.5 kg of waste.
In the fifth step, you have"
"Lynn DeCoitte was appointed by which American politician who is the eighth and current Governor of Hawaii, in office since 2014?","Lynn DeCoitte was appointed by which American politician who is the eighth and current Governor of Hawaii, in office since 2014?","Lynn DeCoitte was appointed by which American politician who is the eighth and current Governor of Hawaii, in office since 2014?
Let's think step by step.","Q: Lynn DeCoitte was appointed by which American politician who is the eighth and current Governor of Hawaii, in office since 2014?
Let's think step by step.

A: Lynn DeCoitte was appointed by which American politician who is the eighth and current Governor of Hawaii, in office since 2014?

DNC

DNC: The Democratic National Committee (DNC) is the political party that governs the United States of America.

DNC: The Democratic National Committee is the political party that governs the United States of America.

DNC: The Democratic National Committee is the political party that governs the United States of America.

DNC: The Democratic National Committee is the political party that governs the United States of America.

DNC: The Democratic National Committee is the political party that governs the United States of America.

DNC: The Democratic National"
how long do you cook a soft boiled egg,how long do you cook a soft boiled egg,"how long do you cook a soft boiled egg
Let's think step by step.","Q: how long do you cook a soft boiled egg
Let's think step by step.
So, what do you do when you have boiled an egg.
Step 1: When you have boiled the egg, you put it in the refrigerator.
Step 2: Then you put it in the microwave.
Step 3: Then you put it in the oven.
Step 4: Then you put it in the microwave.
Step 5: Then you put it in the oven.
Step 6: Then you put it in the microwave.
Step 7: Then you put it in the oven.
Step 8: Then you put it in the microwave.
Step 9: Then you put it in the oven.
Step 10: Then you put it in the microwave.
Step 11: Then you put it in the"
what is pesarattu,what is pesarattu,"what is pesarattu
Let's think step by step.","Q: what is pesarattu
Let's think step by step. Pesarattu is a term which means to
make a gift to someone. It is a form of gratitude. It is a form of
worship. It is a form of donation. It is a form of giving. It is
a form of offering. It is a form of offering a gift. It is a form
of offering a gift. It is a form of offering a gift. It is a form
of offering a gift. It is a form of offering a gift. It is a form
of offering a gift. It is a form of offering a gift. It is a form
of offering a gift. It is a form of offering a gift. It is a form
of offering a gift."
is moscato bubbly,is moscato bubbly,"is moscato bubbly
Let's think step by step.","Q: is moscato bubbly
Let's think step by step.
1. Moscato is a very thin, transparent, light-weight
glass.
2. Moscato is very small, but it has the ability
to change color.
3. Moscato is a very fragile material.
4. Moscato is fragile.
5. Moscato is very expensive.
6. Moscato is expensive.
7. Moscato is very difficult to
change color.
8. Moscato is very difficult to
change color.
9. Moscato is very difficult to
change color.
10. Moscato is very difficult to
change color.
11. Moscato is very difficult to
change color.
"
what are planets made up of,what are planets made up of,"what are planets made up of
Let's think step by step.","Q: what are planets made up of
Let's think step by step.
A: water, gas, metals, etc.
B: solar energy, which is what we use to power our solar panels.
C: the sun's light, which is what we use to light our houses and the like.
D: the Earth, which is what we call the center of our solar system.
E: the Moon, which is a satellite of the Earth.
F: the moon, which is what we call the Earth's satellite.

A:

Let's think step by step.

A: Water, gas, metals, etc.

Water

B: solar energy, which is what we use to power our solar panels.

Solar energy

C"
In what borough is the capital of Kolhar?,In what borough is the capital of Kolhar?,"In what borough is the capital of Kolhar?
Let's think step by step.","Q: In what borough is the capital of Kolhar?
Let's think step by step.
(A) Anantapur
(B) Kolhar
(C) Kolhara
(D) Kolhar

A:

I will use the following table:

Kolhar                                                                                                         "
vitamins in carrots and sweet potatoes,vitamins in carrots and sweet potatoes,"vitamins in carrots and sweet potatoes
Let's think step by step.","Q: vitamins in carrots and sweet potatoes
Let's think step by step. The first step is to peel and cut the carrots. The second step is to peel the sweet potatoes. The third step is to cut the carrots. The fourth step is to cut the sweet potatoes.

A:

As the name suggests, carrots and sweet potatoes are very similar in appearance. The most obvious similarity is the shape, with the sweet potato being slightly rounder than the carrot.
The sweet potato is actually a variety of the potato, and is a member of the genus Brassica. The sweet potato is a tuberous vegetable that is related to the potato and is a member of the family Solanaceae.
Sweet potatoes are eaten fresh or in the frozen state. The most common varieties of sweet potatoes are the common"
is lombok island nice,is lombok island nice,"is lombok island nice
Let's think step by step.","Q: is lombok island nice
Let's think step by step.
1. It is very large. It is very easy to get in and out. It is very easy to find a good place to sleep.
2. It is very clean. It is very safe.
3. It has very good facilities. It has good facilities.
4. It has very good infrastructure. It has good infrastructure.
5. It is very good for tourists.
6. It is very good for students.
7. It is very good for visitors.
8. It is very good for travellers.
9. It is very good for travellers.
10. It is very good for tourists.
11. It is very good for tourists.
12. It is very good for tourists"
"Which American actor, artist, and former American football player born in 1968 appeared in the film ""Reach Me?""","Which American actor, artist, and former American football player born in 1968 appeared in the film ""Reach Me?""","Which American actor, artist, and former American football player born in 1968 appeared in the film ""Reach Me?""
Let's think step by step.","Q: Which American actor, artist, and former American football player born in 1968 appeared in the film ""Reach Me?""
Let's think step by step.
1. When you first see him, you immediately think of the actor, but you're not sure. You're not sure which one you should be looking at.
2. He looks like a very famous actor, but he's not.
3. He is famous, but he's not famous.
4. He is famous, but he's not famous.
5. He is famous, but he's not famous.
6. He is famous, but he's not famous.
7. He is famous, but he's not famous.
8. He is famous, but he's not famous.
9. He is famous, but he's not famous.
10. He is famous, but he"
What is the name of the airline that replaces Delta Air Lines?,What is the name of the airline that replaces Delta Air Lines?,"What is the name of the airline that replaces Delta Air Lines?
Let's think step by step.","Q: What is the name of the airline that replaces Delta Air Lines?
Let's think step by step. Delta Air Lines is the airline that has been the de facto leader in the United States for the past 25 years. Delta Air Lines has been the leader in the United States for the past 25 years. Delta Air Lines is the airline that has been the de facto leader in the United States for the past 25 years. Delta Air Lines is the airline that has been the de facto leader in the United States for the past 25 years. Delta Air Lines is the airline that has been the de facto leader in the United States for the past 25 years. Delta Air Lines is the airline that has been the de facto leader in the United States for the past 25 years. Delta Air Lines is the airline that has been the de facto leader in the United States for"
Was Sandy Dennis nominated in the Academy Awards for Best Supporting Actress?,Was Sandy Dennis nominated in the Academy Awards for Best Supporting Actress?,"Was Sandy Dennis nominated in the Academy Awards for Best Supporting Actress?
Let's think step by step.","Q: Was Sandy Dennis nominated in the Academy Awards for Best Supporting Actress?
Let's think step by step.
A: It was a lot of people.
Q: Who?
A: The entire cast of The Usual Suspects.
Q: Why?
A: Because they were all together.
Q: What about The Good Son?
A: It was the first film to ever be nominated for the Best Picture.
Q: So why did you not nominate it?
A: Because I had a feeling that it would be a flop.
Q: So what was the flop?
A: The flop was The Usual Suspects.
Q: How did you know?
A: Because the whole cast were together.
Q: But you didn't think it would be a flop"
Which Caldwell County native founded J.C. Penney stores in 1902? ,Which Caldwell County native founded J.C. Penney stores in 1902? ,"Which Caldwell County native founded J.C. Penney stores in 1902? 
Let's think step by step.","Q: Which Caldwell County native founded J.C. Penney stores in 1902? 
Let's think step by step.

A: The first store to be built in Caldwell County was the first store to be built in the state of Iowa. 

The first Caldwell County store, a store on the corner of Main and Second Streets, was opened in 1902.

The store was located at the corner of Main and Second Streets.

The store was operated by J.C. Penney.

The store was located at the corner of Main and Second Streets.

The store was operated by J.C. Penney.

The store was located at the corner of Main and Second Streets.

The store was operated by J.C. Penney.

The store was located at the corner of Main and"
Who did the 2002 runner up sing two cover songs with on American Idol: Greatest Moments?,Who did the 2002 runner up sing two cover songs with on American Idol: Greatest Moments?,"Who did the 2002 runner up sing two cover songs with on American Idol: Greatest Moments?
Let's think step by step.","Q: Who did the 2002 runner up sing two cover songs with on American Idol: Greatest Moments?
Let's think step by step.

The first song is a cover of a song by The Beatles. 

The second song is a song by The Police.

It's a total mystery. 

A: I think it is the same person.

A: The first song is a cover of a song by The Beatles.

The second song is a song by The Police.

A: The first song is a cover of a song by The Beatles.

The second song is a song by The Police.

A: The first song is a cover of a song by The Beatles.

The second song is a song by The Police.

A: The first song is a cover of a song by"
"Which artist who recorded Gary Harrison's work also recorded ""Raindrops Keep Fallin' on My Head""?","Which artist who recorded Gary Harrison's work also recorded ""Raindrops Keep Fallin' on My Head""?","Which artist who recorded Gary Harrison's work also recorded ""Raindrops Keep Fallin' on My Head""?
Let's think step by step.","Q: Which artist who recorded Gary Harrison's work also recorded ""Raindrops Keep Fallin' on My Head""?
Let's think step by step.
1. Gary Harrison and his band recorded ""Raindrops Keep Fallin' on My Head"" at the end of the '80s.
2. Gary Harrison's band recorded ""Raindrops Keep Fallin' on My Head"" at the end of the '80s.
3. Gary Harrison and his band recorded ""Raindrops Keep Fallin' on My Head"" at the end of the '80s.
4. Gary Harrison and his band recorded ""Raindrops Keep Fallin' on My Head"" at the end of the '80s.
5. Gary Harrison and his band recorded ""Raindrops Keep Fallin' on My Head"" at the end of the '80s.
6. Gary Harrison and"
what is zinc good for,what is zinc good for,"what is zinc good for
Let's think step by step.","Q: what is zinc good for
Let's think step by step.
Zinc is good for your bones.
Zinc is good for your teeth.
Zinc is good for your hair.
Zinc is good for your skin.
Zinc is good for your eyes.
Zinc is good for your heart.
Zinc is good for your brain.
Zinc is good for your lungs.
Zinc is good for your liver.
Zinc is good for your kidneys.
Zinc is good for your spleen.
Zinc is good for your stomach.
Zinc is good for your intestines.
Zinc is good for your kidneys.
Zinc is good for your intestines.
Zinc is good for your stomach.
Zinc"
Who is the disciple of Louise Elisabeth Vigee Le Brun that has a major work called the Portrait of a Negress?,Who is the disciple of Louise Elisabeth Vigee Le Brun that has a major work called the Portrait of a Negress?,"Who is the disciple of Louise Elisabeth Vigee Le Brun that has a major work called the Portrait of a Negress?
Let's think step by step.","Q: Who is the disciple of Louise Elisabeth Vigee Le Brun that has a major work called the Portrait of a Negress?
Let's think step by step.
1. Who is the disciple of Louise Elisabeth Vigee Le Brun that has a major work called the Portrait of a Negress?
2. Who is the disciple of Louise Elisabeth Vigee Le Brun that has a major work called the Portrait of a Negress?
3. Who is the disciple of Louise Elisabeth Vigee Le Brun that has a major work called the Portrait of a Negress?
4. Who is the disciple of Louise Elisabeth Vigee Le Brun that has a major work called the Portrait of a Negress?
5. Who is the disciple of Louise Elisabeth Vigee Le Brun that has a major work called the Portrait"
when do viking invasions end,when do viking invasions end,"when do viking invasions end
Let's think step by step.","Q: when do viking invasions end
Let's think step by step.

A: The end of the Viking Age is when the Vikings are at the peak of their power.

The end of the Viking Age is when the Vikings are at the peak of their power.

Q: What are the characteristics of the Viking Age?

A: The Viking Age is characterized by the development of the
  military and political power of the Vikings. It is also characterized
  by the emergence of the Viking State.

Q: What was the origin of the Viking State?

A: The origin of the Viking State is the emergence of the Viking State
  under the leadership of the Viking King.

Q: What is the Viking State?

A: The Viking State"
"In what year was the American musical drama film, produced by Tim Rice and Andrew Lloyd Weber and which featured actor Antonio Banderas, released?","In what year was the American musical drama film, produced by Tim Rice and Andrew Lloyd Weber and which featured actor Antonio Banderas, released?","In what year was the American musical drama film, produced by Tim Rice and Andrew Lloyd Weber and which featured actor Antonio Banderas, released?
Let's think step by step.","Q: In what year was the American musical drama film, produced by Tim Rice and Andrew Lloyd Weber and which featured actor Antonio Banderas, released?
Let's think step by step.

A. The year was 1969.
B. The film was released in 1969.
C. The year was 1969.
D. The film was released in 1969.

A:

The answer is D.
The film was released in 1969.

The year 1969 was the year that The American musical drama film, produced by Tim Rice and Andrew Lloyd Weber and starring Antonio Banderas, was released.
The film is a musical drama about a young man named John Wayne who becomes an American hero after his father is murdered by a criminal gang.

The film was released in 1969.

The film was released in 1969.

The film was released in 1969.

The film was"
what is smoked meat,what is smoked meat,"what is smoked meat
Let's think step by step.","Q: what is smoked meat
Let's think step by step.

Q: What is the main ingredient in smoked meat?

A: The meat is smoked for a long time, usually for five days. It is then aged in a special wood oven.

Q: What is the most important thing for people who eat smoked meat?

A: It must be fresh, it must be tasty and it must be tasty.

Q: What is the best way to eat smoked meat?

A: It is best to cook it in the oven.

Q: What is the best way to cook smoked meat?

A: You can cook it in the oven, but it is better to cook it in the microwave.

Q: How long does it"
are there different types of melanoma,are there different types of melanoma,"are there different types of melanoma
Let's think step by step.","Q: are there different types of melanoma
Let's think step by step.

Question
Are there different types of melanoma?

A:

A:

The answer is no. Melanoma is a generic term used to describe any type of skin cancer.
The following list is based on the Wikipedia article on melanoma.

Melanoma is the most common type of skin cancer in humans. It is the most common cancer of the skin and occurs most frequently in the skin that is exposed to sunlight.

The following list is based on the Wikipedia article on skin cancer.

Skin cancer is a group of diseases that arises from abnormal cell growth, which may involve the skin and other parts of the body.

The following list is based on the Wikipedia article on"
what college coach has the highest number of wins in football,what college coach has the highest number of wins in football,"what college coach has the highest number of wins in football
Let's think step by step.","Q: what college coach has the highest number of wins in football
Let's think step by step.
1) Most wins in football:

2) Most wins in football:

3) Most wins in football:

4) Most wins in football:

5) Most wins in football:

6) Most wins in football:

7) Most wins in football:

8) Most wins in football:

9) Most wins in football:

10) Most wins in football:

11) Most wins in football:

12) Most wins in football:

13) Most wins in football:

14) Most wins in football:

15) Most wins in football:

16) Most wins in football:

17) Most wins in"
The cartoon network is operated by who?,The cartoon network is operated by who?,"The cartoon network is operated by who?
Let's think step by step.","Q: The cartoon network is operated by who?
Let's think step by step.

A: They are owned by Disney, and they are owned by ESPN.

Q: The cartoons are produced by Disney?

A: Yes.

Q: Who is the president of ESPN?

A: I think it's Bob Iger.

Q: Is it?

A: Yes.

Q: Is it the same Bob Iger who was a president of ESPN?

A: I don't know.

Q: What is the president of Disney?

A: I don't know.

Q: Is it Disney's president, Bob Iger?

A: I don't know.

Q: Who is the president of ESPN"
"What NFL player was known as not only the NFl's first draft pick for the Houston Texans, but also played for the teams Buffalo Bills and Miami Dolphins?","What NFL player was known as not only the NFl's first draft pick for the Houston Texans, but also played for the teams Buffalo Bills and Miami Dolphins?","What NFL player was known as not only the NFl's first draft pick for the Houston Texans, but also played for the teams Buffalo Bills and Miami Dolphins?
Let's think step by step.","Q: What NFL player was known as not only the NFl's first draft pick for the Houston Texans, but also played for the teams Buffalo Bills and Miami Dolphins?
Let's think step by step.

I: The Bills drafted him in the fifth round in 2008.

Q: How did he fit in with the Bills?

A: The Bills had a great season in 2008, and they drafted a player who had the potential to be a franchise quarterback.

Q: What was his NFL debut?

A: He played in a preseason game against the Detroit Lions.

Q: How did he fit in with the Dolphins?

A: He played in a preseason game against the Detroit Lions.

Q: What was his NFL debut?

A: He played in a preseason game against the Detroit Lions.

Q: What was his NFL debut?

A: He played"
what is rectus diastasis,what is rectus diastasis,"what is rectus diastasis
Let's think step by step.","Q: what is rectus diastasis
Let's think step by step.
The rectus diastasis is a fibrous band that runs along the back of the anus, from the anus to the rectum.
It's not a real band, but a band that runs along the back of the anus.
The rectus diastasis can be found in both men and women.
It can be found in both the right and left sides of the anus.
It can be found in both the right and left sides of the rectum.
It can be found in both the right and left sides of the vagina.
It can be found in both the right and left sides of the urethra.
It can be found in both the right and left sides of the bladder.
It"
"what is next to Mie Prefecture, that has arrondissements in the Funai District ?","what is next to Mie Prefecture, that has arrondissements in the Funai District ?","what is next to Mie Prefecture, that has arrondissements in the Funai District ?
Let's think step by step.","Q: what is next to Mie Prefecture, that has arrondissements in the Funai District ?
Let's think step by step.

(1) Mie Prefecture is a district in Funai District.
(2) Mie Prefecture is the only district in Funai District.
(3) Mie Prefecture is a district in Funai District.
(4) Mie Prefecture is a district in Funai District.
(5) Mie Prefecture is a district in Funai District.
(6) Mie Prefecture is a district in Funai District.
(7) Mie Prefecture is a district in Funai District.
(8) Mie Prefecture is a district in Funai District.
(9) Mie Prefecture is a district in Funai District.
(10)"
"Interstate 376 (I-376) is a major auxiliary route of the Interstate Highway System in the U.S. state of Pennsylvania, located within the Allegheny Plateau, the route serves Pittsburgh, Pennsylvania and its surrounding areas, and is the main access road to Pittsburgh International Airport (PIT), in which country?","Interstate 376 (I-376) is a major auxiliary route of the Interstate Highway System in the U.S. state of Pennsylvania, located within the Allegheny Plateau, the route serves Pittsburgh, Pennsylvania and its surrounding areas, and is the main access road to Pittsburgh International Airport (PIT), in which country?","Interstate 376 (I-376) is a major auxiliary route of the Interstate Highway System in the U.S. state of Pennsylvania, located within the Allegheny Plateau, the route serves Pittsburgh, Pennsylvania and its surrounding areas, and is the main access road to Pittsburgh International Airport (PIT), in which country?
Let's think step by step.","Q: Interstate 376 (I-376) is a major auxiliary route of the Interstate Highway System in the U.S. state of Pennsylvania, located within the Allegheny Plateau, the route serves Pittsburgh, Pennsylvania and its surrounding areas, and is the main access road to Pittsburgh International Airport (PIT), in which country?
Let's think step by step.

1. The I-376 is a major interstate highway that is built on the Interstate Highway System.
2. The I-376 is a major interstate highway that is built on the Interstate Highway System.
3. The I-376 is a major interstate highway that is built on the Interstate Highway System.
4. The I-376 is a major interstate highway that is built on the Interstate Highway System.
5. The I-376 is a major interstate highway that is built on the Interstate Highway System.
6. The I-376 is a major interstate highway that is built on the Interstate Highway System.
7. The I-376 is a major interstate highway that is built on the Interstate Highway System.
8"
On what day was D.J. Augustin drafted by the Charlotte Bobcats?,On what day was D.J. Augustin drafted by the Charlotte Bobcats?,"On what day was D.J. Augustin drafted by the Charlotte Bobcats?
Let's think step by step.","Q: On what day was D.J. Augustin drafted by the Charlotte Bobcats?
Let's think step by step.

A. D.J. Augustin was drafted by the Charlotte Bobcats on August 7, 2008.

Q. What is the Charlotte Bobcats record for most drafted players?

A. The Charlotte Bobcats have had seven players drafted by the Bobcats since the franchise's inception in 1994. The team has drafted eight players since the franchise's inception.

Q. What is the Charlotte Bobcats record for most draft picks?

A. The Charlotte Bobcats have had three players drafted by the Bobcats since the franchise's inception in 1994. The team has drafted three players since the franchise's inception.

Q. What is the Charlotte Bobcats record for most undrafted players?

A. The"
substances that are naturally produced by certain microorganisms,substances that are naturally produced by certain microorganisms,"substances that are naturally produced by certain microorganisms
Let's think step by step.","Q: substances that are naturally produced by certain microorganisms
Let's think step by step.
1. Microorganisms produce substances that have a positive effect on humans.
2. We have to eat these substances.
3. The substances have a negative effect on humans.
4. We have to avoid these substances.
How can we solve this problem?

A:

1. Microorganisms produce substances that have a positive effect on humans.

Microorganisms are living things that are generally defined as the ""organisms that live in the human body"". They are not necessarily alive. They can be non-living.

2. We have to eat these substances.

That is not true.

3. The substances have a negative effect on humans.

There are no such substances.
"
lactobacillus acidophilus description of disease caused by bacteria,lactobacillus acidophilus description of disease caused by bacteria,"lactobacillus acidophilus description of disease caused by bacteria
Let's think step by step.","Q: lactobacillus acidophilus description of disease caused by bacteria
Let's think step by step. 

How is lactobacillus acidophilus described as disease caused by bacteria? 
Is it described as ""lactobacilli are pathogenic to the human body?""
Is it described as ""lactobacilli are pathogenic to the human body?""
Is it described as ""lactobacilli are pathogenic to the human body?""
Is it described as ""lactobacilli are pathogenic to the human body?""
Is it described as ""lactobacilli are pathogenic to the human body?""
Is it described as ""lactobacilli are pathogenic to the human body?""
Is it described as ""lactobacilli are pathogenic to the"
"ESL Music was founded by Rob Garza and what American heir, hotelier, and philanthropist?","ESL Music was founded by Rob Garza and what American heir, hotelier, and philanthropist?","ESL Music was founded by Rob Garza and what American heir, hotelier, and philanthropist?
Let's think step by step.","Q: ESL Music was founded by Rob Garza and what American heir, hotelier, and philanthropist?
Let's think step by step. First, you have the founder. Rob Garza, a native of Chicago, started ESL Music with his partner, Jim Mazzarella, and the two of them opened their first club in Chicago in 1994. Garza also owns a large number of restaurants in the Chicago area. He also runs a hotel in the Chicago area. The two of them also started a foundation in Chicago called the Garza Foundation.

What other assets did Rob Garza have before he started ESL Music?
What other assets did Rob Garza have after he started ESL Music?

A:

Rob Garza:

He was born in Chicago in 1975. He grew up in the Chicago area.

He was the second of four children"
"What country singer born in 1948 sang ""I was Country Before Country was Cool?""","What country singer born in 1948 sang ""I was Country Before Country was Cool?""","What country singer born in 1948 sang ""I was Country Before Country was Cool?""
Let's think step by step.","Q: What country singer born in 1948 sang ""I was Country Before Country was Cool?""
Let's think step by step.
In the 1950s, country singers like Johnny Cash and Roy Orbison were all about the music.
The music was the thing that they were doing.
Country was not cool, it was just a fad.
Then in the 1960s, country singers like George Jones and Roy Clark were all about the music.
The music was the thing that they were doing.
Country was not cool, it was just a fad.
Then in the 1970s, country singers like Willie Nelson and Dolly Parton were all about the music.
The music was the thing that they were doing.
Country was not cool, it was just a fad.
Then in the 1980s, country singers like Keith Urban and"
How many existing basic design types are there of the weapons the United States and the Soviet Union had an arms race over?,How many existing basic design types are there of the weapons the United States and the Soviet Union had an arms race over?,"How many existing basic design types are there of the weapons the United States and the Soviet Union had an arms race over?
Let's think step by step.","Q: How many existing basic design types are there of the weapons the United States and the Soviet Union had an arms race over?
Let's think step by step.
The United States and the Soviet Union had a number of arms races. The first one was over the need to protect the people of Japan against the US Navy. The second one was over the need to protect the people of the Soviet Union against the Soviet Army. The third one was over the need to protect the people of the Soviet Union against the Soviet Navy. The fourth one was over the need to protect the people of the Soviet Union against the Soviet Air Force. The fifth one was over the need to protect the people of the Soviet Union against the Soviet Air Force. The sixth one was over the need to protect the people of the Soviet Union against the Soviet Army. The seventh one was over the need to protect the people of the Soviet Union"
who invented the first camera and what did it look like?,who invented the first camera and what did it look like?,"who invented the first camera and what did it look like?
Let's think step by step.","Q: who invented the first camera and what did it look like?
Let's think step by step.
1.
First, we need a camera.
2.
The camera is a piece of metal that has two lenses.
3.
These lenses are called the front and rear lenses.
4.
We place these lenses on the camera, so that the front lens focuses on the object in front of the camera.
5.
The rear lens focuses on the object behind the front lens.
6.
We can take pictures of the object with the front lens.
7.
The front lens can also be used to take pictures of the object with the rear lens.
8.
We can take pictures of the object with the rear lens.
9.
The front lens can also be used to"
is the calla lily poisonous,is the calla lily poisonous,"is the calla lily poisonous
Let's think step by step.","Q: is the calla lily poisonous
Let's think step by step.
Step 1: The calla lily has
  a hard root, which is very strong.
  It is also very poisonous.

Step 2: It can kill you when you eat it.
Step 3: It is very easy to poison it.
Step 4: The poison is so strong that the calla lily is no longer poisonous after it has been cut into pieces.
Step 5: It is very easy to cook the pieces of the calla lily.
Step 6: The calla lily can be eaten raw.
Step 7: It is easy to cut the calla lily into pieces.
Step 8: The calla lily can be cooked.
Step 9: The"
"Was Brave New Films founded by Robert Greenwald or Alexander Kluge, a German author and film director?","Was Brave New Films founded by Robert Greenwald or Alexander Kluge, a German author and film director?","Was Brave New Films founded by Robert Greenwald or Alexander Kluge, a German author and film director?
Let's think step by step.","Q: Was Brave New Films founded by Robert Greenwald or Alexander Kluge, a German author and film director?
Let's think step by step.

A: Robert Greenwald was a German writer and director who is best known for his novel The City of Lost Children. The novel was published in Germany in 1960.

Q: Did Robert Greenwald write the screenplay for Brave New Films?
A: No. Robert Greenwald was a German writer and director who is best known for his novel The City of Lost Children. The novel was published in Germany in 1960.

Q: Was Alexander Kluge a German author and film director?
A: No. Alexander Kluge was a German writer and director who is best known for his novel The City of Lost Children. The novel was published in Germany in 1960.

Q: Was Alexander Kluge the director of Brave New Films?"
"Which ""Past Life"" star portrayed Di Henry before Heather Kenzie?","Which ""Past Life"" star portrayed Di Henry before Heather Kenzie?","Which ""Past Life"" star portrayed Di Henry before Heather Kenzie?
Let's think step by step.","Q: Which ""Past Life"" star portrayed Di Henry before Heather Kenzie?
Let's think step by step.
Step 1: Di Henry was in a past life as Heather Kenzie.
Step 2: Heather Kenzie was in a past life as Di Henry.
Step 3: Di Henry was in a past life as Heather Kenzie.
Step 4: Heather Kenzie was in a past life as Di Henry.
Step 5: Di Henry was in a past life as Heather Kenzie.
Step 6: Heather Kenzie was in a past life as Di Henry.
Step 7: Di Henry was in a past life as Heather Kenzie.
Step 8: Di Henry was in a past life as Heather Kenzie.
Step 9: Di Henry was in a past life as Heather Kenzie.
Step 10: Heather Ken"
does stress trigger hallucinations,does stress trigger hallucinations,"does stress trigger hallucinations
Let's think step by step.","Q: does stress trigger hallucinations
Let's think step by step.

We've all heard stories of people who have had hallucinations. Some have
  reported that they were experiencing voices, and others have had the
  experience of seeing things that were not there. In addition, some
  people report that they have experienced hallucinations while
  meditating.

Let's look at a few more examples of hallucinations that have been reported.

A woman reported that she had an hallucination while having a dental
  procedure. She said, ""I saw the dentist with his tongue in my mouth.
  It was very, very painful.""
A man reported that while driving, he had an intense visual
  experience of an object that was not there. He said, ""I thought"
what is xo sauce,what is xo sauce,"what is xo sauce
Let's think step by step.","Q: what is xo sauce
Let's think step by step.
The first step is to make a sauce.
The second step is to pour the sauce into a pan.
The third step is to cook the sauce.
The fourth step is to remove the sauce from the pan.
The fifth step is to add the sauce to the meat.
The sixth step is to cook the meat.
The seventh step is to remove the meat.
The eighth step is to add the meat to the sauce.
The ninth step is to cook the sauce.
The tenth step is to remove the meat from the sauce.
The eleventh step is to add the meat to the sauce.
The twelfth step is to cook the sauce.
The thirteenth step is to remove the"
what food do greeks eat,what food do greeks eat,"what food do greeks eat
Let's think step by step.","Q: what food do greeks eat
Let's think step by step.
1. Bread and cheese
2. Fish
3. Meat
4. Fruit
5. Vegetables

A:

Here's a good list of what they eat.

Proteins:

Meat
Fish
Poultry

Nuts:

Avocados

Fruits:

Apples
Bananas
Oranges
Pears
Pomegranates
Strawberries

Vegetables:

Cucumbers
Eggplants
Celery
Lettuce
Peppers
Tomatoes
Lettuce
Eggplants
Tomatoes
Cucumbers
Celery
Peppers
Lettuce
Peppers"
average diesel price york pa,average diesel price york pa,"average diesel price york pa
Let's think step by step.","Q: average diesel price york pa
Let's think step by step.
Diesel is a product that is produced in large quantities and is sold in many markets.

Diesel is a very important fuel for vehicles.
Diesel is used to generate electricity.

We can see that diesel is a product that is used in vehicles.
We can see that diesel is a product that is produced in large quantities.
We can see that diesel is sold in many markets.

What I am trying to understand is that how we can say that diesel is a product that is used in vehicles and is produced in large quantities.

A:

""Used"" here means that diesel is a product that is produced in large quantities and is sold in many markets.
""Produced"" means"
average cost of car aircon repair,average cost of car aircon repair,"average cost of car aircon repair
Let's think step by step.","Q: average cost of car aircon repair
Let's think step by step.
Step 1: the car has a broken air conditioner.
Step 2: the air conditioner is replaced.
Step 3: the air conditioner is repaired.
Step 4: the car has no air conditioner.
What is the average cost of the air conditioner repair?

A:

The average cost of an air conditioner repair is the amount of money you spend to fix your air conditioner. 
Let's say you have an air conditioner that's broken. You take it to a repair shop. You pay the repair shop $1 for the repair. You then pay the repair shop $1 for the repair, then you pay the repair shop $2 for the repair, then you pay"
Actress Karidja Touré's best known film received how many nominations at the 40th César Awards?,Actress Karidja Touré's best known film received how many nominations at the 40th César Awards?,"Actress Karidja Touré's best known film received how many nominations at the 40th César Awards?
Let's think step by step.","Q: Actress Karidja Touré's best known film received how many nominations at the 40th César Awards?
Let's think step by step.

The nominations were announced on 28th of November 2017.

First, the nominations of the main categories of the César Awards were announced.

Best Film (The Most Famous Actress):

The Most Famous Actress (Anaïs María Touré) – 3 nominations

Best Director:

The Most Famous Director (Anaïs María Touré) – 3 nominations

Best Actress:

The Most Famous Actress (Anaïs María Touré) – 3 nominations

Best Supporting Actress:

The Most Famous Actress (Anaïs María Touré) – 2 nominations

Best Actor:

The Most Famous Actor (Vincent Cassel"
"Grodziskie is a hostircal style of beer in this country that, at the end of 2013, had how many breweries?","Grodziskie is a hostircal style of beer in this country that, at the end of 2013, had how many breweries?","Grodziskie is a hostircal style of beer in this country that, at the end of 2013, had how many breweries?
Let's think step by step.","Q: Grodziskie is a hostircal style of beer in this country that, at the end of 2013, had how many breweries?
Let's think step by step.
1. Beer production in Poland:
- Beer production is not regulated in the law, but rather a free market.
- The law is rather vague about the minimum number of breweries required to produce beer.
- In 2012, the number of breweries in Poland was about 600.
- In 2013, the number of breweries was about 1000.
- In 2014, the number of breweries was about 2000.
- In 2015, the number of breweries was about 2500.
- In 2016, the number of breweries was about 4000.
- In 2017, the number of breweries was about 6000.
- In 2018, the number of breweries was about 7000.
2. Beer production in Poland is not regulated in the law."
Are Pescatoria and Pachycereus both genii of cacti?,Are Pescatoria and Pachycereus both genii of cacti?,"Are Pescatoria and Pachycereus both genii of cacti?
Let's think step by step.","Q: Are Pescatoria and Pachycereus both genii of cacti?
Let's think step by step.

Step 1.
Pescatoria is a genus of cacti that includes the following species:

Pescatoria anceps
Pescatoria fimbriata
Pescatoria lindsayi
Pescatoria pachycereus
Pescatoria sessilifolia

Step 2.
Pescatoria anceps and Pescatoria fimbriata are all different species and have different distributions, so they are all different species.
Step 3.
Pescatoria lindsayi and Pescatoria pachycereus are the same species, but they are not all the same species.
Step 4.
"
What prize did Rene Marcelin's mentor Jean Baptiste Perrin receive in 1926?,What prize did Rene Marcelin's mentor Jean Baptiste Perrin receive in 1926?,"What prize did Rene Marcelin's mentor Jean Baptiste Perrin receive in 1926?
Let's think step by step.","Q: What prize did Rene Marcelin's mentor Jean Baptiste Perrin receive in 1926?
Let's think step by step. The first prize was a silver medal. The second prize was a bronze medal. Then, the third prize was a gold medal. Finally, the fourth prize was a silver medal.
Q: What was the first prize for?
A: A gold medal.
Q: And the second prize?
A: A silver medal.
Q: The third prize?
A: A silver medal.
Q: The fourth prize?
A: A silver medal.
Q: When did the first prize come to be awarded?
A: In 1926.
Q: And the second prize?
A: In 1926.
Q: The third prize?
A: In 1926.
Q: The fourth prize?
"
What is the 2015 population of the city that includes HM Prison Altcourse?,What is the 2015 population of the city that includes HM Prison Altcourse?,"What is the 2015 population of the city that includes HM Prison Altcourse?
Let's think step by step.","Q: What is the 2015 population of the city that includes HM Prison Altcourse?
Let's think step by step.

A: The population of the city is approximately 1.6 million.

Q: How many prisoners are there in Altcourse?

A: Approximately 4,000.

Q: How many are in Altcourse?

A: Approximately 4,000.

Q: How many of them are in Altcourse?

A: Approximately 4,000.

Q: What is the population of Altcourse?

A: Approximately 1.6 million.

Q: How many are in Altcourse?

A: Approximately 4,000.

Q: How many of them are in Altcourse?

A: Approximately 4,000.

Q: How many"
"Who is older, Nic Offer or Ronnie Dunn?","Who is older, Nic Offer or Ronnie Dunn?","Who is older, Nic Offer or Ronnie Dunn?
Let's think step by step.","Q: Who is older, Nic Offer or Ronnie Dunn?
Let's think step by step.

A: Ronnie Dunn is older.

Q: How old is Nic Offer?
A: He's 40.

Q: How old is Ronnie Dunn?
A: He's 36.

Q: How old is Nic Offer?
A: He's 32.

Q: How old is Ronnie Dunn?
A: He's 30.

Q: How old is Nic Offer?
A: He's 31.

Q: How old is Ronnie Dunn?
A: He's 30.

Q: How old is Nic Offer?
A: He's 31.

Q: How old is Ronnie Dunn?
A: He's 30.

Q: How"
When was the Spanish painter and sculptor died who's works were published by Cahiers d'Art?,When was the Spanish painter and sculptor died who's works were published by Cahiers d'Art?,"When was the Spanish painter and sculptor died who's works were published by Cahiers d'Art?
Let's think step by step.","Q: When was the Spanish painter and sculptor died who's works were published by Cahiers d'Art?
Let's think step by step.
1.The Spaniard was born in the year 1530 in Toledo, Spain.
2.He was a student of the painter and sculptor Diego Velázquez.
3.He moved to Paris in the year 1561.
4.He was commissioned to paint the portrait of Queen Isabella I of Castile.
5.He painted the portrait of King Charles V of Spain.
6.He was commissioned to paint the portrait of King Ferdinand of Aragon.
7.He was commissioned to paint the portrait of King Henry VIII of England.
8.He painted the portrait of King Ferdinand of Aragon.
9.He was commissioned to paint the portrait of Queen Isabella I of Castile."
what architecture does the colosseum tell us about roman,what architecture does the colosseum tell us about roman,"what architecture does the colosseum tell us about roman
Let's think step by step.","Q: what architecture does the colosseum tell us about roman
Let's think step by step.
A. Roman buildings were very expensive.
B. They were not the best buildings.
C. They were not the most beautiful buildings.
D. They were not the most practical buildings.
E. They were not the most beautiful buildings.
F. They were not the most practical buildings.
G. They were not the most practical buildings.
H. They were not the most practical buildings.
I. They were not the most practical buildings.
J. They were not the most practical buildings.
K. They were not the most practical buildings.
L. They were not the most practical buildings.
M. They were not the most practical buildings.
N. They were not the most practical buildings"
How often is the journal established by the 1954 recipient of the Bharat Ratna published?,How often is the journal established by the 1954 recipient of the Bharat Ratna published?,"How often is the journal established by the 1954 recipient of the Bharat Ratna published?
Let's think step by step.","Q: How often is the journal established by the 1954 recipient of the Bharat Ratna published?
Let's think step by step. In 1954, the Government of India gave the Bharat Ratna to the journalist and writer Sarojini Naidu, who was then serving in the Foreign Office. She had been the recipient of the 1954 Bharat Ratna and was therefore eligible for a medal. The Government of India then decided that she should receive the Bharat Ratna as a part of her annual honours list. She did receive the Bharat Ratna, but she did not receive the medal. She was not a person who was eligible for the medal. She was not an officer of the Indian Army, or a person who was a member of the Indian parliament. She was not a person who was eligible for the medal. She was not a person who was eligible"
double oven how to measure opening size,double oven how to measure opening size,"double oven how to measure opening size
Let's think step by step.","Q: double oven how to measure opening size
Let's think step by step. 
Step 1: I measured the oven height (I know that the height of the oven is not the same as the height of the oven door) and the oven width.
Step 2: I measured the oven height and the oven width.
Step 3: I measured the oven height and the oven width.
Step 4: I measured the oven height and the oven width.
Step 5: I measured the oven height and the oven width.
Step 6: I measured the oven height and the oven width.
Step 7: I measured the oven height and the oven width.
Step 8: I measured the oven height and the oven width.
Step 9: I measured the oven height and the oven width.
Step"
what does the castle rock in lord of the flies symbolize,what does the castle rock in lord of the flies symbolize,"what does the castle rock in lord of the flies symbolize
Let's think step by step.","Q: what does the castle rock in lord of the flies symbolize
Let's think step by step.

The castle rock symbolizes the spirit of the lord of the flies. It is said that the lord of the flies has been imprisoned in the castle rock for the past thousand years. It is said that the lord of the flies has been imprisoned in the castle rock for the past thousand years. It is said that the lord of the flies has been imprisoned in the castle rock for the past thousand years.

What does the castle rock symbolize?

A:

The castle rock symbolizes the spirit of the lord of the flies. It is said that the lord of the flies has been imprisoned in the castle rock for the past thousand years. It is said that the lord of the flies has been imprisoned in the castle rock"
can fish oil help with weight loss,can fish oil help with weight loss,"can fish oil help with weight loss
Let's think step by step.","Q: can fish oil help with weight loss
Let's think step by step.
First, we are going to talk about fish oil.
Fish oil is a type of Omega 3 fatty acids.
Fish oil is mainly derived from fish.
Fish oil is rich in omega 3 fatty acids.
Fish oil is one of the most important supplements for weight loss.
Fish oil is a kind of dietary supplements.
Fish oil is a good way to reduce the risk of heart disease and diabetes.
Fish oil is also a good way to increase the risk of cancer.

Omega 3 fatty acids are important for weight loss.
Omega 3 fatty acids are very important for weight loss.

Fish oil is a kind of dietary supplements.

Fish oil is a good way to reduce the risk of"
average price for homeowners insurance,average price for homeowners insurance,"average price for homeowners insurance
Let's think step by step.","Q: average price for homeowners insurance
Let's think step by step.

Assume that you are a homeowner in a city, and you have a home that is worth $100,000.
The homeowners insurance policy will cost you $500.
The policy will pay you $500 per year.

The average rate of homeowners insurance in the state of California is $9.80 per $1,000 of coverage.

In this example, the insurance will cost you $500.

The insurance will cost you $500 per year.

$500 x $9.80 = $1,000.

$500 x $9.80/1,000 = $500.

$500 = $1,000.

$500 x $9."
where do lion live,where do lion live,"where do lion live
Let's think step by step.","Q: where do lion live
Let's think step by step.
We know that lion live in the wild and we also know that lion is very big.
Let's say that lion live in the wild, and we also know that lion is very big.
So, how much is lion's body?
It's so big that lion can not live in the wild.
Let's assume that lion live in the wild, and we also know that lion is very big.
So, how much is lion's body?
It's so big that lion can not live in the wild.
Let's assume that lion live in the wild, and we also know that lion is very big.
So, how much is lion's body?
It's so big that lion can not live"
Which the venue of the bibliographic citation of the Toward a general psychobiological theory of emotions?,Which the venue of the bibliographic citation of the Toward a general psychobiological theory of emotions?,"Which the venue of the bibliographic citation of the Toward a general psychobiological theory of emotions?
Let's think step by step.","Q: Which the venue of the bibliographic citation of the Toward a general psychobiological theory of emotions?
Let's think step by step.

The bibliographic citation of the Toward a general psychobiological theory of emotions.
The bibliographic citation of the Toward a general psychobiological theory of emotions.
The bibliographic citation of the Toward a general psychobiological theory of emotions.
The bibliographic citation of the Toward a general psychobiological theory of emotions.
The bibliographic citation of the Toward a general psychobiological theory of emotions.
The bibliographic citation of the Toward a general psychobiological theory of emotions.
The bibliographic citation of the Toward a general psychobiological theory of emotions.

Which the venue of the bibliographic citation of the Toward a"
Which language was the #1 hit song recorded by The Tokens originally composed in?,Which language was the #1 hit song recorded by The Tokens originally composed in?,"Which language was the #1 hit song recorded by The Tokens originally composed in?
Let's think step by step.","Q: Which language was the #1 hit song recorded by The Tokens originally composed in?
Let's think step by step.

The Tokens are a South African rock band, formed in Durban in the mid-1990s.

The Tokens are a South African rock band, formed in Durban in the mid-1990s. The band has released 3 albums, 2 of which are platinum and their most recent, In My Life, was released in 2010.

The Tokens are a South African rock band, formed in Durban in the mid-1990s. The band has released 3 albums, 2 of which are platinum and their most recent, In My Life, was released in 2010. The band has released an EP in 2006 called The EP and 2 singles in 2008, one of which was their most successful.

The Tokens are a South"
Which American actress starred in Whit Stillman's movie Damsels in Distress?,Which American actress starred in Whit Stillman's movie Damsels in Distress?,"Which American actress starred in Whit Stillman's movie Damsels in Distress?
Let's think step by step.","Q: Which American actress starred in Whit Stillman's movie Damsels in Distress?
Let's think step by step.
1. A. In the beginning of the movie, the main character is named ""Cherry"" and lives in a small town.
2. B. The girl who is called ""Cherry"" has been a prostitute since she was a little girl.
3. C. Cherry is also the daughter of a wealthy man.
4. D. Cherry has been a prostitute since she was a little girl.
5. E. Cherry is a prostitute.
6. F. Cherry is the daughter of a wealthy man.
7. G. Cherry has been a prostitute since she was a little girl.
8. H. Cherry is the daughter of a wealthy man.
9. I. Cherry has been a prostitute"
"Who co-produced (apart from Beastie Boys themselves) Beastie Boys' album that has the song ""Sure Shot?""","Who co-produced (apart from Beastie Boys themselves) Beastie Boys' album that has the song ""Sure Shot?""","Who co-produced (apart from Beastie Boys themselves) Beastie Boys' album that has the song ""Sure Shot?""
Let's think step by step.","Q: Who co-produced (apart from Beastie Boys themselves) Beastie Boys' album that has the song ""Sure Shot?""
Let's think step by step.

(1) Beastie Boys wrote and produced the song ""Sure Shot""

(2) They also co-produced the song ""Mouth to Mouth""

(3) They co-produced the song ""I'm a Slave 4 U""

(4) They co-produced the song ""We Are the World""

(5) They co-produced the song ""My Generation""

(6) They co-produced the song ""Cigarettes and Wine""

(7) They co-produced the song ""Don't Go Breaking My Heart""

(8) They co-produced the song ""I Was Born to Love You""

(9) They co-"
Which is the notable work as a literature work of William Blake?,Which is the notable work as a literature work of William Blake?,"Which is the notable work as a literature work of William Blake?
Let's think step by step.","Q: Which is the notable work as a literature work of William Blake?
Let's think step by step.

1) William Blake: The Nature of a Poet, 1804
2) William Blake: The Nature of a Poet, 1805
3) William Blake: The Nature of a Poet, 1806
4) William Blake: The Nature of a Poet, 1807
5) William Blake: The Nature of a Poet, 1808
6) William Blake: The Nature of a Poet, 1809
7) William Blake: The Nature of a Poet, 1810
8) William Blake: The Nature of a Poet, 1811
9) William Blake: The Nature of a Poet, 1812
10) William Blake: The Nature of a Poet, 18"
"Which character did this American from the 1970 film ""The Phantom Tollbooth"" voice in ""Peter Pan"" (1953)?","Which character did this American from the 1970 film ""The Phantom Tollbooth"" voice in ""Peter Pan"" (1953)?","Which character did this American from the 1970 film ""The Phantom Tollbooth"" voice in ""Peter Pan"" (1953)?
Let's think step by step.","Q: Which character did this American from the 1970 film ""The Phantom Tollbooth"" voice in ""Peter Pan"" (1953)?
Let's think step by step.

Peter Pan is a character in the classic Disney animated film Peter Pan. He is a young boy who is in the forest with his friend Wendy. They are playing outside and Wendy is in love with a man named Captain Hook. The two of them are trying to find a way to save their friend. One day, Captain Hook is caught in the woods by a pack of wolves. Peter and Wendy are told by the wolf to run for it. They run for the forest but they are caught by Captain Hook. Captain Hook tries to catch Peter and Wendy but they are running away. Wendy is saved by Captain Hook's friend who is named Captain Hook. Wendy and Peter are in love and they marry. Captain Hook is a pirate who lives in"
what is spark programming,what is spark programming,"what is spark programming
Let's think step by step.","Q: what is spark programming
Let's think step by step.
1. Why do we use spark?
Spark is a programming language for computing and processing big data.
2. How do we use spark to create spark tables?
Spark creates tables in Spark SQL.
3. How do we use spark to create spark SQL?
Spark SQL is a programming language for processing big data.
4. How do we use spark to create spark SQL?
Spark SQL is a programming language for processing big data.
5. How do we use spark to create spark SQL?
Spark SQL is a programming language for processing big data.
6. How do we use spark to create spark SQL?
Spark SQL is a programming language for processing big data.
"
"What is the name of the 2008 football bowl game featuring the Georgia Bulldogs and a football team located at Manoa, Hawaii?","What is the name of the 2008 football bowl game featuring the Georgia Bulldogs and a football team located at Manoa, Hawaii?","What is the name of the 2008 football bowl game featuring the Georgia Bulldogs and a football team located at Manoa, Hawaii?
Let's think step by step.","Q: What is the name of the 2008 football bowl game featuring the Georgia Bulldogs and a football team located at Manoa, Hawaii?
Let's think step by step.
A. The Georgia Bulldogs vs. the Hawaii Warriors.
B. The Hawaii Warriors vs. the Georgia Bulldogs.
C. The Georgia Bulldogs vs. the Hawaii Warriors.
D. The Georgia Bulldogs vs. the Hawaii Warriors.
E. The Hawaii Warriors vs. the Georgia Bulldogs.
F. The Hawaii Warriors vs. the Georgia Bulldogs.
G. The Georgia Bulldogs vs. the Hawaii Warriors.
H. The Hawaii Warriors vs. the Georgia Bulldogs.
I. The Georgia Bulldogs vs. the Hawaii Warriors.
J. The Hawaii Warriors vs. the Georgia Bulldogs.
K. The Hawaii Warriors vs. the Georgia Bulldogs.
L. The Hawaii Warriors vs. the Georgia Bulldogs.
M. The Hawaii Warriors"
Is the fatality rate of Fournier gangrene less than 15.36?,Is the fatality rate of Fournier gangrene less than 15.36?,"Is the fatality rate of Fournier gangrene less than 15.36?
Let's think step by step.","Q: Is the fatality rate of Fournier gangrene less than 15.36?
Let's think step by step. First of all, the fatality rate is less than 15.36. Second, the fatality rate is less than 15.36. Third, the fatality rate is less than 15.36. Fourth, the fatality rate is less than 15.36. Fifth, the fatality rate is less than 15.36. Sixth, the fatality rate is less than 15.36. Seventh, the fatality rate is less than 15.36. Eighth, the fatality rate is less than 15.36. Ninth, the fatality rate is less than 15.36. Tenth, the fatality rate is less than 15.36. Eleventh, the fatality rate is less than 15.36. Twelfth, the"
is nougat vegetarian,is nougat vegetarian,"is nougat vegetarian
Let's think step by step.","Q: is nougat vegetarian
Let's think step by step.

A: It depends. Some people, like me, are vegetarian, and some people are nougat vegetarian.

Q: Nougat vegetarian

A: I am nougat vegetarian.

Q: What is nougat?

A: It is a kind of sweetener.

Q: What is nougat?

A: It is a kind of sweetener.

Q: Is it available in supermarkets?

A: Yes.

Q: What is nougat?

A: It is a kind of sweetener.

Q: Is it available in supermarkets?

A: Yes.

Q: Where can I buy"
is odisha is also known as the land of temples,is odisha is also known as the land of temples,"is odisha is also known as the land of temples
Let's think step by step.","Q: is odisha is also known as the land of temples
Let's think step by step.

1. Odisha is the land of temples

Odisha is known for its many temples. It is also known as the land of temples.

Odisha is the land of temples

Odisha is known for its many temples. It is also known as the land of temples.

Odisha is the land of temples

Odisha is known for its many temples. It is also known as the land of temples.

Odisha is the land of temples

Odisha is known for its many temples. It is also known as the land of temples.

Odisha is the land of temples

Odisha is known for its many temples"
can someone have a traditional and roth ira,can someone have a traditional and roth ira,"can someone have a traditional and roth ira
Let's think step by step.","Q: can someone have a traditional and roth ira
Let's think step by step.
1) First of all, you have to find the meaning of the word 'ra'
2) Then you have to find the word 'ir' which is the root of the word 'ra'
3) Then you have to find the word 'a' which is the root of the word 'ra'
4) Then you have to find the word 'd' which is the root of the word 'ra'
5) Then you have to find the word 'y' which is the root of the word 'ra'
6) Then you have to find the word 'u' which is the root of the word 'ra'
7) Then you have to find the word 'a' which is the"
James Blake released a self titled debut-album on what label? ,James Blake released a self titled debut-album on what label? ,"James Blake released a self titled debut-album on what label? 
Let's think step by step.","Q: James Blake released a self titled debut-album on what label? 
Let's think step by step. 

Q: Who is the label? 

A: 

Q: What is the label? 

A: 

Q: Who is the artist? 

A: 

Q: What is the artist's name? 

A: 

Q: Who is the artist's name? 

A: 

Q: Who is the artist's name? 

A: 

Q: Who is the artist's name? 

A: 

Q: Who is the artist's name? 

A: 

Q: Who is the artist's name? 

A: 

"
what is yaki udon or soba,what is yaki udon or soba,"what is yaki udon or soba
Let's think step by step.","Q: what is yaki udon or soba
Let's think step by step.

Yaki Udon (Japanese: 海苔) is a Japanese noodle dish that is made of soba (soybean curd), egg, and a little bit of white bean (curd). It is usually served as a side dish to Japanese cuisine, but is also used as a main dish.

A:

Soba is a very common ingredient in Japanese cuisine, and yaki udon is a very common type of soba.

So, what is soba?
Soba is a type of soybean that is grown in a pod, similar to soy beans.

So, what is soba?
Soba is a type of soybean that is"
Which 2017 action crime comedy film did Ansel Elgort played  title character in,Which 2017 action crime comedy film did Ansel Elgort played  title character in,"Which 2017 action crime comedy film did Ansel Elgort played  title character in
Let's think step by step.","Q: Which 2017 action crime comedy film did Ansel Elgort played  title character in
Let's think step by step.

Ansel Elgort: Oh, I'm a little confused about that. I'm just gonna go with the first one that comes to mind.

Ansel Elgort: Oh, I don't know. I don't know. I think I read that one on the internet, but I'm not sure.

Ansel Elgort: What's the first one?

Ansel Elgort: I don't know. I just thought I saw that one.

Ansel Elgort: I think I saw that one, but I don't remember.

Ansel Elgort: Oh, I know I saw that one.

Ansel Elgort: I"
what boats did the pilgrims sail on,what boats did the pilgrims sail on,"what boats did the pilgrims sail on
Let's think step by step.","Q: what boats did the pilgrims sail on
Let's think step by step. First, the pilgrims landed on the shore of
the sea. The sea was salty, and the pilgrims were thirsty. Then they
went to the shore and sat down. Then they drank some water. Then they
went to the shore again and drank some more water. Then they went to
the shore again and sat down. Then they drank some more water. Then
they went to the shore again and sat down. Then they drank some more
water. Then they went to the shore again and sat down. Then they drank
some more water. Then they went to the shore again and sat down. Then
they drank some more water. Then they went to the shore again and sat
down. Then they drank some more water"
definition of exceptionalism,definition of exceptionalism,"definition of exceptionalism
Let's think step by step.","Q: definition of exceptionalism
Let's think step by step.

I will try to keep the questions as brief as possible, but there is a lot of material.

A:

I'll try to answer the questions in a reasonable amount of time. 

What is a ""paradigm""?
A paradigm is a way of thinking that has been found to be useful and applicable in a particular domain of science and/or knowledge. A paradigm is not a fixed, static, or unchanging way of thinking. A paradigm is a way of thinking that can be useful in any situation. 
The question of what a paradigm is, and what makes a paradigm useful, is a very important and complex one.

A paradigm is a way of thinking that can be useful"
where is krabi,where is krabi,"where is krabi
Let's think step by step.","Q: where is krabi
Let's think step by step.
1. krabi is not a place.
2. krabi is a place.
3. krabi is the place where krabi is.
4. krabi is the place where krabi is.
5. krabi is a place where krabi is.
6. krabi is a place where krabi is.
7. krabi is the place where krabi is.
8. krabi is the place where krabi is.
9. krabi is a place where krabi is.
10. krabi is a place where krabi is.
11. krabi is a place"
cost of homeowners insurance,cost of homeowners insurance,"cost of homeowners insurance
Let's think step by step.","Q: cost of homeowners insurance
Let's think step by step.

We have a house in which we bought a house.
The house is insured for $1.5 million.
The house is located in a town where the cost of homeowners insurance is $1,000,000.
The house is worth $5 million.
The house is located in a town where the cost of homeowners insurance is $1,000,000.
The house is worth $10 million.

I want to know how much the cost of homeowners insurance is.
Is it $1,000,000?
Is it $1,500,000?
Is it $1,000,000?
Is it $1,000,000?
Is it $1,000,"
how does first quarter moon occur,how does first quarter moon occur,"how does first quarter moon occur
Let's think step by step.","Q: how does first quarter moon occur
Let's think step by step.
A: It is a moon that rises in the east of the month.
B: The moon is seen at the same time as the sun and the earth.
C: The moon is seen at the same time as the sun and the moon.
D: The moon is seen at the same time as the sun and the sun.
E: The moon is seen at the same time as the sun and the moon.

Q: How does first quarter moon occur

A:

A: First quarter moon is the moon that occurs on the second and third days of the month.

B: The moon rises at the same time as the sun and the earth.

C: The moon is seen"
can you paint oil base over latex,can you paint oil base over latex,"can you paint oil base over latex
Let's think step by step.","Q: can you paint oil base over latex
Let's think step by step.
                                                                                                                                                     "
what is Medroxyprogesterone used for,what is Medroxyprogesterone used for,"what is Medroxyprogesterone used for
Let's think step by step.","Q: what is Medroxyprogesterone used for
Let's think step by step.
It is an agent that helps in the treatment of severe
menopausal symptoms and menopausal bleeding.
It works by binding to the receptor
on the endometrial cells.
The main target of this hormone is estrogen,
which is also the main hormone that helps in the
treatment of osteoporosis and menopause.
The hormone also increases the production of
progesterone, which is the main hormone that helps
in the treatment of osteoporosis and menopause.
When you use this hormone, it will help in the
treatment of severe menopausal symptoms,
menopausal bleeding, and osteoporosis.
It also helps in the treatment of menopausal
dysp"
The 1981–82 Houston Cougars men's basketball team was led by the player who later played for what NBA club?,The 1981–82 Houston Cougars men's basketball team was led by the player who later played for what NBA club?,"The 1981–82 Houston Cougars men's basketball team was led by the player who later played for what NBA club?
Let's think step by step.","Q: The 1981–82 Houston Cougars men's basketball team was led by the player who later played for what NBA club?
Let's think step by step.
A. The player who was the best player in the Houston Cougars' 1981–82 basketball season.
B. The player who was the best player in the Houston Cougars' 1981–82 basketball season.
C. The player who was the best player in the Houston Cougars' 1981–82 basketball season.
D. The player who was the best player in the Houston Cougars' 1981–82 basketball season.

A:

The player who was the best player in the Houston Cougars' 1981–82 basketball season.

 Darnell Magee.

The player who was the best player in the Houston Cougars' 1981–82 basketball season.

 Kevin Williams.

The player who"
how much would an exterminator charge,how much would an exterminator charge,"how much would an exterminator charge
Let's think step by step.","Q: how much would an exterminator charge
Let's think step by step.

A: a lot of money.

Q: How much would an exterminator charge?

A: You can make your own estimates, but this is a ballpark.

Q: How much would an exterminator charge?

A: A lot of money.

Q: How much would an exterminator charge?

A: You can make your own estimates, but this is a ballpark.

Q: How much would an exterminator charge?

A: A lot of money.

Q: How much would an exterminator charge?

A: A lot of money.

Q: How much would an exterminator charge?

A: A lot of money"
"Who else was given the label in the quartet along with  Henry Drummond Wolff, John Gorst and a genuine Tory radical, who coined the term Tory Democracy ?","Who else was given the label in the quartet along with  Henry Drummond Wolff, John Gorst and a genuine Tory radical, who coined the term Tory Democracy ?","Who else was given the label in the quartet along with  Henry Drummond Wolff, John Gorst and a genuine Tory radical, who coined the term Tory Democracy ?
Let's think step by step.",
What is the life stance of the interment of Pavel Tsitsianov?,What is the life stance of the interment of Pavel Tsitsianov?,"What is the life stance of the interment of Pavel Tsitsianov?
Let's think step by step.",
Which Le Monde diplomatique subject ID is Dominica's?,Which Le Monde diplomatique subject ID is Dominica's?,"Which Le Monde diplomatique subject ID is Dominica's?
Let's think step by step.",
"Who does Regina Marie ""Jenna"" Fischer share a romantic interest with that she received critical acclaim and Emmy nomination?","Who does Regina Marie ""Jenna"" Fischer share a romantic interest with that she received critical acclaim and Emmy nomination?","Who does Regina Marie ""Jenna"" Fischer share a romantic interest with that she received critical acclaim and Emmy nomination?
Let's think step by step.",
in what form does food travel through the esophagus,in what form does food travel through the esophagus,"in what form does food travel through the esophagus
Let's think step by step.",
how much to charge for concrete work,how much to charge for concrete work,"how much to charge for concrete work
Let's think step by step.",
Do both Königskinder and The Knot Garden exist in multiple versions?,Do both Königskinder and The Knot Garden exist in multiple versions?,"Do both Königskinder and The Knot Garden exist in multiple versions?
Let's think step by step.",
how to become hvac certified in kansas,how to become hvac certified in kansas,"how to become hvac certified in kansas
Let's think step by step.",
what is eye fillet,what is eye fillet,"what is eye fillet
Let's think step by step.",
Where was the U.S. Declaration of Independence signed?,Where was the U.S. Declaration of Independence signed?,"Where was the U.S. Declaration of Independence signed?
Let's think step by step.",
what is an unconscionable contract,what is an unconscionable contract,"what is an unconscionable contract
Let's think step by step.",
Which largest Spanish-speaking country has the Goya albivenella?,Which largest Spanish-speaking country has the Goya albivenella?,"Which largest Spanish-speaking country has the Goya albivenella?
Let's think step by step.",
examples of carbohydrates foods,examples of carbohydrates foods,"examples of carbohydrates foods
Let's think step by step.",
what does geothermal energy mean,what does geothermal energy mean,"what does geothermal energy mean
Let's think step by step.",
"Are ""Alt-J"" and ""Scarling."" both English bands?","Are ""Alt-J"" and ""Scarling."" both English bands?","Are ""Alt-J"" and ""Scarling."" both English bands?
Let's think step by step.",
"Michael Ralph DeVito (born June 10, 1984) is a former American football defensive end, he  the National Football League (NFL), DeVito attended high school at Nauset Regional High School an NEASC accredited high school located in North Eastham, in which state?","Michael Ralph DeVito (born June 10, 1984) is a former American football defensive end, he  the National Football League (NFL), DeVito attended high school at Nauset Regional High School an NEASC accredited high school located in North Eastham, in which state?","Michael Ralph DeVito (born June 10, 1984) is a former American football defensive end, he  the National Football League (NFL), DeVito attended high school at Nauset Regional High School an NEASC accredited high school located in North Eastham, in which state?
Let's think step by step.",
What award is named after the second most nominated person for a Nobel Prize?,What award is named after the second most nominated person for a Nobel Prize?,"What award is named after the second most nominated person for a Nobel Prize?
Let's think step by step.",
"Who was denied French Citizenship, Susan Straight or Irène Némirovsky?","Who was denied French Citizenship, Susan Straight or Irène Némirovsky?","Who was denied French Citizenship, Susan Straight or Irène Némirovsky?
Let's think step by step.",
Hope for Haiti Now included the studio version of the song produced by whom?,Hope for Haiti Now included the studio version of the song produced by whom?,"Hope for Haiti Now included the studio version of the song produced by whom?
Let's think step by step.",
what is hypovolemia,what is hypovolemia,"what is hypovolemia
Let's think step by step.",
"Who was the father of the man who refused to grant Lower Lorraine to Henry II, Duke of Limburg?","Who was the father of the man who refused to grant Lower Lorraine to Henry II, Duke of Limburg?","Who was the father of the man who refused to grant Lower Lorraine to Henry II, Duke of Limburg?
Let's think step by step.",
"""Which is {language of work} of {Million Dollar Extreme}, that has {AWLD status} is {1 safe} ?""","""Which is {language of work} of {Million Dollar Extreme}, that has {AWLD status} is {1 safe} ?""","""Which is {language of work} of {Million Dollar Extreme}, that has {AWLD status} is {1 safe} ?""
Let's think step by step.",
When was the maternal uncle of Popiel I died who was the notable author of Latin prose?,When was the maternal uncle of Popiel I died who was the notable author of Latin prose?,"When was the maternal uncle of Popiel I died who was the notable author of Latin prose?
Let's think step by step.",
chicago to abilene - miles,chicago to abilene - miles,"chicago to abilene - miles
Let's think step by step.",
normal sodium range,normal sodium range,"normal sodium range
Let's think step by step.",
has kalinda gone for good,has kalinda gone for good,"has kalinda gone for good
Let's think step by step.",
What State did John Stark and the Nichols' Regiment of Militia have in common?,What State did John Stark and the Nichols' Regiment of Militia have in common?,"What State did John Stark and the Nichols' Regiment of Militia have in common?
Let's think step by step.",
Are both the Norfolk Terrier and Braque Saint-Germain considered dog breeds? ,Are both the Norfolk Terrier and Braque Saint-Germain considered dog breeds? ,"Are both the Norfolk Terrier and Braque Saint-Germain considered dog breeds? 
Let's think step by step.",
what are droughtmaster cattle used for,what are droughtmaster cattle used for,"what are droughtmaster cattle used for
Let's think step by step.",
how much do doctors earn during residency,how much do doctors earn during residency,"how much do doctors earn during residency
Let's think step by step.",
is chamomile perennial,is chamomile perennial,"is chamomile perennial
Let's think step by step.",
maximum # of dependent you can claim,maximum # of dependent you can claim,"maximum # of dependent you can claim
Let's think step by step.",
"""Insect Dreams: The Half Life of Gregor Samsa"" is a sequel to a Franz Kafka story first published in which year?","""Insect Dreams: The Half Life of Gregor Samsa"" is a sequel to a Franz Kafka story first published in which year?","""Insect Dreams: The Half Life of Gregor Samsa"" is a sequel to a Franz Kafka story first published in which year?
Let's think step by step.",
what type of insurance plan is american transit insurance company,what type of insurance plan is american transit insurance company,"what type of insurance plan is american transit insurance company
Let's think step by step.",
What borders the birth place of Johann Pachelbel?,What borders the birth place of Johann Pachelbel?,"What borders the birth place of Johann Pachelbel?
Let's think step by step.",
what is the meaning of pink rose,what is the meaning of pink rose,"what is the meaning of pink rose
Let's think step by step.",
Patty Jenkins directed a biographical crime drama film released in what year?,Patty Jenkins directed a biographical crime drama film released in what year?,"Patty Jenkins directed a biographical crime drama film released in what year?
Let's think step by step.",
"Who directed the British musical comedy film that starred the singer who reached number one with ""Singing the Blues"" in 1957?","Who directed the British musical comedy film that starred the singer who reached number one with ""Singing the Blues"" in 1957?","Who directed the British musical comedy film that starred the singer who reached number one with ""Singing the Blues"" in 1957?
Let's think step by step.",
what is a hica form,what is a hica form,"what is a hica form
Let's think step by step.",
what is an expressed gene,what is an expressed gene,"what is an expressed gene
Let's think step by step.",
"What type of music is this English composer who composed the music for ""Blondel"" best known for?","What type of music is this English composer who composed the music for ""Blondel"" best known for?","What type of music is this English composer who composed the music for ""Blondel"" best known for?
Let's think step by step.",
"Skin Game is a 1971 American independent comedy western starring James Garner and Louis Gossett, Jr., the supporting cast features Susan Clark, a Canadian actress, known for her movie roles such as which?","Skin Game is a 1971 American independent comedy western starring James Garner and Louis Gossett, Jr., the supporting cast features Susan Clark, a Canadian actress, known for her movie roles such as which?","Skin Game is a 1971 American independent comedy western starring James Garner and Louis Gossett, Jr., the supporting cast features Susan Clark, a Canadian actress, known for her movie roles such as which?
Let's think step by step.",
why is thermal decomposition important,why is thermal decomposition important,"why is thermal decomposition important
Let's think step by step.",
What is the oldest section from where Robert Hay was born?,What is the oldest section from where Robert Hay was born?,"What is the oldest section from where Robert Hay was born?
Let's think step by step.",
What country is the actress who starred in the 1976 biographical film about Bruce Lee's final days from?,What country is the actress who starred in the 1976 biographical film about Bruce Lee's final days from?,"What country is the actress who starred in the 1976 biographical film about Bruce Lee's final days from?
Let's think step by step.",
Om Prakasj Sharma received the National Award for Painting by what commander-in-chief of the Indian Armed Forces?,Om Prakasj Sharma received the National Award for Painting by what commander-in-chief of the Indian Armed Forces?,"Om Prakasj Sharma received the National Award for Painting by what commander-in-chief of the Indian Armed Forces?
Let's think step by step.",
What Roman politician and general stated the location of Veragri was in the canton of Valais between the Nantuates and the Seduni?,What Roman politician and general stated the location of Veragri was in the canton of Valais between the Nantuates and the Seduni?,"What Roman politician and general stated the location of Veragri was in the canton of Valais between the Nantuates and the Seduni?
Let's think step by step.",
what is plexus good for,what is plexus good for,"what is plexus good for
Let's think step by step.",
is butanone polar,is butanone polar,"is butanone polar
Let's think step by step.",
What is the total fertility rate in the county seat of Bujumbura?,What is the total fertility rate in the county seat of Bujumbura?,"What is the total fertility rate in the county seat of Bujumbura?
Let's think step by step.",
What does RBC means on blood test results,What does RBC means on blood test results,"What does RBC means on blood test results
Let's think step by step.",
how much does it cost to get a crown on a tooth,how much does it cost to get a crown on a tooth,"how much does it cost to get a crown on a tooth
Let's think step by step.",
refrigerated shipping cost per mile,refrigerated shipping cost per mile,"refrigerated shipping cost per mile
Let's think step by step.",
What producer worked with artists such as J. Lo?,What producer worked with artists such as J. Lo?,"What producer worked with artists such as J. Lo?
Let's think step by step.",
what is a true alpha werewolf,what is a true alpha werewolf,"what is a true alpha werewolf
Let's think step by step.",
A United States soldier who served in the American Civil War and had Chief Joseph surrender his followers to him?,A United States soldier who served in the American Civil War and had Chief Joseph surrender his followers to him?,"A United States soldier who served in the American Civil War and had Chief Joseph surrender his followers to him?
Let's think step by step.",
what is morphine classified as,what is morphine classified as,"what is morphine classified as
Let's think step by step.",
what is gladinet client,what is gladinet client,"what is gladinet client
Let's think step by step.",
what type of molecule is ip,what type of molecule is ip,"what type of molecule is ip
Let's think step by step.",
are Boulevard Solitude and Moses und Aron both German librettos?,are Boulevard Solitude and Moses und Aron both German librettos?,"are Boulevard Solitude and Moses und Aron both German librettos?
Let's think step by step.",
how are molecular compounds formed,how are molecular compounds formed,"how are molecular compounds formed
Let's think step by step.",
Which is language of platforms of Army of Darkness: Defense ?,Which is language of platforms of Army of Darkness: Defense ?,"Which is language of platforms of Army of Darkness: Defense ?
Let's think step by step.",
"What is the name after Dirac delta function,that has death date of 1984-10-20?","What is the name after Dirac delta function,that has death date of 1984-10-20?","What is the name after Dirac delta function,that has death date of 1984-10-20?
Let's think step by step.",
what is instaflex,what is instaflex,"what is instaflex
Let's think step by step.",
Liliana Mumy reprises her role as Mertle Edmonds for the final time in a feature length film in which movie?,Liliana Mumy reprises her role as Mertle Edmonds for the final time in a feature length film in which movie?,"Liliana Mumy reprises her role as Mertle Edmonds for the final time in a feature length film in which movie?
Let's think step by step.",
"Czech American director, Jan Pinkava, co-directed the eighth Pixar American computer-animated comedy, from what year?","Czech American director, Jan Pinkava, co-directed the eighth Pixar American computer-animated comedy, from what year?","Czech American director, Jan Pinkava, co-directed the eighth Pixar American computer-animated comedy, from what year?
Let's think step by step.",
Mention the spaceflight crew participant for accompanying Yuri Gagarin,Mention the spaceflight crew participant for accompanying Yuri Gagarin,"Mention the spaceflight crew participant for accompanying Yuri Gagarin
Let's think step by step.",
The sea whose port is The Port of Reggio is sometimes considered as a part of which ocean?,The sea whose port is The Port of Reggio is sometimes considered as a part of which ocean?,"The sea whose port is The Port of Reggio is sometimes considered as a part of which ocean?
Let's think step by step.",
Kansas City Kansan serves a county that had how many inhabitants in the 2010 census ?,Kansas City Kansan serves a county that had how many inhabitants in the 2010 census ?,"Kansas City Kansan serves a county that had how many inhabitants in the 2010 census ?
Let's think step by step.",
what area of the body is affected by rheumatoid arthritis,what area of the body is affected by rheumatoid arthritis,"what area of the body is affected by rheumatoid arthritis
Let's think step by step.",
"What American actress, producer, screenwriter, and singer stars in Swindle, a 2013 American television film? ","What American actress, producer, screenwriter, and singer stars in Swindle, a 2013 American television film? ","What American actress, producer, screenwriter, and singer stars in Swindle, a 2013 American television film? 
Let's think step by step.",
"What 2005 film remake of a John Carpenter movie from 1980 features the song ""Invincible"" by OK Go?","What 2005 film remake of a John Carpenter movie from 1980 features the song ""Invincible"" by OK Go?","What 2005 film remake of a John Carpenter movie from 1980 features the song ""Invincible"" by OK Go?
Let's think step by step.",
incubation periods for childhood illnesses,incubation periods for childhood illnesses,"incubation periods for childhood illnesses
Let's think step by step.",
When was the actress that starred both in the TV series Pretty Little Liars and in the thriller horror film Evidence born?,When was the actress that starred both in the TV series Pretty Little Liars and in the thriller horror film Evidence born?,"When was the actress that starred both in the TV series Pretty Little Liars and in the thriller horror film Evidence born?
Let's think step by step.",
why do people get goosebumps,why do people get goosebumps,"why do people get goosebumps
Let's think step by step.",
"Which documentary, The Birth of Saké or Gasland, was written and directed by Josh Fox?","Which documentary, The Birth of Saké or Gasland, was written and directed by Josh Fox?","Which documentary, The Birth of Saké or Gasland, was written and directed by Josh Fox?
Let's think step by step.",
Shepherd with a flute is a painting displayed in a palace in what country?,Shepherd with a flute is a painting displayed in a palace in what country?,"Shepherd with a flute is a painting displayed in a palace in what country?
Let's think step by step.",
when did humans first walk on earth,when did humans first walk on earth,"when did humans first walk on earth
Let's think step by step.",
irs office phone number to request tax transcripts,irs office phone number to request tax transcripts,"irs office phone number to request tax transcripts
Let's think step by step.",
cholera is it infectious,cholera is it infectious,"cholera is it infectious
Let's think step by step.",
On what date did the riots that Bob Kohler was a veteran of take place?,On what date did the riots that Bob Kohler was a veteran of take place?,"On what date did the riots that Bob Kohler was a veteran of take place?
Let's think step by step.",
what is associate degree means,what is associate degree means,"what is associate degree means
Let's think step by step.",
Are Agon and Medina both games for exactly two players?,Are Agon and Medina both games for exactly two players?,"Are Agon and Medina both games for exactly two players?
Let's think step by step.",
What is the name of the 3 Michelin Star Restaurant that is located in the second largest hotel in the United States?,What is the name of the 3 Michelin Star Restaurant that is located in the second largest hotel in the United States?,"What is the name of the 3 Michelin Star Restaurant that is located in the second largest hotel in the United States?
Let's think step by step.",
Which guitarist and vocalist was in the Eagles and Hearts & Flowers? ,Which guitarist and vocalist was in the Eagles and Hearts & Flowers? ,"Which guitarist and vocalist was in the Eagles and Hearts & Flowers? 
Let's think step by step.",
Are The 11th Hour and Calle 54 the same genre of film?,Are The 11th Hour and Calle 54 the same genre of film?,"Are The 11th Hour and Calle 54 the same genre of film?
Let's think step by step.",
Who may have been present at the battle that led to the departure of Royal Governor Lord Dunmore?,Who may have been present at the battle that led to the departure of Royal Governor Lord Dunmore?,"Who may have been present at the battle that led to the departure of Royal Governor Lord Dunmore?
Let's think step by step.",
"Between Wang Xiaoshuai and John English, who co-directed ""Drums of Fu Machu""?","Between Wang Xiaoshuai and John English, who co-directed ""Drums of Fu Machu""?","Between Wang Xiaoshuai and John English, who co-directed ""Drums of Fu Machu""?
Let's think step by step.",
how much does school cost for pediatric nurses,how much does school cost for pediatric nurses,"how much does school cost for pediatric nurses
Let's think step by step.",
Jack Hamm drew which official Warner Bros. mascot?,Jack Hamm drew which official Warner Bros. mascot?,"Jack Hamm drew which official Warner Bros. mascot?
Let's think step by step.",
vitamins that are good for liver,vitamins that are good for liver,"vitamins that are good for liver
Let's think step by step.",
difference between deoxygenated blood and oxygenated blood,difference between deoxygenated blood and oxygenated blood,"difference between deoxygenated blood and oxygenated blood
Let's think step by step.",
what does yucca extract do in dog food,what does yucca extract do in dog food,"what does yucca extract do in dog food
Let's think step by step.",
Migliorino Ubaldini designed fortifications for the castle in what Scottish county?,Migliorino Ubaldini designed fortifications for the castle in what Scottish county?,"Migliorino Ubaldini designed fortifications for the castle in what Scottish county?
Let's think step by step.",
Who married the twin of William Shakespeare's child who passed at age 11?,Who married the twin of William Shakespeare's child who passed at age 11?,"Who married the twin of William Shakespeare's child who passed at age 11?
Let's think step by step.",
"How many years has this professional league competition for football clubs been operating, in which Associazione Calcio CHievoVerona is currently competing?","How many years has this professional league competition for football clubs been operating, in which Associazione Calcio CHievoVerona is currently competing?","How many years has this professional league competition for football clubs been operating, in which Associazione Calcio CHievoVerona is currently competing?
Let's think step by step.",
Natasha Zvereva and Fred McNair were both what?,Natasha Zvereva and Fred McNair were both what?,"Natasha Zvereva and Fred McNair were both what?
Let's think step by step.",
What record did Tye Harvey win in which sport?,What record did Tye Harvey win in which sport?,"What record did Tye Harvey win in which sport?
Let's think step by step.",
"Which university is private, Vanderbilt University or University of Oklahoma?","Which university is private, Vanderbilt University or University of Oklahoma?","Which university is private, Vanderbilt University or University of Oklahoma?
Let's think step by step.",
What type of songs is the singer of Saahore Baahubali best known for?,What type of songs is the singer of Saahore Baahubali best known for?,"What type of songs is the singer of Saahore Baahubali best known for?
Let's think step by step.",
"Abu Hajal Muslim ibn Awsaja was a companion of what prophet who was the founder of islam, and who united Arabia into a single Muslim polity?","Abu Hajal Muslim ibn Awsaja was a companion of what prophet who was the founder of islam, and who united Arabia into a single Muslim polity?","Abu Hajal Muslim ibn Awsaja was a companion of what prophet who was the founder of islam, and who united Arabia into a single Muslim polity?
Let's think step by step.",
"How old is Peter Sellers child, and when were they born?","How old is Peter Sellers child, and when were they born?","How old is Peter Sellers child, and when were they born?
Let's think step by step.",
what is naranjo,what is naranjo,"what is naranjo
Let's think step by step.",
what is the functional unit of a muscle fiber,what is the functional unit of a muscle fiber,"what is the functional unit of a muscle fiber
Let's think step by step.",
what is organic brain disease,what is organic brain disease,"what is organic brain disease
Let's think step by step.",
Cate Blanchett portrayed the woman who was named by which group as the greatest female star of Classic Hollywood Cinema?,Cate Blanchett portrayed the woman who was named by which group as the greatest female star of Classic Hollywood Cinema?,"Cate Blanchett portrayed the woman who was named by which group as the greatest female star of Classic Hollywood Cinema?
Let's think step by step.",
"Cantonese embroidery, or Yue embroidery, is a style of embroidery folk art of which region, the low-lying area surrounding the Pearl River estuary, where the Pearl River flows into the South China Sea?","Cantonese embroidery, or Yue embroidery, is a style of embroidery folk art of which region, the low-lying area surrounding the Pearl River estuary, where the Pearl River flows into the South China Sea?","Cantonese embroidery, or Yue embroidery, is a style of embroidery folk art of which region, the low-lying area surrounding the Pearl River estuary, where the Pearl River flows into the South China Sea?
Let's think step by step.",
The Democratic Majority Leader of the Congressional Friends of Denmark was from what congressional district?,The Democratic Majority Leader of the Congressional Friends of Denmark was from what congressional district?,"The Democratic Majority Leader of the Congressional Friends of Denmark was from what congressional district?
Let's think step by step.",
Who was an American actor and released a film by 20th Century Fox?,Who was an American actor and released a film by 20th Century Fox?,"Who was an American actor and released a film by 20th Century Fox?
Let's think step by step.",
origin of surname mcdonnell,origin of surname mcdonnell,"origin of surname mcdonnell
Let's think step by step.",
how to be a good laundry attendant,how to be a good laundry attendant,"how to be a good laundry attendant
Let's think step by step.",
hooked acromion process definition,hooked acromion process definition,"hooked acromion process definition
Let's think step by step.",
Which is the film genre of the series of Unmasked?,Which is the film genre of the series of Unmasked?,"Which is the film genre of the series of Unmasked?
Let's think step by step.",
what is gold volatility,what is gold volatility,"what is gold volatility
Let's think step by step.",
"Was humanism Napoleon""s religion?","Was humanism Napoleon""s religion?","Was humanism Napoleon""s religion?
Let's think step by step.",
"What is the name of the 15-part BBC television documentary series hosted by one of Jessica Warner's fellow historians who praised her book, ""John the Painter: Terrorist of the American Revolution""?","What is the name of the 15-part BBC television documentary series hosted by one of Jessica Warner's fellow historians who praised her book, ""John the Painter: Terrorist of the American Revolution""?","What is the name of the 15-part BBC television documentary series hosted by one of Jessica Warner's fellow historians who praised her book, ""John the Painter: Terrorist of the American Revolution""?
Let's think step by step.",
"What band has recorded ""Bless the Broken Road"" other than Rascal Flatts?","What band has recorded ""Bless the Broken Road"" other than Rascal Flatts?","What band has recorded ""Bless the Broken Road"" other than Rascal Flatts?
Let's think step by step.",
"Just Tell Me What You Want is a 1980 American comedy film, directed by Sidney Lumet, stars include in it, is which American actor and comedian known for his biting wit and often angry humorous rants, and became well known as a Jewish comedian and satirist?","Just Tell Me What You Want is a 1980 American comedy film, directed by Sidney Lumet, stars include in it, is which American actor and comedian known for his biting wit and often angry humorous rants, and became well known as a Jewish comedian and satirist?","Just Tell Me What You Want is a 1980 American comedy film, directed by Sidney Lumet, stars include in it, is which American actor and comedian known for his biting wit and often angry humorous rants, and became well known as a Jewish comedian and satirist?
Let's think step by step.",
Who has played Please Don't Make My Cry?,Who has played Please Don't Make My Cry?,"Who has played Please Don't Make My Cry?
Let's think step by step.",
how long to reheat meatloaf in oven,how long to reheat meatloaf in oven,"how long to reheat meatloaf in oven
Let's think step by step.",
what is cre,what is cre,"what is cre
Let's think step by step.",
"Which Canadian sports announcer started his career at 16 and now does the play-by-play on ""Showtime Championship Boxing""?","Which Canadian sports announcer started his career at 16 and now does the play-by-play on ""Showtime Championship Boxing""?","Which Canadian sports announcer started his career at 16 and now does the play-by-play on ""Showtime Championship Boxing""?
Let's think step by step.",
how long before a certified check clears,how long before a certified check clears,"how long before a certified check clears
Let's think step by step.",
infraorbital foramen definition,infraorbital foramen definition,"infraorbital foramen definition
Let's think step by step.",
How many years did the last Democratic governor of Alabama serve in Alabama government?,How many years did the last Democratic governor of Alabama serve in Alabama government?,"How many years did the last Democratic governor of Alabama serve in Alabama government?
Let's think step by step.",
Are Fei Mu and Jean-Marc Vallée both film directors?,Are Fei Mu and Jean-Marc Vallée both film directors?,"Are Fei Mu and Jean-Marc Vallée both film directors?
Let's think step by step.",
What is the name of the Roller Coaster that shares an area with the Kali River Rapids and is about the Yeti protecting the Forbidden Mountain next to Mount Everest?,What is the name of the Roller Coaster that shares an area with the Kali River Rapids and is about the Yeti protecting the Forbidden Mountain next to Mount Everest?,"What is the name of the Roller Coaster that shares an area with the Kali River Rapids and is about the Yeti protecting the Forbidden Mountain next to Mount Everest?
Let's think step by step.",
"Powell Observatory is an astronomical observatory located near Louisburg in Miami County, Kansas, near Kansas City, as of the 2010 census, the city population was 4,315, in which country is it located?","Powell Observatory is an astronomical observatory located near Louisburg in Miami County, Kansas, near Kansas City, as of the 2010 census, the city population was 4,315, in which country is it located?","Powell Observatory is an astronomical observatory located near Louisburg in Miami County, Kansas, near Kansas City, as of the 2010 census, the city population was 4,315, in which country is it located?
Let's think step by step.",
how to pay loan on sba,how to pay loan on sba,"how to pay loan on sba
Let's think step by step.",
why use sea waybill,why use sea waybill,"why use sea waybill
Let's think step by step.",
"What actress starred in an American-Canadian drama television series between December 3, 2000 and August 7, 2005?","What actress starred in an American-Canadian drama television series between December 3, 2000 and August 7, 2005?","What actress starred in an American-Canadian drama television series between December 3, 2000 and August 7, 2005?
Let's think step by step.",
"Which player from the Sacramento Kings had 9,014 career points?","Which player from the Sacramento Kings had 9,014 career points?","Which player from the Sacramento Kings had 9,014 career points?
Let's think step by step.",
"Mad Men starred Jon Hamm, Elisabeth Moss, Vincent Kartheiser, January Jones, Christina Hendricks, Bryan Batt, Aaron Staton, Rich Sommer, Maggie Siff and what American actor born in 1977","Mad Men starred Jon Hamm, Elisabeth Moss, Vincent Kartheiser, January Jones, Christina Hendricks, Bryan Batt, Aaron Staton, Rich Sommer, Maggie Siff and what American actor born in 1977","Mad Men starred Jon Hamm, Elisabeth Moss, Vincent Kartheiser, January Jones, Christina Hendricks, Bryan Batt, Aaron Staton, Rich Sommer, Maggie Siff and what American actor born in 1977
Let's think step by step.",
"Who was born earlier, Ricardo Iorio or Sarah Nixey?","Who was born earlier, Ricardo Iorio or Sarah Nixey?","Who was born earlier, Ricardo Iorio or Sarah Nixey?
Let's think step by step.",
In what year did the eruption occur that laid down the lava upon which a famous forest visible from the Tenjō-Yama Park Mt. Kachi Kachi Ropeway? ,In what year did the eruption occur that laid down the lava upon which a famous forest visible from the Tenjō-Yama Park Mt. Kachi Kachi Ropeway? ,"In what year did the eruption occur that laid down the lava upon which a famous forest visible from the Tenjō-Yama Park Mt. Kachi Kachi Ropeway? 
Let's think step by step.",
What World War I battle took place the month before Max von Hausen was relieved of command?,What World War I battle took place the month before Max von Hausen was relieved of command?,"What World War I battle took place the month before Max von Hausen was relieved of command?
Let's think step by step.",
Who is the writer of Capitalism and Freedom who holds position as president?,Who is the writer of Capitalism and Freedom who holds position as president?,"Who is the writer of Capitalism and Freedom who holds position as president?
Let's think step by step.",
"What is this association football award that recognises the best Premier League player each month of the season, which is announced with the Premier League Manager of the Month, currently called?","What is this association football award that recognises the best Premier League player each month of the season, which is announced with the Premier League Manager of the Month, currently called?","What is this association football award that recognises the best Premier League player each month of the season, which is announced with the Premier League Manager of the Month, currently called?
Let's think step by step.",
"Which businessman, born in 1853, made his fortune in Kimberley, South Africa?","Which businessman, born in 1853, made his fortune in Kimberley, South Africa?","Which businessman, born in 1853, made his fortune in Kimberley, South Africa?
Let's think step by step.",
Tell me an arithmetic calendar that has the word calendar in it's name.,Tell me an arithmetic calendar that has the word calendar in it's name.,"Tell me an arithmetic calendar that has the word calendar in it's name.
Let's think step by step.",
What direction does Australian Grand Prix and Adelaide Street Circuit have in common?,What direction does Australian Grand Prix and Adelaide Street Circuit have in common?,"What direction does Australian Grand Prix and Adelaide Street Circuit have in common?
Let's think step by step.",
"Which rock band was formed first, A Rocket to the Moon or Superheaven?","Which rock band was formed first, A Rocket to the Moon or Superheaven?","Which rock band was formed first, A Rocket to the Moon or Superheaven?
Let's think step by step.",
What were the characteristics of the historical inhabitants of Macau?,What were the characteristics of the historical inhabitants of Macau?,"What were the characteristics of the historical inhabitants of Macau?
Let's think step by step.",
how to do transformer ratio,how to do transformer ratio,"how to do transformer ratio
Let's think step by step.",
james a banks net worth,james a banks net worth,"james a banks net worth
Let's think step by step.",
what does a transfer case do,what does a transfer case do,"what does a transfer case do
Let's think step by step.",
What is the profession of both Daniel Greenberger and Anton Zeilinger?,What is the profession of both Daniel Greenberger and Anton Zeilinger?,"What is the profession of both Daniel Greenberger and Anton Zeilinger?
Let's think step by step.",
what year did the first cobra mustang come out,what year did the first cobra mustang come out,"what year did the first cobra mustang come out
Let's think step by step.",
"When did the series that had an American professional mixed martial arts fighter born on August 13, 1972 as a contestant premiere?","When did the series that had an American professional mixed martial arts fighter born on August 13, 1972 as a contestant premiere?","When did the series that had an American professional mixed martial arts fighter born on August 13, 1972 as a contestant premiere?
Let's think step by step.",
cost per year for audible,cost per year for audible,"cost per year for audible
Let's think step by step.",
"How many feature films has the Irish-American actor who appeared in ""Frankenstein"" (1994) and ""Practical Magic"" 1998 starred in","How many feature films has the Irish-American actor who appeared in ""Frankenstein"" (1994) and ""Practical Magic"" 1998 starred in","How many feature films has the Irish-American actor who appeared in ""Frankenstein"" (1994) and ""Practical Magic"" 1998 starred in
Let's think step by step.",
What is the name of the intermediate cable car station that is used to climb the Titlis mountain in the Uri Alps?,What is the name of the intermediate cable car station that is used to climb the Titlis mountain in the Uri Alps?,"What is the name of the intermediate cable car station that is used to climb the Titlis mountain in the Uri Alps?
Let's think step by step.",
"Which case happened first, Reynolds v. United States, or Adarand Constructors, Inc. v. Peña?","Which case happened first, Reynolds v. United States, or Adarand Constructors, Inc. v. Peña?","Which case happened first, Reynolds v. United States, or Adarand Constructors, Inc. v. Peña?
Let's think step by step.",
secant geometry definition,secant geometry definition,"secant geometry definition
Let's think step by step.",
what is morocco main language,what is morocco main language,"what is morocco main language
Let's think step by step.",
"Where did the prince whose name means ""fortunate"" sailed to in 1170?","Where did the prince whose name means ""fortunate"" sailed to in 1170?","Where did the prince whose name means ""fortunate"" sailed to in 1170?
Let's think step by step.",
What team was the current assistant coach for the South Florida Bulls re-signed to after being released from the Washington Wizards?,What team was the current assistant coach for the South Florida Bulls re-signed to after being released from the Washington Wizards?,"What team was the current assistant coach for the South Florida Bulls re-signed to after being released from the Washington Wizards?
Let's think step by step.",
what is the function of membrane proteins,what is the function of membrane proteins,"what is the function of membrane proteins
Let's think step by step.",
"Which air force base is the headquarters for the Eastern Air Defense Sector and located 12 mi east of Panama City, Florida?","Which air force base is the headquarters for the Eastern Air Defense Sector and located 12 mi east of Panama City, Florida?","Which air force base is the headquarters for the Eastern Air Defense Sector and located 12 mi east of Panama City, Florida?
Let's think step by step.",
how common is Achondroplasia,how common is Achondroplasia,"how common is Achondroplasia
Let's think step by step.",
what is orgonite used for,what is orgonite used for,"what is orgonite used for
Let's think step by step.",
do anti inflammatories make you gain weight,do anti inflammatories make you gain weight,"do anti inflammatories make you gain weight
Let's think step by step.",
 Ike is a 1979 television miniseries based on a 1948 memoir by a member of what corps?, Ike is a 1979 television miniseries based on a 1948 memoir by a member of what corps?," Ike is a 1979 television miniseries based on a 1948 memoir by a member of what corps?
Let's think step by step.",
why are abandoned villages in spain for sale?,why are abandoned villages in spain for sale?,"why are abandoned villages in spain for sale?
Let's think step by step.",
Which is the Familypedia person ID for Clement Attlee?,Which is the Familypedia person ID for Clement Attlee?,"Which is the Familypedia person ID for Clement Attlee?
Let's think step by step.",
what are endorphins,what are endorphins,"what are endorphins
Let's think step by step.",
George Britton is known for playing the rold of Emile de Becque succeeding the actor who passed away in which year ?,George Britton is known for playing the rold of Emile de Becque succeeding the actor who passed away in which year ?,"George Britton is known for playing the rold of Emile de Becque succeeding the actor who passed away in which year ?
Let's think step by step.",
what is dysmetabolic syndrome,what is dysmetabolic syndrome,"what is dysmetabolic syndrome
Let's think step by step.",
What is used as a treatment to treat the medical condition of bupivacaine?,What is used as a treatment to treat the medical condition of bupivacaine?,"What is used as a treatment to treat the medical condition of bupivacaine?
Let's think step by step.",
who coined the term democratic socialist,who coined the term democratic socialist,"who coined the term democratic socialist
Let's think step by step.",
Luigi Gervasi was nominated for a Best Art Direction Academy Award for a film based on a play by what playwriter?,Luigi Gervasi was nominated for a Best Art Direction Academy Award for a film based on a play by what playwriter?,"Luigi Gervasi was nominated for a Best Art Direction Academy Award for a film based on a play by what playwriter?
Let's think step by step.",
When was the founder of The Warden and the College of the Souls of All Faithful People Deceased in the University of Oxford born?,When was the founder of The Warden and the College of the Souls of All Faithful People Deceased in the University of Oxford born?,"When was the founder of The Warden and the College of the Souls of All Faithful People Deceased in the University of Oxford born?
Let's think step by step.",
"What should you do to show respect when walking the trail Oahu trial that leads to a 150 foot waterfall, on the night of Kane, Ku, Lono, or Kanaloa at sunset and just before the sunrises?","What should you do to show respect when walking the trail Oahu trial that leads to a 150 foot waterfall, on the night of Kane, Ku, Lono, or Kanaloa at sunset and just before the sunrises?","What should you do to show respect when walking the trail Oahu trial that leads to a 150 foot waterfall, on the night of Kane, Ku, Lono, or Kanaloa at sunset and just before the sunrises?
Let's think step by step.",
Did Ivan Magrin-Chagnolleau and Upendra Rao both originate from France?,Did Ivan Magrin-Chagnolleau and Upendra Rao both originate from France?,"Did Ivan Magrin-Chagnolleau and Upendra Rao both originate from France?
Let's think step by step.",
Where was the British singer-songwriter who composed The Princess Bride's soundtrack born?,Where was the British singer-songwriter who composed The Princess Bride's soundtrack born?,"Where was the British singer-songwriter who composed The Princess Bride's soundtrack born?
Let's think step by step.",
What kind of books does American author William Kennedy and French-Canadian author S. M. Stirling write?,What kind of books does American author William Kennedy and French-Canadian author S. M. Stirling write?,"What kind of books does American author William Kennedy and French-Canadian author S. M. Stirling write?
Let's think step by step.",
average price of a home in las vegas nv,average price of a home in las vegas nv,"average price of a home in las vegas nv
Let's think step by step.",
solar post pull test cost,solar post pull test cost,"solar post pull test cost
Let's think step by step.",
Desperado was on the album recorded at what London studio?,Desperado was on the album recorded at what London studio?,"Desperado was on the album recorded at what London studio?
Let's think step by step.",
What year did Brady James Monson Corbet make his film directorial debut?,What year did Brady James Monson Corbet make his film directorial debut?,"What year did Brady James Monson Corbet make his film directorial debut?
Let's think step by step.",
salary range for licensed insurance agent,salary range for licensed insurance agent,"salary range for licensed insurance agent
Let's think step by step.",
optimal level of hdl,optimal level of hdl,"optimal level of hdl
Let's think step by step.",
Who wrote the 2014 RITA Award winning novel No Good Duke Goes Unpunished?,Who wrote the 2014 RITA Award winning novel No Good Duke Goes Unpunished?,"Who wrote the 2014 RITA Award winning novel No Good Duke Goes Unpunished?
Let's think step by step.",
What is the {product} of {papermaking} which is {made of} {bleach} called?,What is the {product} of {papermaking} which is {made of} {bleach} called?,"What is the {product} of {papermaking} which is {made of} {bleach} called?
Let's think step by step.",
what is a perennial,what is a perennial,"what is a perennial
Let's think step by step.",
What was Charles Babbage academic degree in 1814?,What was Charles Babbage academic degree in 1814?,"What was Charles Babbage academic degree in 1814?
Let's think step by step.",
what is the purpose of loop drawings,what is the purpose of loop drawings,"what is the purpose of loop drawings
Let's think step by step.",
Martha Graham Center of Contemporary Dance focuses on teaching the technique that was the influence of whose techniques?,Martha Graham Center of Contemporary Dance focuses on teaching the technique that was the influence of whose techniques?,"Martha Graham Center of Contemporary Dance focuses on teaching the technique that was the influence of whose techniques?
Let's think step by step.",
the us out spends the rest of the world on military,the us out spends the rest of the world on military,"the us out spends the rest of the world on military
Let's think step by step.",
"Shaoyang and Haiyang, are in which country?","Shaoyang and Haiyang, are in which country?","Shaoyang and Haiyang, are in which country?
Let's think step by step.",
When was the athlete  who won the women's 2013 CrossFit Games born? ,When was the athlete  who won the women's 2013 CrossFit Games born? ,"When was the athlete  who won the women's 2013 CrossFit Games born? 
Let's think step by step.",
how long to keep tax records corporate,how long to keep tax records corporate,"how long to keep tax records corporate
Let's think step by step.",
what are gateway city,what are gateway city,"what are gateway city
Let's think step by step.",
cost saving initiatives,cost saving initiatives,"cost saving initiatives
Let's think step by step.",
"Asia Argento and Bertrand Tavernier, have which mutual occupation?","Asia Argento and Bertrand Tavernier, have which mutual occupation?","Asia Argento and Bertrand Tavernier, have which mutual occupation?
Let's think step by step.",
can veeam do file level backup,can veeam do file level backup,"can veeam do file level backup
Let's think step by step.",
"Where is the university, for which Scott Beerer was a pitcher and outfielder prior to his professional career, located?","Where is the university, for which Scott Beerer was a pitcher and outfielder prior to his professional career, located?","Where is the university, for which Scott Beerer was a pitcher and outfielder prior to his professional career, located?
Let's think step by step.",
"Which construction company built the largest airport in the Upper Midwest region of Minnesota, Iowa, Nebraska, North Dakota, South Dakota, and Wisconsin?","Which construction company built the largest airport in the Upper Midwest region of Minnesota, Iowa, Nebraska, North Dakota, South Dakota, and Wisconsin?","Which construction company built the largest airport in the Upper Midwest region of Minnesota, Iowa, Nebraska, North Dakota, South Dakota, and Wisconsin?
Let's think step by step.",
how much does a physical therapist charge per visit,how much does a physical therapist charge per visit,"how much does a physical therapist charge per visit
Let's think step by step.",
what does a particle counter measure,what does a particle counter measure,"what does a particle counter measure
Let's think step by step.",
how long to hard boil eggs last,how long to hard boil eggs last,"how long to hard boil eggs last
Let's think step by step.",
what are pears good for,what are pears good for,"what are pears good for
Let's think step by step.",
"What year did the actor that played Blackie Parrish on ""General Hospital"" play in Never Too Young To Die?","What year did the actor that played Blackie Parrish on ""General Hospital"" play in Never Too Young To Die?","What year did the actor that played Blackie Parrish on ""General Hospital"" play in Never Too Young To Die?
Let's think step by step.",
what is the biggest island in the world,what is the biggest island in the world,"what is the biggest island in the world
Let's think step by step.",
what is biomedical science,what is biomedical science,"what is biomedical science
Let's think step by step.",
how much does a tetrapod cost,how much does a tetrapod cost,"how much does a tetrapod cost
Let's think step by step.",
Name a film David Spade voice acted in.,Name a film David Spade voice acted in.,"Name a film David Spade voice acted in.
Let's think step by step.",
which kingdom is the smallest,which kingdom is the smallest,"which kingdom is the smallest
Let's think step by step.",
"Who produced the 1984 American musical comedy that starred the actress who also played the title character in the sitcom ""Alice""?","Who produced the 1984 American musical comedy that starred the actress who also played the title character in the sitcom ""Alice""?","Who produced the 1984 American musical comedy that starred the actress who also played the title character in the sitcom ""Alice""?
Let's think step by step.",
are braces good for your teeth,are braces good for your teeth,"are braces good for your teeth
Let's think step by step.",
what organs makes up the abdominopelvic cavity in cats,what organs makes up the abdominopelvic cavity in cats,"what organs makes up the abdominopelvic cavity in cats
Let's think step by step.",
A Yellow Raft in Blue Water was written by the Chair of Native American Studies at which college?,A Yellow Raft in Blue Water was written by the Chair of Native American Studies at which college?,"A Yellow Raft in Blue Water was written by the Chair of Native American Studies at which college?
Let's think step by step.",
how to hide a large aquarium filter,how to hide a large aquarium filter,"how to hide a large aquarium filter
Let's think step by step.",
"Liebeslieder Walzer, Op. 52, are a collection of love songs in Ländler style for voices and piano four hands, written by Johannes Brahms, he was a German composer and pianist of the Romantic period, and born in which city?","Liebeslieder Walzer, Op. 52, are a collection of love songs in Ländler style for voices and piano four hands, written by Johannes Brahms, he was a German composer and pianist of the Romantic period, and born in which city?","Liebeslieder Walzer, Op. 52, are a collection of love songs in Ländler style for voices and piano four hands, written by Johannes Brahms, he was a German composer and pianist of the Romantic period, and born in which city?
Let's think step by step.",
did congress create the circuit courts of appeal,did congress create the circuit courts of appeal,"did congress create the circuit courts of appeal
Let's think step by step.",
Lamedh is part of what type of script used in writing the Hebrew language?,Lamedh is part of what type of script used in writing the Hebrew language?,"Lamedh is part of what type of script used in writing the Hebrew language?
Let's think step by step.",
is sulfur hexafluoride polar,is sulfur hexafluoride polar,"is sulfur hexafluoride polar
Let's think step by step.",
what is annona muricata,what is annona muricata,"what is annona muricata
Let's think step by step.",
"What year did funny animal cartoon character, Minnie Mouse, appear in  Mickey's Orphans?","What year did funny animal cartoon character, Minnie Mouse, appear in  Mickey's Orphans?","What year did funny animal cartoon character, Minnie Mouse, appear in  Mickey's Orphans?
Let's think step by step.",
what is fraud misrepresentation,what is fraud misrepresentation,"what is fraud misrepresentation
Let's think step by step.",
"Where is this American alternative singer and songwriter who released the album ""Forever for Now"" originally from?","Where is this American alternative singer and songwriter who released the album ""Forever for Now"" originally from?","Where is this American alternative singer and songwriter who released the album ""Forever for Now"" originally from?
Let's think step by step.",
"What actor from the TV actor from the series ""Harry and the Hendersons""  starred in a movie with Arnold Schwarzenegger?","What actor from the TV actor from the series ""Harry and the Hendersons""  starred in a movie with Arnold Schwarzenegger?","What actor from the TV actor from the series ""Harry and the Hendersons""  starred in a movie with Arnold Schwarzenegger?
Let's think step by step.",
What is ICD-9  for tuberculosis,What is ICD-9  for tuberculosis,"What is ICD-9  for tuberculosis
Let's think step by step.",
"Which genus has more species, Carex or Bloomeria?","Which genus has more species, Carex or Bloomeria?","Which genus has more species, Carex or Bloomeria?
Let's think step by step.",
"Universal Studios Korea, is a cancelled theme park to constructed in the vicinity of Hwaseong, South Korea, if the park was constructed, become the fifth Universal Studios theme park in the world, and the fourth in Asia, including Universal Studios Beijing, is the upcoming Universal theme park in the Chinese capital of Beijing that will open around which year?","Universal Studios Korea, is a cancelled theme park to constructed in the vicinity of Hwaseong, South Korea, if the park was constructed, become the fifth Universal Studios theme park in the world, and the fourth in Asia, including Universal Studios Beijing, is the upcoming Universal theme park in the Chinese capital of Beijing that will open around which year?","Universal Studios Korea, is a cancelled theme park to constructed in the vicinity of Hwaseong, South Korea, if the park was constructed, become the fifth Universal Studios theme park in the world, and the fourth in Asia, including Universal Studios Beijing, is the upcoming Universal theme park in the Chinese capital of Beijing that will open around which year?
Let's think step by step.",
Which state has the city that is the twin city of Geneva?,Which state has the city that is the twin city of Geneva?,"Which state has the city that is the twin city of Geneva?
Let's think step by step.",
Who is Microsoft's chief executive officer and chairperson?,Who is Microsoft's chief executive officer and chairperson?,"Who is Microsoft's chief executive officer and chairperson?
Let's think step by step.",
"What 2,363 seat live performance venue was At the Ryman recorded?","What 2,363 seat live performance venue was At the Ryman recorded?","What 2,363 seat live performance venue was At the Ryman recorded?
Let's think step by step.",
"What is the Deezer ID for the album ""Kind of Blue""?","What is the Deezer ID for the album ""Kind of Blue""?","What is the Deezer ID for the album ""Kind of Blue""?
Let's think step by step.",
is manager salary,is manager salary,"is manager salary
Let's think step by step.",
"Which man, Tim Rice or Studs Terkel, is best known for his collaborations with Andrew Lloyd Webber?","Which man, Tim Rice or Studs Terkel, is best known for his collaborations with Andrew Lloyd Webber?","Which man, Tim Rice or Studs Terkel, is best known for his collaborations with Andrew Lloyd Webber?
Let's think step by step.",
how did the northern renaissance start,how did the northern renaissance start,"how did the northern renaissance start
Let's think step by step.",
how to be a licensed building inspector,how to be a licensed building inspector,"how to be a licensed building inspector
Let's think step by step.",
when does mechanical isolation,when does mechanical isolation,"when does mechanical isolation
Let's think step by step.",
Who did the team coached by Bob Stoops play in the 2008 Dr. Pepper Big 12 Championship Game?,Who did the team coached by Bob Stoops play in the 2008 Dr. Pepper Big 12 Championship Game?,"Who did the team coached by Bob Stoops play in the 2008 Dr. Pepper Big 12 Championship Game?
Let's think step by step.",
Carl Theodor Dreyer and John Sturges have what career in common?,Carl Theodor Dreyer and John Sturges have what career in common?,"Carl Theodor Dreyer and John Sturges have what career in common?
Let's think step by step.",
what is propane gas,what is propane gas,"what is propane gas
Let's think step by step.",
submarine definition,submarine definition,"submarine definition
Let's think step by step.",
The band responsible for the album God Hates Us All was formed in what year?,The band responsible for the album God Hates Us All was formed in what year?,"The band responsible for the album God Hates Us All was formed in what year?
Let's think step by step.",
"""When a Killer Calls"" was released un 2006 to  coincide with the theatrical release of a remake directed by who?","""When a Killer Calls"" was released un 2006 to  coincide with the theatrical release of a remake directed by who?","""When a Killer Calls"" was released un 2006 to  coincide with the theatrical release of a remake directed by who?
Let's think step by step.",
how much does a medical lab tech make,how much does a medical lab tech make,"how much does a medical lab tech make
Let's think step by step.",
"From what country did Atlas Shrugged originate, and in what language was the work written?","From what country did Atlas Shrugged originate, and in what language was the work written?","From what country did Atlas Shrugged originate, and in what language was the work written?
Let's think step by step.",
dimensions of an acre of ground,dimensions of an acre of ground,"dimensions of an acre of ground
Let's think step by step.",
When was the position of Harold Holt as Member of the Australian House of Representatives came to an end?,When was the position of Harold Holt as Member of the Australian House of Representatives came to an end?,"When was the position of Harold Holt as Member of the Australian House of Representatives came to an end?
Let's think step by step.",
"Area code 580 serves which city in and the county seat of Pontotoc County, Oklahoma, United States?","Area code 580 serves which city in and the county seat of Pontotoc County, Oklahoma, United States?","Area code 580 serves which city in and the county seat of Pontotoc County, Oklahoma, United States?
Let's think step by step.",
a tumor composed of star-shaped neuroglial cells is called,a tumor composed of star-shaped neuroglial cells is called,"a tumor composed of star-shaped neuroglial cells is called
Let's think step by step.",
What is the PhD advisor of Roger Cotes best known for?,What is the PhD advisor of Roger Cotes best known for?,"What is the PhD advisor of Roger Cotes best known for?
Let's think step by step.",
How many things did Juventus F.C. found?,How many things did Juventus F.C. found?,"How many things did Juventus F.C. found?
Let's think step by step.",
what is flagstone,what is flagstone,"what is flagstone
Let's think step by step.",
can spoiled frozen broccoli make you sick,can spoiled frozen broccoli make you sick,"can spoiled frozen broccoli make you sick
Let's think step by step.",
Who gave the {type of taxon} of {taxon parent} of {Chlorophyta} ?,Who gave the {type of taxon} of {taxon parent} of {Chlorophyta} ?,"Who gave the {type of taxon} of {taxon parent} of {Chlorophyta} ?
Let's think step by step.",
When was the Austrian composer who composed The String Quartet No. 5 (D 68) in B-flat major born ,When was the Austrian composer who composed The String Quartet No. 5 (D 68) in B-flat major born ,"When was the Austrian composer who composed The String Quartet No. 5 (D 68) in B-flat major born 
Let's think step by step.",
What region of Salerno divides into Teggiano?,What region of Salerno divides into Teggiano?,"What region of Salerno divides into Teggiano?
Let's think step by step.",
"What is the ""Say Good NIght To Illiteracy"" book series publisher's original motto?","What is the ""Say Good NIght To Illiteracy"" book series publisher's original motto?","What is the ""Say Good NIght To Illiteracy"" book series publisher's original motto?
Let's think step by step.",
Is it true that the operating income of the AeroLogic is less than 9840000?,Is it true that the operating income of the AeroLogic is less than 9840000?,"Is it true that the operating income of the AeroLogic is less than 9840000?
Let's think step by step.",
what is the price of barley per ton,what is the price of barley per ton,"what is the price of barley per ton
Let's think step by step.",
What does manure produce as a by-product?,What does manure produce as a by-product?,"What does manure produce as a by-product?
Let's think step by step.",
"Right Now Kapow was created by one of the creators of a magazine-based show that premiered on what station on September 6, 2010?","Right Now Kapow was created by one of the creators of a magazine-based show that premiered on what station on September 6, 2010?","Right Now Kapow was created by one of the creators of a magazine-based show that premiered on what station on September 6, 2010?
Let's think step by step.",
what causes the parathyroid gland to increase PTH secretion,what causes the parathyroid gland to increase PTH secretion,"what causes the parathyroid gland to increase PTH secretion
Let's think step by step.",
What is the name of the movie directed by Steven Spielberg about Leo Rosner's survival story?,What is the name of the movie directed by Steven Spielberg about Leo Rosner's survival story?,"What is the name of the movie directed by Steven Spielberg about Leo Rosner's survival story?
Let's think step by step.",
which zone is angel in,which zone is angel in,"which zone is angel in
Let's think step by step.",
 Edom appears in written sources relating to the late Bronze Age and to the Iron Age in  a geographical term that refers to a large area in Southwest what?, Edom appears in written sources relating to the late Bronze Age and to the Iron Age in  a geographical term that refers to a large area in Southwest what?," Edom appears in written sources relating to the late Bronze Age and to the Iron Age in  a geographical term that refers to a large area in Southwest what?
Let's think step by step.",
what was the civil rights law,what was the civil rights law,"what was the civil rights law
Let's think step by step.",
how long does it take to get caffeine out of your system,how long does it take to get caffeine out of your system,"how long does it take to get caffeine out of your system
Let's think step by step.",
Where was one of the founder's of Gruppe Olten's novella first published in English?,Where was one of the founder's of Gruppe Olten's novella first published in English?,"Where was one of the founder's of Gruppe Olten's novella first published in English?
Let's think step by step.",
What area does Salt Creek Falls and Multnomah Falls have in common?,What area does Salt Creek Falls and Multnomah Falls have in common?,"What area does Salt Creek Falls and Multnomah Falls have in common?
Let's think step by step.",
"What was the occupation (until 2005) of the investigative journalist for a a British fortnightly satirical and current affairs news magazine, founded in 1961?","What was the occupation (until 2005) of the investigative journalist for a a British fortnightly satirical and current affairs news magazine, founded in 1961?","What was the occupation (until 2005) of the investigative journalist for a a British fortnightly satirical and current affairs news magazine, founded in 1961?
Let's think step by step.",
iupac naming examples,iupac naming examples,"iupac naming examples
Let's think step by step.",
which states have decriminalized marijuana,which states have decriminalized marijuana,"which states have decriminalized marijuana
Let's think step by step.",
what is conduction,what is conduction,"what is conduction
Let's think step by step.",
What is the job description of job posting 225088?,What is the job description of job posting 225088?,"What is the job description of job posting 225088?
Let's think step by step.",
The Sussex Spaniel and English Cocker Spaniel are both what? ,The Sussex Spaniel and English Cocker Spaniel are both what? ,"The Sussex Spaniel and English Cocker Spaniel are both what? 
Let's think step by step.",
beef tenderloin cost,beef tenderloin cost,"beef tenderloin cost
Let's think step by step.",
"The Eau Claire Commissioners were a Minnesota–Wisconsin League minor league baseball team that played under that name from 1910 to 1912, Notably, which Major League Baseball Hall of Famer played for the team, an American professional baseball player, and the last pitcher officially permitted to throw the spitball?","The Eau Claire Commissioners were a Minnesota–Wisconsin League minor league baseball team that played under that name from 1910 to 1912, Notably, which Major League Baseball Hall of Famer played for the team, an American professional baseball player, and the last pitcher officially permitted to throw the spitball?","The Eau Claire Commissioners were a Minnesota–Wisconsin League minor league baseball team that played under that name from 1910 to 1912, Notably, which Major League Baseball Hall of Famer played for the team, an American professional baseball player, and the last pitcher officially permitted to throw the spitball?
Let's think step by step.",
Morning Glory starred the American actor who is a regular on what Showtime/BBC series?,Morning Glory starred the American actor who is a regular on what Showtime/BBC series?,"Morning Glory starred the American actor who is a regular on what Showtime/BBC series?
Let's think step by step.",
what is continental drift theory,what is continental drift theory,"what is continental drift theory
Let's think step by step.",
What is the former leader of the school of Soviet and Russian humorists's son the head of?,What is the former leader of the school of Soviet and Russian humorists's son the head of?,"What is the former leader of the school of Soviet and Russian humorists's son the head of?
Let's think step by step.",
what does the standard deviation determine in a normal distribution,what does the standard deviation determine in a normal distribution,"what does the standard deviation determine in a normal distribution
Let's think step by step.",
what age do girls start having hormones,what age do girls start having hormones,"what age do girls start having hormones
Let's think step by step.",
what does antimony do to lead,what does antimony do to lead,"what does antimony do to lead
Let's think step by step.",
Who was the student of Johann Wolfgang von Goethe?,Who was the student of Johann Wolfgang von Goethe?,"Who was the student of Johann Wolfgang von Goethe?
Let's think step by step.",
what functions do organelles in a plant cell perform,what functions do organelles in a plant cell perform,"what functions do organelles in a plant cell perform
Let's think step by step.",
describe where the caribs lived,describe where the caribs lived,"describe where the caribs lived
Let's think step by step.",
What company made a film produced by Karen Michele Dufilho-Rosen and directed by Jan Pinkava that won an Oscar?,What company made a film produced by Karen Michele Dufilho-Rosen and directed by Jan Pinkava that won an Oscar?,"What company made a film produced by Karen Michele Dufilho-Rosen and directed by Jan Pinkava that won an Oscar?
Let's think step by step.",
What 2017 movie did Darren Aronofsky and Matthew Libatique work together to film?,What 2017 movie did Darren Aronofsky and Matthew Libatique work together to film?,"What 2017 movie did Darren Aronofsky and Matthew Libatique work together to film?
Let's think step by step.",
what do echidnas eat,what do echidnas eat,"what do echidnas eat
Let's think step by step.",
how big does eucalyptus ficifolia grow,how big does eucalyptus ficifolia grow,"how big does eucalyptus ficifolia grow
Let's think step by step.",
do tendons heal,do tendons heal,"do tendons heal
Let's think step by step.",
how long should i lay down when trying to conceive,how long should i lay down when trying to conceive,"how long should i lay down when trying to conceive
Let's think step by step.",
how much travel is involved in a neurologist,how much travel is involved in a neurologist,"how much travel is involved in a neurologist
Let's think step by step.",
What written work is the foundational text of Esperanto?,What written work is the foundational text of Esperanto?,"What written work is the foundational text of Esperanto?
Let's think step by step.",
how to cure sugar headache,how to cure sugar headache,"how to cure sugar headache
Let's think step by step.",
Which forested highland is located in Lower Austria and Vienna?,Which forested highland is located in Lower Austria and Vienna?,"Which forested highland is located in Lower Austria and Vienna?
Let's think step by step.",
"In what year was the actress who was starred in the 1992 film ""This Is My Life"" with Carrie Fisher and Dan Aykroyd born?","In what year was the actress who was starred in the 1992 film ""This Is My Life"" with Carrie Fisher and Dan Aykroyd born?","In what year was the actress who was starred in the 1992 film ""This Is My Life"" with Carrie Fisher and Dan Aykroyd born?
Let's think step by step.",
"Who was the co-writer of the sequel to ""101 Dalmations"" who also co-wrote ""How to Lose a Guy in 10 Days""?","Who was the co-writer of the sequel to ""101 Dalmations"" who also co-wrote ""How to Lose a Guy in 10 Days""?","Who was the co-writer of the sequel to ""101 Dalmations"" who also co-wrote ""How to Lose a Guy in 10 Days""?
Let's think step by step.",
Where is the headquarters of an ecommerce company founded by someone who worked at an online specialty retailer for baby products?,Where is the headquarters of an ecommerce company founded by someone who worked at an online specialty retailer for baby products?,"Where is the headquarters of an ecommerce company founded by someone who worked at an online specialty retailer for baby products?
Let's think step by step.",
what type of biome is the izalco volcano found in,what type of biome is the izalco volcano found in,"what type of biome is the izalco volcano found in
Let's think step by step.",
Antonius Andreas was a pupil of which High Middle Ages philosopher?,Antonius Andreas was a pupil of which High Middle Ages philosopher?,"Antonius Andreas was a pupil of which High Middle Ages philosopher?
Let's think step by step.",
"Re-Constriction Records was a division of Cargo Music based in California, the label was founded in which year, and headed by Chase, who was previously the Music Director at KCR, a student radio station on the campus of San Diego State University?","Re-Constriction Records was a division of Cargo Music based in California, the label was founded in which year, and headed by Chase, who was previously the Music Director at KCR, a student radio station on the campus of San Diego State University?","Re-Constriction Records was a division of Cargo Music based in California, the label was founded in which year, and headed by Chase, who was previously the Music Director at KCR, a student radio station on the campus of San Diego State University?
Let's think step by step.",
Rainbow Lakes Estates is an unincorporated community in a county that had how many inhabitants in 2010 ?,Rainbow Lakes Estates is an unincorporated community in a county that had how many inhabitants in 2010 ?,"Rainbow Lakes Estates is an unincorporated community in a county that had how many inhabitants in 2010 ?
Let's think step by step.",
The man that made August von Mackensen a Prussian state councillor in 1933 was the last commander of what fighter wing once led by Manfred von Richthofen?,The man that made August von Mackensen a Prussian state councillor in 1933 was the last commander of what fighter wing once led by Manfred von Richthofen?,"The man that made August von Mackensen a Prussian state councillor in 1933 was the last commander of what fighter wing once led by Manfred von Richthofen?
Let's think step by step.",
where are salicylates absorbed,where are salicylates absorbed,"where are salicylates absorbed
Let's think step by step.",
Is the Communist Party of China still powerful and who is chairperson Hua Guofeng?,Is the Communist Party of China still powerful and who is chairperson Hua Guofeng?,"Is the Communist Party of China still powerful and who is chairperson Hua Guofeng?
Let's think step by step.",
"Who was born first, Bryan Callen or Brendan Schaub?","Who was born first, Bryan Callen or Brendan Schaub?","Who was born first, Bryan Callen or Brendan Schaub?
Let's think step by step.",
meaning of the rime of the ancient mariner poem analysis,meaning of the rime of the ancient mariner poem analysis,"meaning of the rime of the ancient mariner poem analysis
Let's think step by step.",
When was the English professional footballer born who plays as a winger for Premier League club Manchester United born who made Manchester United won the match 2–1 with goals?,When was the English professional footballer born who plays as a winger for Premier League club Manchester United born who made Manchester United won the match 2–1 with goals?,"When was the English professional footballer born who plays as a winger for Premier League club Manchester United born who made Manchester United won the match 2–1 with goals?
Let's think step by step.",
What does Damon Allen and Marcus Allen have in common?,What does Damon Allen and Marcus Allen have in common?,"What does Damon Allen and Marcus Allen have in common?
Let's think step by step.",
For What  George Bernard Shaw was nomination in the year 1925-1-1?,For What  George Bernard Shaw was nomination in the year 1925-1-1?,"For What  George Bernard Shaw was nomination in the year 1925-1-1?
Let's think step by step.",
why is fibrosis of the cardiac muscle serious,why is fibrosis of the cardiac muscle serious,"why is fibrosis of the cardiac muscle serious
Let's think step by step.",
what is the relationship between these three structures protein cell dna,what is the relationship between these three structures protein cell dna,"what is the relationship between these three structures protein cell dna
Let's think step by step.",
salary calculator per hour,salary calculator per hour,"salary calculator per hour
Let's think step by step.",
Who is the present executive chairman of the corporation which owns KPIX-TV ? ,Who is the present executive chairman of the corporation which owns KPIX-TV ? ,"Who is the present executive chairman of the corporation which owns KPIX-TV ? 
Let's think step by step.",
remodeling cost value cost of garage,remodeling cost value cost of garage,"remodeling cost value cost of garage
Let's think step by step.",
"What is  the birthplace of Harald zur Hausen, that has a partner city which is in Campo Grande?","What is  the birthplace of Harald zur Hausen, that has a partner city which is in Campo Grande?","What is  the birthplace of Harald zur Hausen, that has a partner city which is in Campo Grande?
Let's think step by step.",
cockroaches in your dream meaning,cockroaches in your dream meaning,"cockroaches in your dream meaning
Let's think step by step.",
what organs is the respiratory system involved in,what organs is the respiratory system involved in,"what organs is the respiratory system involved in
Let's think step by step.",
how to tell if a wart is cancerous,how to tell if a wart is cancerous,"how to tell if a wart is cancerous
Let's think step by step.",
Are both Huaihua and Runan County an administrative district of the same level?,Are both Huaihua and Runan County an administrative district of the same level?,"Are both Huaihua and Runan County an administrative district of the same level?
Let's think step by step.",
What English zoo owner and gambling club host purchased Howletts Zoo in 1973?,What English zoo owner and gambling club host purchased Howletts Zoo in 1973?,"What English zoo owner and gambling club host purchased Howletts Zoo in 1973?
Let's think step by step.",
which Italian actress featured in  Hardbodies 2,which Italian actress featured in  Hardbodies 2,"which Italian actress featured in  Hardbodies 2
Let's think step by step.",
what are military personnel records,what are military personnel records,"what are military personnel records
Let's think step by step.",
What year did Princess Basma bint Talal's nephew become king?,What year did Princess Basma bint Talal's nephew become king?,"What year did Princess Basma bint Talal's nephew become king?
Let's think step by step.",
easter island where is it,easter island where is it,"easter island where is it
Let's think step by step.",
what is keymod,what is keymod,"what is keymod
Let's think step by step.",
Walter Mart is a Filipino chain of community shopping malls that operates stores and other Filipino retailers including the largest health care and beauty care store where?,Walter Mart is a Filipino chain of community shopping malls that operates stores and other Filipino retailers including the largest health care and beauty care store where?,"Walter Mart is a Filipino chain of community shopping malls that operates stores and other Filipino retailers including the largest health care and beauty care store where?
Let's think step by step.",
"Besides Coral Ridge Presbyterian Church what other institution did D. James Kennedy found in Fort Lauderdale, Florida, USA?","Besides Coral Ridge Presbyterian Church what other institution did D. James Kennedy found in Fort Lauderdale, Florida, USA?","Besides Coral Ridge Presbyterian Church what other institution did D. James Kennedy found in Fort Lauderdale, Florida, USA?
Let's think step by step.",
goat island marine reserve facts,goat island marine reserve facts,"goat island marine reserve facts
Let's think step by step.",
What religion does the country of the Golden Horde follow,What religion does the country of the Golden Horde follow,"What religion does the country of the Golden Horde follow
Let's think step by step.",
In what film did Stephen Dunham star alongside Jane Fonda?,In what film did Stephen Dunham star alongside Jane Fonda?,"In what film did Stephen Dunham star alongside Jane Fonda?
Let's think step by step.",
 Toiyabe National Forest is located in a town that had how many inhabitants in 2010 ?, Toiyabe National Forest is located in a town that had how many inhabitants in 2010 ?," Toiyabe National Forest is located in a town that had how many inhabitants in 2010 ?
Let's think step by step.",
What { working language or name } does { milk } have { pronunciation audio } as { Wo - meew.ogg }?,What { working language or name } does { milk } have { pronunciation audio } as { Wo - meew.ogg }?,"What { working language or name } does { milk } have { pronunciation audio } as { Wo - meew.ogg }?
Let's think step by step.",
when was mexico colonized,when was mexico colonized,"when was mexico colonized
Let's think step by step.",
Which is the state or insular area capital in the United States with the highest point of Crown Hill Cemetery and contains the word indianapolis in it's name?,Which is the state or insular area capital in the United States with the highest point of Crown Hill Cemetery and contains the word indianapolis in it's name?,"Which is the state or insular area capital in the United States with the highest point of Crown Hill Cemetery and contains the word indianapolis in it's name?
Let's think step by step.",
is hgh worth it,is hgh worth it,"is hgh worth it
Let's think step by step.",
what is a watermelon made of,what is a watermelon made of,"what is a watermelon made of
Let's think step by step.",
what is nevis famous for,what is nevis famous for,"what is nevis famous for
Let's think step by step.",
what is radioactive nuclear waste,what is radioactive nuclear waste,"what is radioactive nuclear waste
Let's think step by step.",
How many cylinders does the engine in an Aeroprogress T-411 Wolverine have?,How many cylinders does the engine in an Aeroprogress T-411 Wolverine have?,"How many cylinders does the engine in an Aeroprogress T-411 Wolverine have?
Let's think step by step.",
how many continents are on the earth,how many continents are on the earth,"how many continents are on the earth
Let's think step by step.",
herbalife cost,herbalife cost,"herbalife cost
Let's think step by step.",
"The character of ""B-Rad"" in the 2003 American comedy film Malibu's Most Wanted is a spoof of a character in a  2002 American drama film directed by who? ","The character of ""B-Rad"" in the 2003 American comedy film Malibu's Most Wanted is a spoof of a character in a  2002 American drama film directed by who? ","The character of ""B-Rad"" in the 2003 American comedy film Malibu's Most Wanted is a spoof of a character in a  2002 American drama film directed by who? 
Let's think step by step.",
meaning of doublet,meaning of doublet,"meaning of doublet
Let's think step by step.",
Name the film that takes place in Los Angeles,Name the film that takes place in Los Angeles,"Name the film that takes place in Los Angeles
Let's think step by step.",
"Maksim ""Maks"" Aleksandrovich Chmerkovskiy, is a Ukrainian-American Latin–ballroom dance champion, choreographer, and instructor, on which date, Chmerkovskiy, paired with Meryl Elizabeth Davis, an American multi Olympic ice dancer, who won his first ""Dancing with the Stars"" title?","Maksim ""Maks"" Aleksandrovich Chmerkovskiy, is a Ukrainian-American Latin–ballroom dance champion, choreographer, and instructor, on which date, Chmerkovskiy, paired with Meryl Elizabeth Davis, an American multi Olympic ice dancer, who won his first ""Dancing with the Stars"" title?","Maksim ""Maks"" Aleksandrovich Chmerkovskiy, is a Ukrainian-American Latin–ballroom dance champion, choreographer, and instructor, on which date, Chmerkovskiy, paired with Meryl Elizabeth Davis, an American multi Olympic ice dancer, who won his first ""Dancing with the Stars"" title?
Let's think step by step.",
"Which college did the featured guitar artist in ""All to Myself"" attend?","Which college did the featured guitar artist in ""All to Myself"" attend?","Which college did the featured guitar artist in ""All to Myself"" attend?
Let's think step by step.",
What is the English translation of the 2000 romantic thriller film in which Ameesha Patel made her acting debut?,What is the English translation of the 2000 romantic thriller film in which Ameesha Patel made her acting debut?,"What is the English translation of the 2000 romantic thriller film in which Ameesha Patel made her acting debut?
Let's think step by step.",
"What is the isotope of hydrogen that follows deuterium that contains the word ""tritium"" in its name","What is the isotope of hydrogen that follows deuterium that contains the word ""tritium"" in its name","What is the isotope of hydrogen that follows deuterium that contains the word ""tritium"" in its name
Let's think step by step.",
normal bun and creatinine ratio,normal bun and creatinine ratio,"normal bun and creatinine ratio
Let's think step by step.",
causes why the white part of eye is swollen,causes why the white part of eye is swollen,"causes why the white part of eye is swollen
Let's think step by step.",
what time period is the modern era in literature,what time period is the modern era in literature,"what time period is the modern era in literature
Let's think step by step.",
is tungsten shiny,is tungsten shiny,"is tungsten shiny
Let's think step by step.",
"How many men was this American serial killer convicted of murdering who became the subject of the 2003 biographical crime drama film ""Monster?""","How many men was this American serial killer convicted of murdering who became the subject of the 2003 biographical crime drama film ""Monster?""","How many men was this American serial killer convicted of murdering who became the subject of the 2003 biographical crime drama film ""Monster?""
Let's think step by step.",
"What was the name of an animated American television series which is set in a post-apocalyptic world, with an episode named Reign of Gunters?","What was the name of an animated American television series which is set in a post-apocalyptic world, with an episode named Reign of Gunters?","What was the name of an animated American television series which is set in a post-apocalyptic world, with an episode named Reign of Gunters?
Let's think step by step.",
"Which 2006 documentary film tells the stories of three Jehovah's witnesses who, amongst other Witness teachings, claim the right to refuse to perform military service on the grounds of freedom of religion?","Which 2006 documentary film tells the stories of three Jehovah's witnesses who, amongst other Witness teachings, claim the right to refuse to perform military service on the grounds of freedom of religion?","Which 2006 documentary film tells the stories of three Jehovah's witnesses who, amongst other Witness teachings, claim the right to refuse to perform military service on the grounds of freedom of religion?
Let's think step by step.",
Which is the treatment that treats the medical condition of gold?,Which is the treatment that treats the medical condition of gold?,"Which is the treatment that treats the medical condition of gold?
Let's think step by step.",
What municipality is the Austrian village in that the lager Fucking Hell is named after?,What municipality is the Austrian village in that the lager Fucking Hell is named after?,"What municipality is the Austrian village in that the lager Fucking Hell is named after?
Let's think step by step.",
what is butyrate used for,what is butyrate used for,"what is butyrate used for
Let's think step by step.",
"American football defensive end Ahtyba Rubin, played for what football team at Iowa State University coached by Matt Campbell?","American football defensive end Ahtyba Rubin, played for what football team at Iowa State University coached by Matt Campbell?","American football defensive end Ahtyba Rubin, played for what football team at Iowa State University coached by Matt Campbell?
Let's think step by step.",
What is the work of the writers of Imidazole-containing N3S-NiII complexes relating to nickel containing biomolecules ?,What is the work of the writers of Imidazole-containing N3S-NiII complexes relating to nickel containing biomolecules ?,"What is the work of the writers of Imidazole-containing N3S-NiII complexes relating to nickel containing biomolecules ?
Let's think step by step.",
are acidic foods good for digestion,are acidic foods good for digestion,"are acidic foods good for digestion
Let's think step by step.",
what does a dulcimer sound like made of dogwood,what does a dulcimer sound like made of dogwood,"what does a dulcimer sound like made of dogwood
Let's think step by step.",
what is loci,what is loci,"what is loci
Let's think step by step.",
what station does fargo,what station does fargo,"what station does fargo
Let's think step by step.",
what is barley malt used for,what is barley malt used for,"what is barley malt used for
Let's think step by step.",
Which republic with the a minimal nominal GDP is a member of the International Finance Corporation?,Which republic with the a minimal nominal GDP is a member of the International Finance Corporation?,"Which republic with the a minimal nominal GDP is a member of the International Finance Corporation?
Let's think step by step.",
where is the isle of skye located,where is the isle of skye located,"where is the isle of skye located
Let's think step by step.",
"Which neighborhood, located in the capital and largest city of Ethiopia, is referenced in the Bole2Harlem musical collaboration?","Which neighborhood, located in the capital and largest city of Ethiopia, is referenced in the Bole2Harlem musical collaboration?","Which neighborhood, located in the capital and largest city of Ethiopia, is referenced in the Bole2Harlem musical collaboration?
Let's think step by step.",
being a doctor in the navy salary,being a doctor in the navy salary,"being a doctor in the navy salary
Let's think step by step.",
what is grazing frequency,what is grazing frequency,"what is grazing frequency
Let's think step by step.",
Who created the game which uses Palladium's Megaversal system and created in August 1990?,Who created the game which uses Palladium's Megaversal system and created in August 1990?,"Who created the game which uses Palladium's Megaversal system and created in August 1990?
Let's think step by step.",
ga income tax rate,ga income tax rate,"ga income tax rate
Let's think step by step.",
what is ketosis,what is ketosis,"what is ketosis
Let's think step by step.",
What nationality was the actor who starred in 2015 South Korean period fantasy film directed by Kim Dae-seung?,What nationality was the actor who starred in 2015 South Korean period fantasy film directed by Kim Dae-seung?,"What nationality was the actor who starred in 2015 South Korean period fantasy film directed by Kim Dae-seung?
Let's think step by step.",
Where did Frank Gehry go to college and what is his degree in?,Where did Frank Gehry go to college and what is his degree in?,"Where did Frank Gehry go to college and what is his degree in?
Let's think step by step.",
"Who plays more musical instruments, Conrad Lant or Derek Hough?","Who plays more musical instruments, Conrad Lant or Derek Hough?","Who plays more musical instruments, Conrad Lant or Derek Hough?
Let's think step by step.",
US Aiways Shuttle services an airport that is a fortress hub for who?,US Aiways Shuttle services an airport that is a fortress hub for who?,"US Aiways Shuttle services an airport that is a fortress hub for who?
Let's think step by step.",
Are McCall's and MODE both focused on plus-size consumers?,Are McCall's and MODE both focused on plus-size consumers?,"Are McCall's and MODE both focused on plus-size consumers?
Let's think step by step.",
What differentiates Recitative from Arioso music style?,What differentiates Recitative from Arioso music style?,"What differentiates Recitative from Arioso music style?
Let's think step by step.",
is japan a island,is japan a island,"is japan a island
Let's think step by step.",
what is puresis used for,what is puresis used for,"what is puresis used for
Let's think step by step.",
"Which of the following is mostly known for his film ""I Stand Alone"": Ricardo Costa or Gaspar Noé?","Which of the following is mostly known for his film ""I Stand Alone"": Ricardo Costa or Gaspar Noé?","Which of the following is mostly known for his film ""I Stand Alone"": Ricardo Costa or Gaspar Noé?
Let's think step by step.",
types of encoding in computer networks,types of encoding in computer networks,"types of encoding in computer networks
Let's think step by step.",
"Who was Carrier Fisher's spouse prior to their divorce on Jan 1st, 1983","Who was Carrier Fisher's spouse prior to their divorce on Jan 1st, 1983","Who was Carrier Fisher's spouse prior to their divorce on Jan 1st, 1983
Let's think step by step.",
what does opium do,what does opium do,"what does opium do
Let's think step by step.",
post stamp cost went up,post stamp cost went up,"post stamp cost went up
Let's think step by step.",
Charlotte Perkins Gilman wrote a autobiography with how many words?,Charlotte Perkins Gilman wrote a autobiography with how many words?,"Charlotte Perkins Gilman wrote a autobiography with how many words?
Let's think step by step.",
is the name iman for a boy or girl,is the name iman for a boy or girl,"is the name iman for a boy or girl
Let's think step by step.",
what foods contain lupin,what foods contain lupin,"what foods contain lupin
Let's think step by step.",
should drinking age be lowering positives,should drinking age be lowering positives,"should drinking age be lowering positives
Let's think step by step.",
average rainfall in pune,average rainfall in pune,"average rainfall in pune
Let's think step by step.",
what is skin disease called vitiligo,what is skin disease called vitiligo,"what is skin disease called vitiligo
Let's think step by step.",
What was the 1971 television film directed by Steven Spielburg in which the winner of an Emmy Award for Best Supporting Actor (Continuing Character) in a Dramatic Series appeared? ,What was the 1971 television film directed by Steven Spielburg in which the winner of an Emmy Award for Best Supporting Actor (Continuing Character) in a Dramatic Series appeared? ,"What was the 1971 television film directed by Steven Spielburg in which the winner of an Emmy Award for Best Supporting Actor (Continuing Character) in a Dramatic Series appeared? 
Let's think step by step.",
When was the physicist who hosted Wonders of the Solar System born? ,When was the physicist who hosted Wonders of the Solar System born? ,"When was the physicist who hosted Wonders of the Solar System born? 
Let's think step by step.",
where is pectineus muscle,where is pectineus muscle,"where is pectineus muscle
Let's think step by step.",
What is the specific gravity of lemonade?,What is the specific gravity of lemonade?,"What is the specific gravity of lemonade?
Let's think step by step.",
What is the name of the county seat of Herat that was disestablished in 1-1-1507?,What is the name of the county seat of Herat that was disestablished in 1-1-1507?,"What is the name of the county seat of Herat that was disestablished in 1-1-1507?
Let's think step by step.",
"The current host of ""Heresy"" writes weekly columns for what paper?","The current host of ""Heresy"" writes weekly columns for what paper?","The current host of ""Heresy"" writes weekly columns for what paper?
Let's think step by step.",
"Is Janet Jackson, the performer, single?","Is Janet Jackson, the performer, single?","Is Janet Jackson, the performer, single?
Let's think step by step.",
Cathode rays were first named by which German physicist?,Cathode rays were first named by which German physicist?,"Cathode rays were first named by which German physicist?
Let's think step by step.",
The Oster Conspiracy hoped to reinstate the grandson of which British Monarch as Emperor? ,The Oster Conspiracy hoped to reinstate the grandson of which British Monarch as Emperor? ,"The Oster Conspiracy hoped to reinstate the grandson of which British Monarch as Emperor? 
Let's think step by step.",
what are different types of starches,what are different types of starches,"what are different types of starches
Let's think step by step.",
"Which baseball franchise has featured in the MLB in Milwaukee, then St. Louis, before moving to its current location, and counts the trailblazing Dominican Ozzie Virgil Sr. among its former players?","Which baseball franchise has featured in the MLB in Milwaukee, then St. Louis, before moving to its current location, and counts the trailblazing Dominican Ozzie Virgil Sr. among its former players?","Which baseball franchise has featured in the MLB in Milwaukee, then St. Louis, before moving to its current location, and counts the trailblazing Dominican Ozzie Virgil Sr. among its former players?
Let's think step by step.",
what do fossils in the same rock layer show,what do fossils in the same rock layer show,"what do fossils in the same rock layer show
Let's think step by step.",
what is urogynecology surgery,what is urogynecology surgery,"what is urogynecology surgery
Let's think step by step.",
what is a calligram poem example,what is a calligram poem example,"what is a calligram poem example
Let's think step by step.",
how to become anesthesiologist assistant,how to become anesthesiologist assistant,"how to become anesthesiologist assistant
Let's think step by step.",
What was the primary position that Giovanni Drenthe's older brother player?,What was the primary position that Giovanni Drenthe's older brother player?,"What was the primary position that Giovanni Drenthe's older brother player?
Let's think step by step.",
Which fork of the Nile has its orgins in Lake Tana?,Which fork of the Nile has its orgins in Lake Tana?,"Which fork of the Nile has its orgins in Lake Tana?
Let's think step by step.",
what is the average pay of a dental assistant in arkansas,what is the average pay of a dental assistant in arkansas,"what is the average pay of a dental assistant in arkansas
Let's think step by step.",
what year was the first microscope invented,what year was the first microscope invented,"what year was the first microscope invented
Let's think step by step.",
is aortic atherosclerosis peripheral vascular disease,is aortic atherosclerosis peripheral vascular disease,"is aortic atherosclerosis peripheral vascular disease
Let's think step by step.",
what is the physical relationship of the intercostal muscles,what is the physical relationship of the intercostal muscles,"what is the physical relationship of the intercostal muscles
Let's think step by step.",
"Lino Schmidek Machado Facioli played Naples in which 2010 American black comedy film written, produced and directed by Nicholas Stoller and starring Russell Brand and Jonah Hill?","Lino Schmidek Machado Facioli played Naples in which 2010 American black comedy film written, produced and directed by Nicholas Stoller and starring Russell Brand and Jonah Hill?","Lino Schmidek Machado Facioli played Naples in which 2010 American black comedy film written, produced and directed by Nicholas Stoller and starring Russell Brand and Jonah Hill?
Let's think step by step.",
"Scott Eastwood (born Scott Clinton Reeves; March 21, 1986) is an American actor, model, and professional skydiver, he has appeared in which 2008 film American drama film directed and produced by Clint Eastwood, who also starred in the film, and co-stars Christopher Carley, Bee Vang and Ahney Her?","Scott Eastwood (born Scott Clinton Reeves; March 21, 1986) is an American actor, model, and professional skydiver, he has appeared in which 2008 film American drama film directed and produced by Clint Eastwood, who also starred in the film, and co-stars Christopher Carley, Bee Vang and Ahney Her?","Scott Eastwood (born Scott Clinton Reeves; March 21, 1986) is an American actor, model, and professional skydiver, he has appeared in which 2008 film American drama film directed and produced by Clint Eastwood, who also starred in the film, and co-stars Christopher Carley, Bee Vang and Ahney Her?
Let's think step by step.",
"Who wrote the supernatural investigation novel which derives its title from a line in the ""nunnery scene"" soliloquy of the play ""Hamlet""?","Who wrote the supernatural investigation novel which derives its title from a line in the ""nunnery scene"" soliloquy of the play ""Hamlet""?","Who wrote the supernatural investigation novel which derives its title from a line in the ""nunnery scene"" soliloquy of the play ""Hamlet""?
Let's think step by step.",
Are Chesapeake and Ohio Canal and Lake Worth Lagoon both located in Florida?,Are Chesapeake and Ohio Canal and Lake Worth Lagoon both located in Florida?,"Are Chesapeake and Ohio Canal and Lake Worth Lagoon both located in Florida?
Let's think step by step.",
what is the meaning of livia,what is the meaning of livia,"what is the meaning of livia
Let's think step by step.",
"Derek St. Holmes and Max Bemis, are guitar players?","Derek St. Holmes and Max Bemis, are guitar players?","Derek St. Holmes and Max Bemis, are guitar players?
Let's think step by step.",
"Which genus contains more species, Anchusa or Parkinsonia?","Which genus contains more species, Anchusa or Parkinsonia?","Which genus contains more species, Anchusa or Parkinsonia?
Let's think step by step.",
types of antimicrobial peptides,types of antimicrobial peptides,"types of antimicrobial peptides
Let's think step by step.",
Dylan Guthro is based in the municipality that had a population of what in 2016?,Dylan Guthro is based in the municipality that had a population of what in 2016?,"Dylan Guthro is based in the municipality that had a population of what in 2016?
Let's think step by step.",
When was the American singer and musician born who was also the client of Vern Yocum?,When was the American singer and musician born who was also the client of Vern Yocum?,"When was the American singer and musician born who was also the client of Vern Yocum?
Let's think step by step.",
why is kaliningrad where it is,why is kaliningrad where it is,"why is kaliningrad where it is
Let's think step by step.",
definition of rebozo,definition of rebozo,"definition of rebozo
Let's think step by step.",
The current occupant of the Candy Desk is a senator born in which year ?,The current occupant of the Candy Desk is a senator born in which year ?,"The current occupant of the Candy Desk is a senator born in which year ?
Let's think step by step.",
Who directed the film in which Matthew Marsh played Alexander Haig?,Who directed the film in which Matthew Marsh played Alexander Haig?,"Who directed the film in which Matthew Marsh played Alexander Haig?
Let's think step by step.",
how can medication help someone with rheumatoid arthritis,how can medication help someone with rheumatoid arthritis,"how can medication help someone with rheumatoid arthritis
Let's think step by step.",
which idea was included in the provision of the treaty of versailles to show the intent,which idea was included in the provision of the treaty of versailles to show the intent,"which idea was included in the provision of the treaty of versailles to show the intent
Let's think step by step.",
outdoor antenna installation cost,outdoor antenna installation cost,"outdoor antenna installation cost
Let's think step by step.",
Muffie Cabot was the social secretary to an American film actress who was the wife of which president of the United States?,Muffie Cabot was the social secretary to an American film actress who was the wife of which president of the United States?,"Muffie Cabot was the social secretary to an American film actress who was the wife of which president of the United States?
Let's think step by step.",
Bong Joon-ho's latest directorial credit is which 2017 action-adventure film?,Bong Joon-ho's latest directorial credit is which 2017 action-adventure film?,"Bong Joon-ho's latest directorial credit is which 2017 action-adventure film?
Let's think step by step.",
Snoop Dogg is part of which music subgenre that encompasses any artists or music that originate in the West Coast of the United States?,Snoop Dogg is part of which music subgenre that encompasses any artists or music that originate in the West Coast of the United States?,"Snoop Dogg is part of which music subgenre that encompasses any artists or music that originate in the West Coast of the United States?
Let's think step by step.",
what does suppressor mean,what does suppressor mean,"what does suppressor mean
Let's think step by step.",
dupuytren's disease pronunciation,dupuytren's disease pronunciation,"dupuytren's disease pronunciation
Let's think step by step.",
"Why did the actor who played Leo on ""That 70's Show"" stop touring with ""The Marijuana-logues?""","Why did the actor who played Leo on ""That 70's Show"" stop touring with ""The Marijuana-logues?""","Why did the actor who played Leo on ""That 70's Show"" stop touring with ""The Marijuana-logues?""
Let's think step by step.",
"Alan Rait (9 November 1908 – 24 March 1965) was an Australian rules footballer who played for Footscray in the Victorian Football League (VFL), and also played with which Australian rules football club which last played in the Tasmanian State League, nicknamed ""The Demons""?","Alan Rait (9 November 1908 – 24 March 1965) was an Australian rules footballer who played for Footscray in the Victorian Football League (VFL), and also played with which Australian rules football club which last played in the Tasmanian State League, nicknamed ""The Demons""?","Alan Rait (9 November 1908 – 24 March 1965) was an Australian rules footballer who played for Footscray in the Victorian Football League (VFL), and also played with which Australian rules football club which last played in the Tasmanian State League, nicknamed ""The Demons""?
Let's think step by step.",
how many hours from delta,how many hours from delta,"how many hours from delta
Let's think step by step.",
"Pherenikos is celebrated in epinikions, what are they?","Pherenikos is celebrated in epinikions, what are they?","Pherenikos is celebrated in epinikions, what are they?
Let's think step by step.",
how long to get rn after lpn,how long to get rn after lpn,"how long to get rn after lpn
Let's think step by step.",
what is a deer tick,what is a deer tick,"what is a deer tick
Let's think step by step.",
how much does it cost to buy equipment for a gym,how much does it cost to buy equipment for a gym,"how much does it cost to buy equipment for a gym
Let's think step by step.",
what is the constitution act,what is the constitution act,"what is the constitution act
Let's think step by step.",
"The Order of Saint Michael the Archangel and Maria Vladimirovna, Grand Duchess of Russia have both been involved with which house?","The Order of Saint Michael the Archangel and Maria Vladimirovna, Grand Duchess of Russia have both been involved with which house?","The Order of Saint Michael the Archangel and Maria Vladimirovna, Grand Duchess of Russia have both been involved with which house?
Let's think step by step.",
what is the origin of the phrase hat trick,what is the origin of the phrase hat trick,"what is the origin of the phrase hat trick
Let's think step by step.",
What country of origin does Joey Stivic and Jean Stapleton have in common?,What country of origin does Joey Stivic and Jean Stapleton have in common?,"What country of origin does Joey Stivic and Jean Stapleton have in common?
Let's think step by step.",
what cheese is stilton like,what cheese is stilton like,"what cheese is stilton like
Let's think step by step.",
"What is named after its developers, the Beetham Organisation, and is housed with what is ""the UK's first proper skyscraper outside London""?","What is named after its developers, the Beetham Organisation, and is housed with what is ""the UK's first proper skyscraper outside London""?","What is named after its developers, the Beetham Organisation, and is housed with what is ""the UK's first proper skyscraper outside London""?
Let's think step by step.",
"English actor Ben Batt appeared in ""Scott & Bailey"" as DC Kevin Lumb, the show features what fictional police team?","English actor Ben Batt appeared in ""Scott & Bailey"" as DC Kevin Lumb, the show features what fictional police team?","English actor Ben Batt appeared in ""Scott & Bailey"" as DC Kevin Lumb, the show features what fictional police team?
Let's think step by step.",
cost per square foot to build a house in tennessee,cost per square foot to build a house in tennessee,"cost per square foot to build a house in tennessee
Let's think step by step.",
"Chitwan National Park and Sites of Japan’s Meiji Industrial Revolution: Iron and Steel, Shipbuilding and Coal Mining are located in Europe?","Chitwan National Park and Sites of Japan’s Meiji Industrial Revolution: Iron and Steel, Shipbuilding and Coal Mining are located in Europe?","Chitwan National Park and Sites of Japan’s Meiji Industrial Revolution: Iron and Steel, Shipbuilding and Coal Mining are located in Europe?
Let's think step by step.",
Which casino in Louisiana is a new Vic & Anthony's supposed to open in?,Which casino in Louisiana is a new Vic & Anthony's supposed to open in?,"Which casino in Louisiana is a new Vic & Anthony's supposed to open in?
Let's think step by step.",
"What was another name for Chinese statesman, Chiang Kai-shek, in which the Battle of Shangcai was fought between the National Revolutionary Army and a coalition who opposed him?","What was another name for Chinese statesman, Chiang Kai-shek, in which the Battle of Shangcai was fought between the National Revolutionary Army and a coalition who opposed him?","What was another name for Chinese statesman, Chiang Kai-shek, in which the Battle of Shangcai was fought between the National Revolutionary Army and a coalition who opposed him?
Let's think step by step.",
"Was the boxing match between Carl Froch vs. George Groves, billed as the ""Battle of Britain"", held indoors or outdoors?","Was the boxing match between Carl Froch vs. George Groves, billed as the ""Battle of Britain"", held indoors or outdoors?","Was the boxing match between Carl Froch vs. George Groves, billed as the ""Battle of Britain"", held indoors or outdoors?
Let's think step by step.",
average cost for lawn cutting in media pa,average cost for lawn cutting in media pa,"average cost for lawn cutting in media pa
Let's think step by step.",
what is trustpilot,what is trustpilot,"what is trustpilot
Let's think step by step.",
How do you say the month of March in Anglo-Saxon?,How do you say the month of March in Anglo-Saxon?,"How do you say the month of March in Anglo-Saxon?
Let's think step by step.",
"Victoria Azarenka and Caroline Wozniacki, were the defending champions, but they chose to compete in 2010 Dubai Tennis Championships instead, Vania King and Michaëlla Krajicek won in the final against Meghann Shaughnessy, and which U.S. professional tennis player who is presently ranked No. 2, in the women's doubles rankings?","Victoria Azarenka and Caroline Wozniacki, were the defending champions, but they chose to compete in 2010 Dubai Tennis Championships instead, Vania King and Michaëlla Krajicek won in the final against Meghann Shaughnessy, and which U.S. professional tennis player who is presently ranked No. 2, in the women's doubles rankings?","Victoria Azarenka and Caroline Wozniacki, were the defending champions, but they chose to compete in 2010 Dubai Tennis Championships instead, Vania King and Michaëlla Krajicek won in the final against Meghann Shaughnessy, and which U.S. professional tennis player who is presently ranked No. 2, in the women's doubles rankings?
Let's think step by step.",
"The pop singer in the lead role in ""Tere Bin Laden"" received how many Lux Style Awards?","The pop singer in the lead role in ""Tere Bin Laden"" received how many Lux Style Awards?","The pop singer in the lead role in ""Tere Bin Laden"" received how many Lux Style Awards?
Let's think step by step.",
is castle hill bronx dangerous,is castle hill bronx dangerous,"is castle hill bronx dangerous
Let's think step by step.",
What was the nickname of the player that won the 2015 Dafabet Masters snooker tournament?,What was the nickname of the player that won the 2015 Dafabet Masters snooker tournament?,"What was the nickname of the player that won the 2015 Dafabet Masters snooker tournament?
Let's think step by step.",
how much fluid should a person drink daily,how much fluid should a person drink daily,"how much fluid should a person drink daily
Let's think step by step.",
John Kassir and Tom Kenny both voice this one character?,John Kassir and Tom Kenny both voice this one character?,"John Kassir and Tom Kenny both voice this one character?
Let's think step by step.",
What is the language regulatory body and country of Urdu?,What is the language regulatory body and country of Urdu?,"What is the language regulatory body and country of Urdu?
Let's think step by step.",
The Jumbles Reservoir is now owned by a water company founded in what year?,The Jumbles Reservoir is now owned by a water company founded in what year?,"The Jumbles Reservoir is now owned by a water company founded in what year?
Let's think step by step.",
how can you increase the kinetic energy of an object,how can you increase the kinetic energy of an object,"how can you increase the kinetic energy of an object
Let's think step by step.",
"What is the middle name of the artist who recorded the album ""Walk The Way The Wind Blows?""","What is the middle name of the artist who recorded the album ""Walk The Way The Wind Blows?""","What is the middle name of the artist who recorded the album ""Walk The Way The Wind Blows?""
Let's think step by step.",
what is the average salary of a home inspector in dallas texas,what is the average salary of a home inspector in dallas texas,"what is the average salary of a home inspector in dallas texas
Let's think step by step.",
what does diaphragmatic breathing do pelvic floor,what does diaphragmatic breathing do pelvic floor,"what does diaphragmatic breathing do pelvic floor
Let's think step by step.",
what is waterfall style furniture,what is waterfall style furniture,"what is waterfall style furniture
Let's think step by step.",
"What came out first, ""Touching the Void"" or ""All Aboard! Rosie's Family Cruise""?","What came out first, ""Touching the Void"" or ""All Aboard! Rosie's Family Cruise""?","What came out first, ""Touching the Void"" or ""All Aboard! Rosie's Family Cruise""?
Let's think step by step.",
what is enzyme role in protein synthesis,what is enzyme role in protein synthesis,"what is enzyme role in protein synthesis
Let's think step by step.",
The Rutan Voyager was piloted by the pilot and aviator from what branch of the armed forces?,The Rutan Voyager was piloted by the pilot and aviator from what branch of the armed forces?,"The Rutan Voyager was piloted by the pilot and aviator from what branch of the armed forces?
Let's think step by step.",
Are Georges Bataille and David Lodge from the same country?,Are Georges Bataille and David Lodge from the same country?,"Are Georges Bataille and David Lodge from the same country?
Let's think step by step.",
how long does it take to heal a pulled back muscle,how long does it take to heal a pulled back muscle,"how long does it take to heal a pulled back muscle
Let's think step by step.",
"Which song was the lead single For the Black Eyed Peas 5th studio Album that sampled ""take a dive""?","Which song was the lead single For the Black Eyed Peas 5th studio Album that sampled ""take a dive""?","Which song was the lead single For the Black Eyed Peas 5th studio Album that sampled ""take a dive""?
Let's think step by step.",
"The serial drama Bikhra Mera Naseeb, written by Saima Youmkus, made it's debut on what Pakastani television channel, which is owned by Geo Television Network?","The serial drama Bikhra Mera Naseeb, written by Saima Youmkus, made it's debut on what Pakastani television channel, which is owned by Geo Television Network?","The serial drama Bikhra Mera Naseeb, written by Saima Youmkus, made it's debut on what Pakastani television channel, which is owned by Geo Television Network?
Let's think step by step.",
Are Morten Harket and Ian Curtis members of bands which have the same musical style?,Are Morten Harket and Ian Curtis members of bands which have the same musical style?,"Are Morten Harket and Ian Curtis members of bands which have the same musical style?
Let's think step by step.",
herd manager salary,herd manager salary,"herd manager salary
Let's think step by step.",
how to raise humidity in incubator,how to raise humidity in incubator,"how to raise humidity in incubator
Let's think step by step.",
Which actor was born Steven James Anderson in 1964 and starred in the American action film the Package?,Which actor was born Steven James Anderson in 1964 and starred in the American action film the Package?,"Which actor was born Steven James Anderson in 1964 and starred in the American action film the Package?
Let's think step by step.",
What philosophy is the food writer who rated The Riverside Restaurant as one of his top five seafood restaurants know for?,What philosophy is the food writer who rated The Riverside Restaurant as one of his top five seafood restaurants know for?,"What philosophy is the food writer who rated The Riverside Restaurant as one of his top five seafood restaurants know for?
Let's think step by step.",
During what war was Nina Ulyanenko an air ace?,During what war was Nina Ulyanenko an air ace?,"During what war was Nina Ulyanenko an air ace?
Let's think step by step.",
Tell me conflict whose name has the word wars in it.,Tell me conflict whose name has the word wars in it.,"Tell me conflict whose name has the word wars in it.
Let's think step by step.",
On what planet did the Supreme Intelligence originate?,On what planet did the Supreme Intelligence originate?,"On what planet did the Supreme Intelligence originate?
Let's think step by step.",
"Which musical act was active first, APB or Hozier?","Which musical act was active first, APB or Hozier?","Which musical act was active first, APB or Hozier?
Let's think step by step.",
what type of solid is si,what type of solid is si,"what type of solid is si
Let's think step by step.",
During which period did mammals first appear?,During which period did mammals first appear?,"During which period did mammals first appear?
Let's think step by step.",
what are triglycerides made of,what are triglycerides made of,"what are triglycerides made of
Let's think step by step.",
When was the Colombian drug lord which was one of the Medellín Cartel with Jorge Luis Ochoa Vásquez born? ,When was the Colombian drug lord which was one of the Medellín Cartel with Jorge Luis Ochoa Vásquez born? ,"When was the Colombian drug lord which was one of the Medellín Cartel with Jorge Luis Ochoa Vásquez born? 
Let's think step by step.",
Lynn McGruder attended college in what town?,Lynn McGruder attended college in what town?,"Lynn McGruder attended college in what town?
Let's think step by step.",
"Rolex SA, is a Swiss luxury watchmaker, and was co founded, in which year, by Hans Wilsdorf, a German watchmaker, and the founder of noted watch brands Rolex and Tudor?","Rolex SA, is a Swiss luxury watchmaker, and was co founded, in which year, by Hans Wilsdorf, a German watchmaker, and the founder of noted watch brands Rolex and Tudor?","Rolex SA, is a Swiss luxury watchmaker, and was co founded, in which year, by Hans Wilsdorf, a German watchmaker, and the founder of noted watch brands Rolex and Tudor?
Let's think step by step.",
"Taktisches Luftwaffengeschwader 33, formerly known as Jagdbombergeschwader 33, the wing is based at which air base, a fighter-bomber wing of the German Air Force (""Luftwaffe""), the wing flies the Panavia Tornado IDS?","Taktisches Luftwaffengeschwader 33, formerly known as Jagdbombergeschwader 33, the wing is based at which air base, a fighter-bomber wing of the German Air Force (""Luftwaffe""), the wing flies the Panavia Tornado IDS?","Taktisches Luftwaffengeschwader 33, formerly known as Jagdbombergeschwader 33, the wing is based at which air base, a fighter-bomber wing of the German Air Force (""Luftwaffe""), the wing flies the Panavia Tornado IDS?
Let's think step by step.",
what does an electrician do,what does an electrician do,"what does an electrician do
Let's think step by step.",
can tile make a sound,can tile make a sound,"can tile make a sound
Let's think step by step.",
differences between a gene and dna,differences between a gene and dna,"differences between a gene and dna
Let's think step by step.",
"Between Gravel v. United States and Hamdan v. Rumsfeld, which case involved military commissions set up by the Bush administration?","Between Gravel v. United States and Hamdan v. Rumsfeld, which case involved military commissions set up by the Bush administration?","Between Gravel v. United States and Hamdan v. Rumsfeld, which case involved military commissions set up by the Bush administration?
Let's think step by step.",
"Ignite Your Faith and Reunions magazine, are which type of media?","Ignite Your Faith and Reunions magazine, are which type of media?","Ignite Your Faith and Reunions magazine, are which type of media?
Let's think step by step.",
Beyond Our Ken and High Paddock were connected though what?,Beyond Our Ken and High Paddock were connected though what?,"Beyond Our Ken and High Paddock were connected though what?
Let's think step by step.",
who came in 4th place at the world series poker the year that the world champion had qualified from an online poker site ?,who came in 4th place at the world series poker the year that the world champion had qualified from an online poker site ?,"who came in 4th place at the world series poker the year that the world champion had qualified from an online poker site ?
Let's think step by step.",
"Which of these is in the African violet family, Maclura or Petrocosmea?","Which of these is in the African violet family, Maclura or Petrocosmea?","Which of these is in the African violet family, Maclura or Petrocosmea?
Let's think step by step.",
major limitation of dna polymerase,major limitation of dna polymerase,"major limitation of dna polymerase
Let's think step by step.",
In what industry are both Sarah Price and Gordon Wiles known?,In what industry are both Sarah Price and Gordon Wiles known?,"In what industry are both Sarah Price and Gordon Wiles known?
Let's think step by step.",
how does an ocean wave become a breaker at the shoreline,how does an ocean wave become a breaker at the shoreline,"how does an ocean wave become a breaker at the shoreline
Let's think step by step.",
how much sleep should my infant have?,how much sleep should my infant have?,"how much sleep should my infant have?
Let's think step by step.",
ANCAP is a state-owned company involved in the production of a basic ingredient of concrete which was patented in what year?,ANCAP is a state-owned company involved in the production of a basic ingredient of concrete which was patented in what year?,"ANCAP is a state-owned company involved in the production of a basic ingredient of concrete which was patented in what year?
Let's think step by step.",
signs your anemia is getting worse,signs your anemia is getting worse,"signs your anemia is getting worse
Let's think step by step.",
how to light backlit keyboard on dell,how to light backlit keyboard on dell,"how to light backlit keyboard on dell
Let's think step by step.",
sgot levels normal range,sgot levels normal range,"sgot levels normal range
Let's think step by step.",
cost of solar pool heater,cost of solar pool heater,"cost of solar pool heater
Let's think step by step.",
what is the origin of acupuncture,what is the origin of acupuncture,"what is the origin of acupuncture
Let's think step by step.",
Was Brentwood Cathedral or Bradford Cathedral known as the parish church of St Peter for most of it's history?,Was Brentwood Cathedral or Bradford Cathedral known as the parish church of St Peter for most of it's history?,"Was Brentwood Cathedral or Bradford Cathedral known as the parish church of St Peter for most of it's history?
Let's think step by step.",
"Andrew George McCabe is an American attorney, who is the Deputy Director of the Federal Bureau of Investigation, McCabe became Acting Director of the FBI after James Comey was dismissed, James Brien Comey Jr. (born December 14, 1960) is an American lawyer who served as the seventh Director of the FBI from September 4, 2013, until which date?","Andrew George McCabe is an American attorney, who is the Deputy Director of the Federal Bureau of Investigation, McCabe became Acting Director of the FBI after James Comey was dismissed, James Brien Comey Jr. (born December 14, 1960) is an American lawyer who served as the seventh Director of the FBI from September 4, 2013, until which date?","Andrew George McCabe is an American attorney, who is the Deputy Director of the Federal Bureau of Investigation, McCabe became Acting Director of the FBI after James Comey was dismissed, James Brien Comey Jr. (born December 14, 1960) is an American lawyer who served as the seventh Director of the FBI from September 4, 2013, until which date?
Let's think step by step.",
"what stores a substance called bile, which physically breaks down fat droplets","what stores a substance called bile, which physically breaks down fat droplets","what stores a substance called bile, which physically breaks down fat droplets
Let's think step by step.",
"Which caused more damage and casualties, Hurricane Andrew or Tropical Storm Jerry?","Which caused more damage and casualties, Hurricane Andrew or Tropical Storm Jerry?","Which caused more damage and casualties, Hurricane Andrew or Tropical Storm Jerry?
Let's think step by step.",
Together is a Hungarian political party that contrasted the government of the Prime Minister who has held the post since what year?,Together is a Hungarian political party that contrasted the government of the Prime Minister who has held the post since what year?,"Together is a Hungarian political party that contrasted the government of the Prime Minister who has held the post since what year?
Let's think step by step.",
what is mef example,what is mef example,"what is mef example
Let's think step by step.",
Zhang Xiaoming is currently serving as the Director of an administrative agency responsible for promoting cooperation and coordination of what?,Zhang Xiaoming is currently serving as the Director of an administrative agency responsible for promoting cooperation and coordination of what?,"Zhang Xiaoming is currently serving as the Director of an administrative agency responsible for promoting cooperation and coordination of what?
Let's think step by step.",
Who was known for his main role in  American cable television series created for FX by Noah Hawley?,Who was known for his main role in  American cable television series created for FX by Noah Hawley?,"Who was known for his main role in  American cable television series created for FX by Noah Hawley?
Let's think step by step.",
long distance lorry driver pay,long distance lorry driver pay,"long distance lorry driver pay
Let's think step by step.",
"The Nightingale is a historical fiction novel, published in 2015, and written by Kristin Hannah, an award-winning and bestselling American writer, who has won numerous awards, including the Golden Heart, the Maggie, and the National Reader's Choice award, in what year?","The Nightingale is a historical fiction novel, published in 2015, and written by Kristin Hannah, an award-winning and bestselling American writer, who has won numerous awards, including the Golden Heart, the Maggie, and the National Reader's Choice award, in what year?","The Nightingale is a historical fiction novel, published in 2015, and written by Kristin Hannah, an award-winning and bestselling American writer, who has won numerous awards, including the Golden Heart, the Maggie, and the National Reader's Choice award, in what year?
Let's think step by step.",
"Who is the commissioner of the Mountain West Conference, where the New Mexico Lobos play football?","Who is the commissioner of the Mountain West Conference, where the New Mexico Lobos play football?","Who is the commissioner of the Mountain West Conference, where the New Mexico Lobos play football?
Let's think step by step.",
How many significant events involved John Paul II?,How many significant events involved John Paul II?,"How many significant events involved John Paul II?
Let's think step by step.",
"Gliricidia sepium, often simply referred to as Gliricidia, and  ""madreado"" in which republic in Central America?","Gliricidia sepium, often simply referred to as Gliricidia, and  ""madreado"" in which republic in Central America?","Gliricidia sepium, often simply referred to as Gliricidia, and  ""madreado"" in which republic in Central America?
Let's think step by step.",
"he Crewe and Nantwich by-election, 2008 was a parliamentary by-election held on 22 May 2008, for the British House of Commons constituency of Crewe and Nantwich, election was won by which British Conservative Party politician?","he Crewe and Nantwich by-election, 2008 was a parliamentary by-election held on 22 May 2008, for the British House of Commons constituency of Crewe and Nantwich, election was won by which British Conservative Party politician?","he Crewe and Nantwich by-election, 2008 was a parliamentary by-election held on 22 May 2008, for the British House of Commons constituency of Crewe and Nantwich, election was won by which British Conservative Party politician?
Let's think step by step.",
What is name of the higher taxon of Medicago sativa whose vernacular name is אספסת?,What is name of the higher taxon of Medicago sativa whose vernacular name is אספסת?,"What is name of the higher taxon of Medicago sativa whose vernacular name is אספסת?
Let's think step by step.",
new right definition of poverty,new right definition of poverty,"new right definition of poverty
Let's think step by step.",
What two teams played in the final to advance to the npower Championship?,What two teams played in the final to advance to the npower Championship?,"What two teams played in the final to advance to the npower Championship?
Let's think step by step.",
base currency and term currency,base currency and term currency,"base currency and term currency
Let's think step by step.",
A. J. Francis played football for the team that represents what university?,A. J. Francis played football for the team that represents what university?,"A. J. Francis played football for the team that represents what university?
Let's think step by step.",
"Were A Funny Thing Happened on the Way to the Moon and Air Force, Incorporated directed by the same person?","Were A Funny Thing Happened on the Way to the Moon and Air Force, Incorporated directed by the same person?","Were A Funny Thing Happened on the Way to the Moon and Air Force, Incorporated directed by the same person?
Let's think step by step.",
what is hh blood group,what is hh blood group,"what is hh blood group
Let's think step by step.",
cost to maintain inground pool,cost to maintain inground pool,"cost to maintain inground pool
Let's think step by step.",
megatropolis definition,megatropolis definition,"megatropolis definition
Let's think step by step.",
what is neem oil used for,what is neem oil used for,"what is neem oil used for
Let's think step by step.",
Is The Hub taller than 56 Leonard Street?,Is The Hub taller than 56 Leonard Street?,"Is The Hub taller than 56 Leonard Street?
Let's think step by step.",
What are the languages spoken by Matthew Perry whose AWLD status is 1 safe?,What are the languages spoken by Matthew Perry whose AWLD status is 1 safe?,"What are the languages spoken by Matthew Perry whose AWLD status is 1 safe?
Let's think step by step.",
David Watkin worked with such film directors as one known for his work on what 1980's film series?,David Watkin worked with such film directors as one known for his work on what 1980's film series?,"David Watkin worked with such film directors as one known for his work on what 1980's film series?
Let's think step by step.",
where is the ear lobe located,where is the ear lobe located,"where is the ear lobe located
Let's think step by step.",
Brady plc's clients include the world's second largest what?,Brady plc's clients include the world's second largest what?,"Brady plc's clients include the world's second largest what?
Let's think step by step.",
"The Hawaiians thought an extinct breed of pariah dog, other than human consumption of the flesh and other edible parts derived from dogs, were what ?","The Hawaiians thought an extinct breed of pariah dog, other than human consumption of the flesh and other edible parts derived from dogs, were what ?","The Hawaiians thought an extinct breed of pariah dog, other than human consumption of the flesh and other edible parts derived from dogs, were what ?
Let's think step by step.",
KBEV-FM is licensed to serve a city in Montana with what population as of the 2010 census?,KBEV-FM is licensed to serve a city in Montana with what population as of the 2010 census?,"KBEV-FM is licensed to serve a city in Montana with what population as of the 2010 census?
Let's think step by step.",
does a narcissist always come back,does a narcissist always come back,"does a narcissist always come back
Let's think step by step.",
what are food microorganisms,what are food microorganisms,"what are food microorganisms
Let's think step by step.",
"Which actor featured in Stage Left: A Story of Theater in San Francisco passed away on August 11, 2014 ?","Which actor featured in Stage Left: A Story of Theater in San Francisco passed away on August 11, 2014 ?","Which actor featured in Stage Left: A Story of Theater in San Francisco passed away on August 11, 2014 ?
Let's think step by step.",
Which is the Power of 10 athlete ID for Paula Radcliffe?,Which is the Power of 10 athlete ID for Paula Radcliffe?,"Which is the Power of 10 athlete ID for Paula Radcliffe?
Let's think step by step.",
The Millionaires' Unit is a documentary that was narrated by which actor?,The Millionaires' Unit is a documentary that was narrated by which actor?,"The Millionaires' Unit is a documentary that was narrated by which actor?
Let's think step by step.",
Which mathematician was the father of physicist Nikolai Borisovich Delone: Jakow Trachtenberg or Boris Delaunay?,Which mathematician was the father of physicist Nikolai Borisovich Delone: Jakow Trachtenberg or Boris Delaunay?,"Which mathematician was the father of physicist Nikolai Borisovich Delone: Jakow Trachtenberg or Boris Delaunay?
Let's think step by step.",
"Which band band released their first album in 2009, Starflyer 59 or Fun?","Which band band released their first album in 2009, Starflyer 59 or Fun?","Which band band released their first album in 2009, Starflyer 59 or Fun?
Let's think step by step.",
"A man who co-wrote ""What A Feeling"" with Mike Needle, Jamie Scott, Dan Bryer and Liam Payne became a member of One Direction after being eliminated from what British music competition series? ","A man who co-wrote ""What A Feeling"" with Mike Needle, Jamie Scott, Dan Bryer and Liam Payne became a member of One Direction after being eliminated from what British music competition series? ","A man who co-wrote ""What A Feeling"" with Mike Needle, Jamie Scott, Dan Bryer and Liam Payne became a member of One Direction after being eliminated from what British music competition series? 
Let's think step by step.",
What is the nationality of the author who wrote the novels on which the British-Irish crime drama television series Quirke is based?,What is the nationality of the author who wrote the novels on which the British-Irish crime drama television series Quirke is based?,"What is the nationality of the author who wrote the novels on which the British-Irish crime drama television series Quirke is based?
Let's think step by step.",
can you watch an employment tribunal,can you watch an employment tribunal,"can you watch an employment tribunal
Let's think step by step.",
does dss include students,does dss include students,"does dss include students
Let's think step by step.",
where is gythion greece,where is gythion greece,"where is gythion greece
Let's think step by step.",
weber surname meaning,weber surname meaning,"weber surname meaning
Let's think step by step.",
what is manipulative therapy,what is manipulative therapy,"what is manipulative therapy
Let's think step by step.",
wHAT IS CABBAGE ETIMOLOGY OF  OF OLYMPIC GAMES SEASON BEGINS ?,wHAT IS CABBAGE ETIMOLOGY OF  OF OLYMPIC GAMES SEASON BEGINS ?,"wHAT IS CABBAGE ETIMOLOGY OF  OF OLYMPIC GAMES SEASON BEGINS ?
Let's think step by step.",
"Which one of The Wreckers singers also sang the song ""A Women Needs""?","Which one of The Wreckers singers also sang the song ""A Women Needs""?","Which one of The Wreckers singers also sang the song ""A Women Needs""?
Let's think step by step.",
CT scan cost for dogs,CT scan cost for dogs,"CT scan cost for dogs
Let's think step by step.",
"The younger brother of Gary Russell Jr. was voted what in 2011 by ""Sports Illustrated"" and ESPN?","The younger brother of Gary Russell Jr. was voted what in 2011 by ""Sports Illustrated"" and ESPN?","The younger brother of Gary Russell Jr. was voted what in 2011 by ""Sports Illustrated"" and ESPN?
Let's think step by step.",
why did repeated american invasion of canada fail,why did repeated american invasion of canada fail,"why did repeated american invasion of canada fail
Let's think step by step.",
what is the highest rank in law enforcement,what is the highest rank in law enforcement,"what is the highest rank in law enforcement
Let's think step by step.",
what is carbon sequestration,what is carbon sequestration,"what is carbon sequestration
Let's think step by step.",
What is the famous last line in the speech about the war guilt of the Germans published by Günther Ruprecht?,What is the famous last line in the speech about the war guilt of the Germans published by Günther Ruprecht?,"What is the famous last line in the speech about the war guilt of the Germans published by Günther Ruprecht?
Let's think step by step.",
What movement did Karl Friedrich Schinkel become a member of in 1835?,What movement did Karl Friedrich Schinkel become a member of in 1835?,"What movement did Karl Friedrich Schinkel become a member of in 1835?
Let's think step by step.",
Which movie did John Cho have a part in in which four friends are trying to lose their virginity?,Which movie did John Cho have a part in in which four friends are trying to lose their virginity?,"Which movie did John Cho have a part in in which four friends are trying to lose their virginity?
Let's think step by step.",
Which city contains the administrative territorial entity of Guangdong?,Which city contains the administrative territorial entity of Guangdong?,"Which city contains the administrative territorial entity of Guangdong?
Let's think step by step.",
how much should it cost to add an prefab walk in shower,how much should it cost to add an prefab walk in shower,"how much should it cost to add an prefab walk in shower
Let's think step by step.",
how long will I be off work with a lisfranc surgery,how long will I be off work with a lisfranc surgery,"how long will I be off work with a lisfranc surgery
Let's think step by step.",
What do The Tea Party and Train have in common? ,What do The Tea Party and Train have in common? ,"What do The Tea Party and Train have in common? 
Let's think step by step.",
Does the net tonnage of the Maggie Lee equal 8?,Does the net tonnage of the Maggie Lee equal 8?,"Does the net tonnage of the Maggie Lee equal 8?
Let's think step by step.",
"Which plant has more species, Lithophragma or Adonis?","Which plant has more species, Lithophragma or Adonis?","Which plant has more species, Lithophragma or Adonis?
Let's think step by step.",
In which county is this former estate of the heir to a U.S. Steel fortune located where George A. Crawley constructed a house?,In which county is this former estate of the heir to a U.S. Steel fortune located where George A. Crawley constructed a house?,"In which county is this former estate of the heir to a U.S. Steel fortune located where George A. Crawley constructed a house?
Let's think step by step.",
what is bison,what is bison,"what is bison
Let's think step by step.",
what temperature is a fever TO MELT LEAD,what temperature is a fever TO MELT LEAD,"what temperature is a fever TO MELT LEAD
Let's think step by step.",
what type of food do zulus eat,what type of food do zulus eat,"what type of food do zulus eat
Let's think step by step.",
Who is the contestant of Descendants of the Sun?,Who is the contestant of Descendants of the Sun?,"Who is the contestant of Descendants of the Sun?
Let's think step by step.",
What position was held by Boutros Boutros-Ghali in 1992?,What position was held by Boutros Boutros-Ghali in 1992?,"What position was held by Boutros Boutros-Ghali in 1992?
Let's think step by step.",
what are the organs in the body,what are the organs in the body,"what are the organs in the body
Let's think step by step.",
what is tplo in dogs,what is tplo in dogs,"what is tplo in dogs
Let's think step by step.",
"The 22nd TCA Awards were hosted by an american actress best known for portraying who in the Fox action thriller series ""24""?","The 22nd TCA Awards were hosted by an american actress best known for portraying who in the Fox action thriller series ""24""?","The 22nd TCA Awards were hosted by an american actress best known for portraying who in the Fox action thriller series ""24""?
Let's think step by step.",
What is Czech Registration ID for Prague ?,What is Czech Registration ID for Prague ?,"What is Czech Registration ID for Prague ?
Let's think step by step.",
"The song ""Pookkalae Sattru Oyivedungal"" is sung by a musician born in what year?","The song ""Pookkalae Sattru Oyivedungal"" is sung by a musician born in what year?","The song ""Pookkalae Sattru Oyivedungal"" is sung by a musician born in what year?
Let's think step by step.",
Brian Henson and Pedro Costa have both worked what occupation?,Brian Henson and Pedro Costa have both worked what occupation?,"Brian Henson and Pedro Costa have both worked what occupation?
Let's think step by step.",
what are organelles discrete structures found inside all cells that have a specific function,what are organelles discrete structures found inside all cells that have a specific function,"what are organelles discrete structures found inside all cells that have a specific function
Let's think step by step.",
"\Which musician was a member of Genesis, Ray Wilson or Thomas Erak?","\Which musician was a member of Genesis, Ray Wilson or Thomas Erak?","\Which musician was a member of Genesis, Ray Wilson or Thomas Erak?
Let's think step by step.",
what is the name of the edge of a sidewalk called,what is the name of the edge of a sidewalk called,"what is the name of the edge of a sidewalk called
Let's think step by step.",
Dorothea von Salviati's father-in-law was born on what date?,Dorothea von Salviati's father-in-law was born on what date?,"Dorothea von Salviati's father-in-law was born on what date?
Let's think step by step.",
In what NY neighborhood was Charlie Sheen born?,In what NY neighborhood was Charlie Sheen born?,"In what NY neighborhood was Charlie Sheen born?
Let's think step by step.",
average salary for an nfl scout,average salary for an nfl scout,"average salary for an nfl scout
Let's think step by step.",
Madeline Lee Gilford was married to the actor who was nominated for an Academy Award for what movie?,Madeline Lee Gilford was married to the actor who was nominated for an Academy Award for what movie?,"Madeline Lee Gilford was married to the actor who was nominated for an Academy Award for what movie?
Let's think step by step.",
"Sugarloaf Regional Airport is owned by a town with a population of what, as of the 2010 census?","Sugarloaf Regional Airport is owned by a town with a population of what, as of the 2010 census?","Sugarloaf Regional Airport is owned by a town with a population of what, as of the 2010 census?
Let's think step by step.",
"Europop included the lead single, released on what date?","Europop included the lead single, released on what date?","Europop included the lead single, released on what date?
Let's think step by step.",
what is hotep,what is hotep,"what is hotep
Let's think step by step.",
is a covalent or ionic bond stronger,is a covalent or ionic bond stronger,"is a covalent or ionic bond stronger
Let's think step by step.",
did the dawes act provide american citizenship,did the dawes act provide american citizenship,"did the dawes act provide american citizenship
Let's think step by step.",
"In which county in the state of Maine, United States, did a prominent member of the Bahá'í Faith die in 1951?","In which county in the state of Maine, United States, did a prominent member of the Bahá'í Faith die in 1951?","In which county in the state of Maine, United States, did a prominent member of the Bahá'í Faith die in 1951?
Let's think step by step.",
which match was played between Italian side Juventus and Spanish side Barcelona on 6June 2015?,which match was played between Italian side Juventus and Spanish side Barcelona on 6June 2015?,"which match was played between Italian side Juventus and Spanish side Barcelona on 6June 2015?
Let's think step by step.",
Sorority Wars starred which former professional ballet dancer?,Sorority Wars starred which former professional ballet dancer?,"Sorority Wars starred which former professional ballet dancer?
Let's think step by step.",
how much should you pay for a haircut,how much should you pay for a haircut,"how much should you pay for a haircut
Let's think step by step.",
what is the reason that linked genes are inherited together,what is the reason that linked genes are inherited together,"what is the reason that linked genes are inherited together
Let's think step by step.",
What state did Qiudong Wang recieve his Ph.D in?,What state did Qiudong Wang recieve his Ph.D in?,"What state did Qiudong Wang recieve his Ph.D in?
Let's think step by step.",
In what Western European Country did Field Marshal Sir Bernard Law Montgomery accepted the unconditional surrender of the German forces during World War II?,In what Western European Country did Field Marshal Sir Bernard Law Montgomery accepted the unconditional surrender of the German forces during World War II?,"In what Western European Country did Field Marshal Sir Bernard Law Montgomery accepted the unconditional surrender of the German forces during World War II?
Let's think step by step.",
how acanthamoeba cause meningitis,how acanthamoeba cause meningitis,"how acanthamoeba cause meningitis
Let's think step by step.",
what is the scale for credit scores,what is the scale for credit scores,"what is the scale for credit scores
Let's think step by step.",
how long does a cricket match last,how long does a cricket match last,"how long does a cricket match last
Let's think step by step.",
Where did a recipient of The Technical Grammy Award help develop the video tape recorder at?,Where did a recipient of The Technical Grammy Award help develop the video tape recorder at?,"Where did a recipient of The Technical Grammy Award help develop the video tape recorder at?
Let's think step by step.",
"In which year was the mission founded where Father José Barona, performed his first baptism in San Diego ?","In which year was the mission founded where Father José Barona, performed his first baptism in San Diego ?","In which year was the mission founded where Father José Barona, performed his first baptism in San Diego ?
Let's think step by step.",
"Alice Costandina ""Dina"" Titus is considered to be what?","Alice Costandina ""Dina"" Titus is considered to be what?","Alice Costandina ""Dina"" Titus is considered to be what?
Let's think step by step.",
what does the name patrice mean,what does the name patrice mean,"what does the name patrice mean
Let's think step by step.",
In which conference did both Baylor and Iowa State compete in 2011-2012?,In which conference did both Baylor and Iowa State compete in 2011-2012?,"In which conference did both Baylor and Iowa State compete in 2011-2012?
Let's think step by step.",
Is the number of constituencies of the municipal chamber of Contagem more than 0?,Is the number of constituencies of the municipal chamber of Contagem more than 0?,"Is the number of constituencies of the municipal chamber of Contagem more than 0?
Let's think step by step.",
what are cerebrospinal fluid,what are cerebrospinal fluid,"what are cerebrospinal fluid
Let's think step by step.",
Who assisted in bond financing for the transit system that includes the MGM Grand Station?,Who assisted in bond financing for the transit system that includes the MGM Grand Station?,"Who assisted in bond financing for the transit system that includes the MGM Grand Station?
Let's think step by step.",
what is flour,what is flour,"what is flour
Let's think step by step.",
"Peja Stojakovic, who played for EuroBasket 2001, is of what nationality?","Peja Stojakovic, who played for EuroBasket 2001, is of what nationality?","Peja Stojakovic, who played for EuroBasket 2001, is of what nationality?
Let's think step by step.",
what climate do meerkats live in,what climate do meerkats live in,"what climate do meerkats live in
Let's think step by step.",
"How tall (in meters) is the mountain which was named after a pilot from the airline based in Calgary, Alberta, Canada?","How tall (in meters) is the mountain which was named after a pilot from the airline based in Calgary, Alberta, Canada?","How tall (in meters) is the mountain which was named after a pilot from the airline based in Calgary, Alberta, Canada?
Let's think step by step.",
What are the legal order which start with the letter sharia,What are the legal order which start with the letter sharia,"What are the legal order which start with the letter sharia
Let's think step by step.",
roshni name meaning,roshni name meaning,"roshni name meaning
Let's think step by step.",
How many administrative territorial entities are located by Los Lagos Region?,How many administrative territorial entities are located by Los Lagos Region?,"How many administrative territorial entities are located by Los Lagos Region?
Let's think step by step.",
who wrote song i can see clearly now,who wrote song i can see clearly now,"who wrote song i can see clearly now
Let's think step by step.",
average legal fees for testamentary trust,average legal fees for testamentary trust,"average legal fees for testamentary trust
Let's think step by step.",
What fashion house has Stefano Pilati worked at and is one of the biggest one global producers of fine fabrics (2.3 million metres per year)?,What fashion house has Stefano Pilati worked at and is one of the biggest one global producers of fine fabrics (2.3 million metres per year)?,"What fashion house has Stefano Pilati worked at and is one of the biggest one global producers of fine fabrics (2.3 million metres per year)?
Let's think step by step.",
normal range for tsh,normal range for tsh,"normal range for tsh
Let's think step by step.",
Who is the director of a 2003 psychological thriller film in which Eugene M. Davis had a role?,Who is the director of a 2003 psychological thriller film in which Eugene M. Davis had a role?,"Who is the director of a 2003 psychological thriller film in which Eugene M. Davis had a role?
Let's think step by step.",
how to inspect tires,how to inspect tires,"how to inspect tires
Let's think step by step.",
what is a postcolonial theory,what is a postcolonial theory,"what is a postcolonial theory
Let's think step by step.",
Icons of Evolution was written by a professor who was devoted to destroying what theory? ,Icons of Evolution was written by a professor who was devoted to destroying what theory? ,"Icons of Evolution was written by a professor who was devoted to destroying what theory? 
Let's think step by step.",
"Bambi and Treasure Island, have which subsidiary organization in common?","Bambi and Treasure Island, have which subsidiary organization in common?","Bambi and Treasure Island, have which subsidiary organization in common?
Let's think step by step.",
Which position did this head coach of 2017 Oakland Raiders sessions play in the 1980s?,Which position did this head coach of 2017 Oakland Raiders sessions play in the 1980s?,"Which position did this head coach of 2017 Oakland Raiders sessions play in the 1980s?
Let's think step by step.",
"The 2014 South Korean television series Angel Eyes featured what South Korean singer, songwriter, and actor?","The 2014 South Korean television series Angel Eyes featured what South Korean singer, songwriter, and actor?","The 2014 South Korean television series Angel Eyes featured what South Korean singer, songwriter, and actor?
Let's think step by step.",
"Britannia Airways, the largest charter airline in the UK was rebranded by what name in 2005?","Britannia Airways, the largest charter airline in the UK was rebranded by what name in 2005?","Britannia Airways, the largest charter airline in the UK was rebranded by what name in 2005?
Let's think step by step.",
Which character in the Harry Potter series was dubbed by the same Canadian actor who dubbed the leader of the Autobots?,Which character in the Harry Potter series was dubbed by the same Canadian actor who dubbed the leader of the Autobots?,"Which character in the Harry Potter series was dubbed by the same Canadian actor who dubbed the leader of the Autobots?
Let's think step by step.",
other sources of vitamin c,other sources of vitamin c,"other sources of vitamin c
Let's think step by step.",
The ban on the horse-collar tackle maneuver in American football was named after what 1980-born University of Oklahoma college football player?,The ban on the horse-collar tackle maneuver in American football was named after what 1980-born University of Oklahoma college football player?,"The ban on the horse-collar tackle maneuver in American football was named after what 1980-born University of Oklahoma college football player?
Let's think step by step.",
"Which band describes themselves as a ""minimalist rock trio"", Sunrise Avenue or Shellac?","Which band describes themselves as a ""minimalist rock trio"", Sunrise Avenue or Shellac?","Which band describes themselves as a ""minimalist rock trio"", Sunrise Avenue or Shellac?
Let's think step by step.",
Who is the American internet entrepreneur who founded the company featured on 24 Hours on Craigslist?,Who is the American internet entrepreneur who founded the company featured on 24 Hours on Craigslist?,"Who is the American internet entrepreneur who founded the company featured on 24 Hours on Craigslist?
Let's think step by step.",
To which taxonomic category do both Itea and Alocasia belong?,To which taxonomic category do both Itea and Alocasia belong?,"To which taxonomic category do both Itea and Alocasia belong?
Let's think step by step.",
"What Ever Happened to Aunt Alice?, is a 1969 American thriller film directed by Lee H. Katzin with Bernard Girard, and starring Mildred Dorothy Dunnock, was an American theater, film and television actress, and passed away on which date?","What Ever Happened to Aunt Alice?, is a 1969 American thriller film directed by Lee H. Katzin with Bernard Girard, and starring Mildred Dorothy Dunnock, was an American theater, film and television actress, and passed away on which date?","What Ever Happened to Aunt Alice?, is a 1969 American thriller film directed by Lee H. Katzin with Bernard Girard, and starring Mildred Dorothy Dunnock, was an American theater, film and television actress, and passed away on which date?
Let's think step by step.",
"Besides directing, what occupation is shared by Raoul André and Mark Steven Johnson?","Besides directing, what occupation is shared by Raoul André and Mark Steven Johnson?","Besides directing, what occupation is shared by Raoul André and Mark Steven Johnson?
Let's think step by step.",
can you be a registered nurse with a biology degree,can you be a registered nurse with a biology degree,"can you be a registered nurse with a biology degree
Let's think step by step.",
Sarah Southern and George Osborne have what in common?,Sarah Southern and George Osborne have what in common?,"Sarah Southern and George Osborne have what in common?
Let's think step by step.",
rare disease of heart tissue damage,rare disease of heart tissue damage,"rare disease of heart tissue damage
Let's think step by step.",
When was the fourth Monarch in Hawaii?,When was the fourth Monarch in Hawaii?,"When was the fourth Monarch in Hawaii?
Let's think step by step.",
do chin ups work back muscles or shoulders,do chin ups work back muscles or shoulders,"do chin ups work back muscles or shoulders
Let's think step by step.",
how much xanax will cause withdrawal,how much xanax will cause withdrawal,"how much xanax will cause withdrawal
Let's think step by step.",
"Who co-wrote the song ""Let's Make a Night to Remember"" with a South African record producer and songwriter?","Who co-wrote the song ""Let's Make a Night to Remember"" with a South African record producer and songwriter?","Who co-wrote the song ""Let's Make a Night to Remember"" with a South African record producer and songwriter?
Let's think step by step.",
how long after flu can you start exercising,how long after flu can you start exercising,"how long after flu can you start exercising
Let's think step by step.",
what food helps nerve damage,what food helps nerve damage,"what food helps nerve damage
Let's think step by step.",
"Which genus of plants is native to South and Central America, Onoclea or Phaedranassa?","Which genus of plants is native to South and Central America, Onoclea or Phaedranassa?","Which genus of plants is native to South and Central America, Onoclea or Phaedranassa?
Let's think step by step.",
where were the members of poison from,where were the members of poison from,"where were the members of poison from
Let's think step by step.",
is adeline a biblical name,is adeline a biblical name,"is adeline a biblical name
Let's think step by step.",
average temperature for charleston sc,average temperature for charleston sc,"average temperature for charleston sc
Let's think step by step.",
what are ptc thermistors used for,what are ptc thermistors used for,"what are ptc thermistors used for
Let's think step by step.",
"In what year was the lyricist of ""Beautiful Love"" born?","In what year was the lyricist of ""Beautiful Love"" born?","In what year was the lyricist of ""Beautiful Love"" born?
Let's think step by step.",
how to tell if your betta is a baby,how to tell if your betta is a baby,"how to tell if your betta is a baby
Let's think step by step.",
Where was the play printed that was authored by a founder of the Abbey Theatre?,Where was the play printed that was authored by a founder of the Abbey Theatre?,"Where was the play printed that was authored by a founder of the Abbey Theatre?
Let's think step by step.",
What country of origin does PFA Young Player of the Year and Dele Alli have in common?,What country of origin does PFA Young Player of the Year and Dele Alli have in common?,"What country of origin does PFA Young Player of the Year and Dele Alli have in common?
Let's think step by step.",
can vegetarians have dairy,can vegetarians have dairy,"can vegetarians have dairy
Let's think step by step.",
Cladanthus and Crinodendron are both types of what?,Cladanthus and Crinodendron are both types of what?,"Cladanthus and Crinodendron are both types of what?
Let's think step by step.",
are William C. deMille and Izu Ojukwu both film directors ?,are William C. deMille and Izu Ojukwu both film directors ?,"are William C. deMille and Izu Ojukwu both film directors ?
Let's think step by step.",
"When was English actor, best known for his role in Mad Men, as well as his part as biochemist David Robert Jones on the television series Fringe, born?","When was English actor, best known for his role in Mad Men, as well as his part as biochemist David Robert Jones on the television series Fringe, born?","When was English actor, best known for his role in Mad Men, as well as his part as biochemist David Robert Jones on the television series Fringe, born?
Let's think step by step.",
how much do fashion designers get paid,how much do fashion designers get paid,"how much do fashion designers get paid
Let's think step by step.",
average cost of A&e attendance,average cost of A&e attendance,"average cost of A&e attendance
Let's think step by step.",
"Willis & Geiger Outfitters was an expeditionary outfitting company in which country, the company outfitted Jacqueline Cochran, she was a pioneer in the field of American aviation and one of the most prominent racing pilots of her generation?","Willis & Geiger Outfitters was an expeditionary outfitting company in which country, the company outfitted Jacqueline Cochran, she was a pioneer in the field of American aviation and one of the most prominent racing pilots of her generation?","Willis & Geiger Outfitters was an expeditionary outfitting company in which country, the company outfitted Jacqueline Cochran, she was a pioneer in the field of American aviation and one of the most prominent racing pilots of her generation?
Let's think step by step.",
Cranium and Upwords are both owned by which parent corporation?,Cranium and Upwords are both owned by which parent corporation?,"Cranium and Upwords are both owned by which parent corporation?
Let's think step by step.",
morel mushrooms when do they grow,morel mushrooms when do they grow,"morel mushrooms when do they grow
Let's think step by step.",
Which person on the Angel of Retribution album is gay?,Which person on the Angel of Retribution album is gay?,"Which person on the Angel of Retribution album is gay?
Let's think step by step.",
"Which actor on the television series ""Due South"" also played in the 2007 film The Invisible? ","Which actor on the television series ""Due South"" also played in the 2007 film The Invisible? ","Which actor on the television series ""Due South"" also played in the 2007 film The Invisible? 
Let's think step by step.",
Ju-Ni takes it's name from writing entirely based on what?,Ju-Ni takes it's name from writing entirely based on what?,"Ju-Ni takes it's name from writing entirely based on what?
Let's think step by step.",
where is coulonges in france,where is coulonges in france,"where is coulonges in france
Let's think step by step.",
Did Rocky feature actors Sylvester Stallone and Russell Wong?,Did Rocky feature actors Sylvester Stallone and Russell Wong?,"Did Rocky feature actors Sylvester Stallone and Russell Wong?
Let's think step by step.",
describe where the sigmoid colon is located,describe where the sigmoid colon is located,"describe where the sigmoid colon is located
Let's think step by step.",
The mother of Hillary Clinton's 2016 campaign vice chair is the director of what London-based institution?,The mother of Hillary Clinton's 2016 campaign vice chair is the director of what London-based institution?,"The mother of Hillary Clinton's 2016 campaign vice chair is the director of what London-based institution?
Let's think step by step.",
Which convertible variant from 2011-2014 was after by the 2002-2003 crossover style vaguely similar the Nissan Actic?,Which convertible variant from 2011-2014 was after by the 2002-2003 crossover style vaguely similar the Nissan Actic?,"Which convertible variant from 2011-2014 was after by the 2002-2003 crossover style vaguely similar the Nissan Actic?
Let's think step by step.",
Who starred in a 1956 American psychological horror-thriller film directed by Mervyn LeRoy and was first became known for her role as schoolteacher Rosemary Sydney?,Who starred in a 1956 American psychological horror-thriller film directed by Mervyn LeRoy and was first became known for her role as schoolteacher Rosemary Sydney?,"Who starred in a 1956 American psychological horror-thriller film directed by Mervyn LeRoy and was first became known for her role as schoolteacher Rosemary Sydney?
Let's think step by step.",
The county in Kentucky containing Peytona had how many people in its population in the 2010 census?,The county in Kentucky containing Peytona had how many people in its population in the 2010 census?,"The county in Kentucky containing Peytona had how many people in its population in the 2010 census?
Let's think step by step.",
"What comedian, actor, writer, and game show host starred in a series which fictionalized his home and work life?","What comedian, actor, writer, and game show host starred in a series which fictionalized his home and work life?","What comedian, actor, writer, and game show host starred in a series which fictionalized his home and work life?
Let's think step by step.",
how long does brewed tea last at room temperature,how long does brewed tea last at room temperature,"how long does brewed tea last at room temperature
Let's think step by step.",
what is body exfoliation,what is body exfoliation,"what is body exfoliation
Let's think step by step.",
"Wal-Mart: The High Cost of Low Price and The Conquest of Everest, have which attributes in common?","Wal-Mart: The High Cost of Low Price and The Conquest of Everest, have which attributes in common?","Wal-Mart: The High Cost of Low Price and The Conquest of Everest, have which attributes in common?
Let's think step by step.",
what river is located near the town southwest of Wongabinda locality in the northwest of New South Wales,what river is located near the town southwest of Wongabinda locality in the northwest of New South Wales,"what river is located near the town southwest of Wongabinda locality in the northwest of New South Wales
Let's think step by step.",
cast of phantom of the opera movie,cast of phantom of the opera movie,"cast of phantom of the opera movie
Let's think step by step.",
how to prune little gem magnolia,how to prune little gem magnolia,"how to prune little gem magnolia
Let's think step by step.",
change sim card on gophone,change sim card on gophone,"change sim card on gophone
Let's think step by step.",
Papoose Lake lies within the iconic classified Area 51 within Edwards Air Force Base in which western U.S. state?,Papoose Lake lies within the iconic classified Area 51 within Edwards Air Force Base in which western U.S. state?,"Papoose Lake lies within the iconic classified Area 51 within Edwards Air Force Base in which western U.S. state?
Let's think step by step.",
"Who are the authors of The Republic, whose school is Platonism?","Who are the authors of The Republic, whose school is Platonism?","Who are the authors of The Republic, whose school is Platonism?
Let's think step by step.",
Do the genera Scadoxus and Swainsonia belong to the same family?,Do the genera Scadoxus and Swainsonia belong to the same family?,"Do the genera Scadoxus and Swainsonia belong to the same family?
Let's think step by step.",
Who were Jeff Celentano and Hugh Hudson?,Who were Jeff Celentano and Hugh Hudson?,"Who were Jeff Celentano and Hugh Hudson?
Let's think step by step.",
When was the host of Inkigayo who is also a member of Got7 born?,When was the host of Inkigayo who is also a member of Got7 born?,"When was the host of Inkigayo who is also a member of Got7 born?
Let's think step by step.",
what does an average lawn service cost,what does an average lawn service cost,"what does an average lawn service cost
Let's think step by step.",
The Protectworth Tavern is located in what county?,The Protectworth Tavern is located in what county?,"The Protectworth Tavern is located in what county?
Let's think step by step.",
"Who designed the shopping mall at which ""A Month of Hungry Ghosts"" premiered?","Who designed the shopping mall at which ""A Month of Hungry Ghosts"" premiered?","Who designed the shopping mall at which ""A Month of Hungry Ghosts"" premiered?
Let's think step by step.",
what was the first train ever built,what was the first train ever built,"what was the first train ever built
Let's think step by step.",
can you add a countdown clock to a facebook group page,can you add a countdown clock to a facebook group page,"can you add a countdown clock to a facebook group page
Let's think step by step.",
temp and time for meatloaf,temp and time for meatloaf,"temp and time for meatloaf
Let's think step by step.",
baby chlamydia symptoms,baby chlamydia symptoms,"baby chlamydia symptoms
Let's think step by step.",
average price to tent a house for termites,average price to tent a house for termites,"average price to tent a house for termites
Let's think step by step.",
Which is the place of burial for Katowice?,Which is the place of burial for Katowice?,"Which is the place of burial for Katowice?
Let's think step by step.",
what is bloomin brands,what is bloomin brands,"what is bloomin brands
Let's think step by step.",
where do grains come from,where do grains come from,"where do grains come from
Let's think step by step.",
What are the alternatives to using CO2 snow cleaning?,What are the alternatives to using CO2 snow cleaning?,"What are the alternatives to using CO2 snow cleaning?
Let's think step by step.",
cost of total knee replacement surgery in delhi,cost of total knee replacement surgery in delhi,"cost of total knee replacement surgery in delhi
Let's think step by step.",
how do you return a pointer in c,how do you return a pointer in c,"how do you return a pointer in c
Let's think step by step.",
Are Petrophytum and Townsendia both in the rose family?,Are Petrophytum and Townsendia both in the rose family?,"Are Petrophytum and Townsendia both in the rose family?
Let's think step by step.",
"Which documentary, Point of Order! or In the Basement is about the Senate Army–McCarthy hearings of 1954?","Which documentary, Point of Order! or In the Basement is about the Senate Army–McCarthy hearings of 1954?","Which documentary, Point of Order! or In the Basement is about the Senate Army–McCarthy hearings of 1954?
Let's think step by step.",
what is copper composite turquoise,what is copper composite turquoise,"what is copper composite turquoise
Let's think step by step.",
Who directed the film that Amanda Brooks starred in in 2007?,Who directed the film that Amanda Brooks starred in in 2007?,"Who directed the film that Amanda Brooks starred in in 2007?
Let's think step by step.",
Bobby Bowden was the head coach of Florida State University which plays their home games in what stadium?,Bobby Bowden was the head coach of Florida State University which plays their home games in what stadium?,"Bobby Bowden was the head coach of Florida State University which plays their home games in what stadium?
Let's think step by step.",
what is sbp,what is sbp,"what is sbp
Let's think step by step.",
Eric Steelberg's film Up in the Air starred which celebrity playing the role of Ryan Bingham?,Eric Steelberg's film Up in the Air starred which celebrity playing the role of Ryan Bingham?,"Eric Steelberg's film Up in the Air starred which celebrity playing the role of Ryan Bingham?
Let's think step by step.",
"Which song written by band members Guy Berryman, Jonny Buckland, Will Champion, and Chris Martin, along with Brian Eno appears on the same album as UFO?","Which song written by band members Guy Berryman, Jonny Buckland, Will Champion, and Chris Martin, along with Brian Eno appears on the same album as UFO?","Which song written by band members Guy Berryman, Jonny Buckland, Will Champion, and Chris Martin, along with Brian Eno appears on the same album as UFO?
Let's think step by step.",
"What was the breakout movie for the actress and singer who sang backup vocals on ""Spitfire"" by The Prodigy?","What was the breakout movie for the actress and singer who sang backup vocals on ""Spitfire"" by The Prodigy?","What was the breakout movie for the actress and singer who sang backup vocals on ""Spitfire"" by The Prodigy?
Let's think step by step.",
"What is the king of this ancient nation, in which the people worshiped Imentet as a goddess representing the necropolises west of the Nile, called?","What is the king of this ancient nation, in which the people worshiped Imentet as a goddess representing the necropolises west of the Nile, called?","What is the king of this ancient nation, in which the people worshiped Imentet as a goddess representing the necropolises west of the Nile, called?
Let's think step by step.",
What is the Class II combustible liquid with the highest median lethal concentration whose has effect is allyl glycidyl ether exposure?,What is the Class II combustible liquid with the highest median lethal concentration whose has effect is allyl glycidyl ether exposure?,"What is the Class II combustible liquid with the highest median lethal concentration whose has effect is allyl glycidyl ether exposure?
Let's think step by step.",
What is the Class IC flammable liquid with the highest no-observed-adverse-effect level whose instance of is Class IC flammable liquid ?,What is the Class IC flammable liquid with the highest no-observed-adverse-effect level whose instance of is Class IC flammable liquid ?,"What is the Class IC flammable liquid with the highest no-observed-adverse-effect level whose instance of is Class IC flammable liquid ?
Let's think step by step.",
Which artistic genre has its introduction in 1968-1-1 by Alice Cooper?,Which artistic genre has its introduction in 1968-1-1 by Alice Cooper?,"Which artistic genre has its introduction in 1968-1-1 by Alice Cooper?
Let's think step by step.",
what is a human placenta,what is a human placenta,"what is a human placenta
Let's think step by step.",
What profession do both Richard Russo and Ivan Bunin share?,What profession do both Richard Russo and Ivan Bunin share?,"What profession do both Richard Russo and Ivan Bunin share?
Let's think step by step.",
how long are you contagious with flu type a,how long are you contagious with flu type a,"how long are you contagious with flu type a
Let's think step by step.",
nonpolar molecule definition ap biology,nonpolar molecule definition ap biology,"nonpolar molecule definition ap biology
Let's think step by step.",
define kelp herb,define kelp herb,"define kelp herb
Let's think step by step.",
steam how do i get a refund,steam how do i get a refund,"steam how do i get a refund
Let's think step by step.",
"Where was the creator of the fictional character ""Cogliostro"" born?","Where was the creator of the fictional character ""Cogliostro"" born?","Where was the creator of the fictional character ""Cogliostro"" born?
Let's think step by step.",
Name the Italian Mathematician onwhole name Levi-civita symbol is named and also inventor of tensor calculus ?,Name the Italian Mathematician onwhole name Levi-civita symbol is named and also inventor of tensor calculus ?,"Name the Italian Mathematician onwhole name Levi-civita symbol is named and also inventor of tensor calculus ?
Let's think step by step.",
"Who was central park in Moscow named after, in 1932, when it opened the world's first children's railway?","Who was central park in Moscow named after, in 1932, when it opened the world's first children's railway?","Who was central park in Moscow named after, in 1932, when it opened the world's first children's railway?
Let's think step by step.",
nassau average temperatures,nassau average temperatures,"nassau average temperatures
Let's think step by step.",
"What is a rare breed of dog that was derived as a variant of Rat Terrier, Shiloh Shepherd dog or American Hairless Terrier ?","What is a rare breed of dog that was derived as a variant of Rat Terrier, Shiloh Shepherd dog or American Hairless Terrier ?","What is a rare breed of dog that was derived as a variant of Rat Terrier, Shiloh Shepherd dog or American Hairless Terrier ?
Let's think step by step.",
Who supervise the the football team for which Sung Lin Yung played? ,Who supervise the the football team for which Sung Lin Yung played? ,"Who supervise the the football team for which Sung Lin Yung played? 
Let's think step by step.",
difference between serum and blood,difference between serum and blood,"difference between serum and blood
Let's think step by step.",
origin of surname harding,origin of surname harding,"origin of surname harding
Let's think step by step.",
average operating cost for a crane company,average operating cost for a crane company,"average operating cost for a crane company
Let's think step by step.",
Jani Hölli is a musician who has played keyboard for the band named after a feral dog native to what continent?,Jani Hölli is a musician who has played keyboard for the band named after a feral dog native to what continent?,"Jani Hölli is a musician who has played keyboard for the band named after a feral dog native to what continent?
Let's think step by step.",
What is the temperature for amphetamine whose density is 936000.0?,What is the temperature for amphetamine whose density is 936000.0?,"What is the temperature for amphetamine whose density is 936000.0?
Let's think step by step.",
What country is Guayaquil from who died in 1533?,What country is Guayaquil from who died in 1533?,"What country is Guayaquil from who died in 1533?
Let's think step by step.",
Leeland Road station has a line that runs 1522 miles from New York City to what other major hub?,Leeland Road station has a line that runs 1522 miles from New York City to what other major hub?,"Leeland Road station has a line that runs 1522 miles from New York City to what other major hub?
Let's think step by step.",
"The autobiographical play by Eugene O'Neil was written in 1942, but first published in what year?","The autobiographical play by Eugene O'Neil was written in 1942, but first published in what year?","The autobiographical play by Eugene O'Neil was written in 1942, but first published in what year?
Let's think step by step.",
is the optic nerve sensory or motor,is the optic nerve sensory or motor,"is the optic nerve sensory or motor
Let's think step by step.",
"CrowdRise was founded in party by a Canadian film producer who has worked frequently with Judd Apatow, and has produced a number of films for who?","CrowdRise was founded in party by a Canadian film producer who has worked frequently with Judd Apatow, and has produced a number of films for who?","CrowdRise was founded in party by a Canadian film producer who has worked frequently with Judd Apatow, and has produced a number of films for who?
Let's think step by step.",
"An English actor, filmmaker, musician of ""The One with Monica and Chandler's Wedding"" got  Primetime Emmy Award for which role?","An English actor, filmmaker, musician of ""The One with Monica and Chandler's Wedding"" got  Primetime Emmy Award for which role?","An English actor, filmmaker, musician of ""The One with Monica and Chandler's Wedding"" got  Primetime Emmy Award for which role?
Let's think step by step.",
"What alternative rock band, formed in Seattle in 1988 release the compilation album Superfuzz Bigmuff Plus Early Singles in October 1990?","What alternative rock band, formed in Seattle in 1988 release the compilation album Superfuzz Bigmuff Plus Early Singles in October 1990?","What alternative rock band, formed in Seattle in 1988 release the compilation album Superfuzz Bigmuff Plus Early Singles in October 1990?
Let's think step by step.",
are Peter Maxwell Davies and Emmanuel Chabrier both composers ?,are Peter Maxwell Davies and Emmanuel Chabrier both composers ?,"are Peter Maxwell Davies and Emmanuel Chabrier both composers ?
Let's think step by step.",
What is Wine AppDB-Identification gateway.,What is Wine AppDB-Identification gateway.,"What is Wine AppDB-Identification gateway.
Let's think step by step.",
The second place finisher of the 2011 Gran Premio Santander d'Italia drove for who when he won the 2009 FIA Formula One World Championship?,The second place finisher of the 2011 Gran Premio Santander d'Italia drove for who when he won the 2009 FIA Formula One World Championship?,"The second place finisher of the 2011 Gran Premio Santander d'Italia drove for who when he won the 2009 FIA Formula One World Championship?
Let's think step by step.",
what is the color of bloodstone,what is the color of bloodstone,"what is the color of bloodstone
Let's think step by step.",
Which is the facility operator in action of CIM-10 Bomarc?,Which is the facility operator in action of CIM-10 Bomarc?,"Which is the facility operator in action of CIM-10 Bomarc?
Let's think step by step.",
When was Anna Paquin given a Theatre World Award?,When was Anna Paquin given a Theatre World Award?,"When was Anna Paquin given a Theatre World Award?
Let's think step by step.",
Are William S. Hart and John Cameron Mitchell both American actors?,Are William S. Hart and John Cameron Mitchell both American actors?,"Are William S. Hart and John Cameron Mitchell both American actors?
Let's think step by step.",
caelan name meaning strong,caelan name meaning strong,"caelan name meaning strong
Let's think step by step.",
"What is the significance of Vladimir Nabokov, whose bibliographic citation is Possessed?","What is the significance of Vladimir Nabokov, whose bibliographic citation is Possessed?","What is the significance of Vladimir Nabokov, whose bibliographic citation is Possessed?
Let's think step by step.",
"Which mine has more gold in it, Leckie Mine or Burwash Mine?","Which mine has more gold in it, Leckie Mine or Burwash Mine?","Which mine has more gold in it, Leckie Mine or Burwash Mine?
Let's think step by step.",
air canada change fee,air canada change fee,"air canada change fee
Let's think step by step.",
what is sodium azide,what is sodium azide,"what is sodium azide
Let's think step by step.",
"n which U.S. state would you find the Ariacomplex, originally branded CityCenter, that incorporates the Mandarin Hotel?","n which U.S. state would you find the Ariacomplex, originally branded CityCenter, that incorporates the Mandarin Hotel?","n which U.S. state would you find the Ariacomplex, originally branded CityCenter, that incorporates the Mandarin Hotel?
Let's think step by step.",
Name the outer planet that has a semi-major axis as described in Otto's encyclopedia?,Name the outer planet that has a semi-major axis as described in Otto's encyclopedia?,"Name the outer planet that has a semi-major axis as described in Otto's encyclopedia?
Let's think step by step.",
Who replaced Samuel Taliaferro Rayburn as Dean of the United States House of Representatives?,Who replaced Samuel Taliaferro Rayburn as Dean of the United States House of Representatives?,"Who replaced Samuel Taliaferro Rayburn as Dean of the United States House of Representatives?
Let's think step by step.",
"Edward Leslie Hamilton, billed as Ted Hamilton is an Australian singer, composer, playwright, entrepreneur and actor, and is possibly best known for playing the Pirate King in ""The Pirate Movie"", an Australian musical romantic comedy film directed by Ken Annakin and starring Christopher Atkins and Kristy McNichol, released in which year?","Edward Leslie Hamilton, billed as Ted Hamilton is an Australian singer, composer, playwright, entrepreneur and actor, and is possibly best known for playing the Pirate King in ""The Pirate Movie"", an Australian musical romantic comedy film directed by Ken Annakin and starring Christopher Atkins and Kristy McNichol, released in which year?","Edward Leslie Hamilton, billed as Ted Hamilton is an Australian singer, composer, playwright, entrepreneur and actor, and is possibly best known for playing the Pirate King in ""The Pirate Movie"", an Australian musical romantic comedy film directed by Ken Annakin and starring Christopher Atkins and Kristy McNichol, released in which year?
Let's think step by step.",
cost of spiriva handihaler,cost of spiriva handihaler,"cost of spiriva handihaler
Let's think step by step.",
incubation period of mallard duck eggs,incubation period of mallard duck eggs,"incubation period of mallard duck eggs
Let's think step by step.",
What year was the airing of episode one of the show on which Ferne McCann finished third of season fifteen?,What year was the airing of episode one of the show on which Ferne McCann finished third of season fifteen?,"What year was the airing of episode one of the show on which Ferne McCann finished third of season fifteen?
Let's think step by step.",
Which former sultan of Bengal married the former sultan of Delhi's daughter in the early 1500s?,Which former sultan of Bengal married the former sultan of Delhi's daughter in the early 1500s?,"Which former sultan of Bengal married the former sultan of Delhi's daughter in the early 1500s?
Let's think step by step.",
In what year was Vladimir Vysotsky married to Lyudmyla Abramova?,In what year was Vladimir Vysotsky married to Lyudmyla Abramova?,"In what year was Vladimir Vysotsky married to Lyudmyla Abramova?
Let's think step by step.",
what is armagnac,what is armagnac,"what is armagnac
Let's think step by step.",
What Indian reservation that was established in 1868 is located near the Pryor Mountains in Montana?,What Indian reservation that was established in 1868 is located near the Pryor Mountains in Montana?,"What Indian reservation that was established in 1868 is located near the Pryor Mountains in Montana?
Let's think step by step.",
What is the INDUCKS ID for Marvel Comics?,What is the INDUCKS ID for Marvel Comics?,"What is the INDUCKS ID for Marvel Comics?
Let's think step by step.",
The Purpose Driven Life was written by the pastor who founded what church?,The Purpose Driven Life was written by the pastor who founded what church?,"The Purpose Driven Life was written by the pastor who founded what church?
Let's think step by step.",
"A foam weapon, a padded mock weapon used for simulated handheld combat, is used in a North American medieval combat sport, begun in 1977 with the creation of what?","A foam weapon, a padded mock weapon used for simulated handheld combat, is used in a North American medieval combat sport, begun in 1977 with the creation of what?","A foam weapon, a padded mock weapon used for simulated handheld combat, is used in a North American medieval combat sport, begun in 1977 with the creation of what?
Let's think step by step.",
how much does a doctor visit cost without insurance,how much does a doctor visit cost without insurance,"how much does a doctor visit cost without insurance
Let's think step by step.",
"What earliest form of prehistoric monument in Wiltshire, England was Bedd Arthur similar to?","What earliest form of prehistoric monument in Wiltshire, England was Bedd Arthur similar to?","What earliest form of prehistoric monument in Wiltshire, England was Bedd Arthur similar to?
Let's think step by step.",
average cost for pet sitting,average cost for pet sitting,"average cost for pet sitting
Let's think step by step.",
non specific symptoms of autoimmune disease,non specific symptoms of autoimmune disease,"non specific symptoms of autoimmune disease
Let's think step by step.",
The British car club operator City Car Club was acquired by the American company headquartered in what city?,The British car club operator City Car Club was acquired by the American company headquartered in what city?,"The British car club operator City Car Club was acquired by the American company headquartered in what city?
Let's think step by step.",
Azio Corghi was made a Grand Officer in a senior order of knighthood founded in what year?,Azio Corghi was made a Grand Officer in a senior order of knighthood founded in what year?,"Azio Corghi was made a Grand Officer in a senior order of knighthood founded in what year?
Let's think step by step.",
Modular Man was partly created by the comic book artist who was also known as a co-creator of what other character?,Modular Man was partly created by the comic book artist who was also known as a co-creator of what other character?,"Modular Man was partly created by the comic book artist who was also known as a co-creator of what other character?
Let's think step by step.",
Al-Waleed bin Talal is the CEO of what company?,Al-Waleed bin Talal is the CEO of what company?,"Al-Waleed bin Talal is the CEO of what company?
Let's think step by step.",
how long to fry tilapia,how long to fry tilapia,"how long to fry tilapia
Let's think step by step.",
how much does a medical laboratory technician make an hour,how much does a medical laboratory technician make an hour,"how much does a medical laboratory technician make an hour
Let's think step by step.",
the difference between turtles and tortoises,the difference between turtles and tortoises,"the difference between turtles and tortoises
Let's think step by step.",
what percentage of my income should be taxed,what percentage of my income should be taxed,"what percentage of my income should be taxed
Let's think step by step.",
Jack Del Rio was a lineback for how many NFL teams,Jack Del Rio was a lineback for how many NFL teams,"Jack Del Rio was a lineback for how many NFL teams
Let's think step by step.",
Which country participated in the Eurovision Song contest in 1957 but absent in 1970 and submitted the song co-written by Sebastian F. Ovens?,Which country participated in the Eurovision Song contest in 1957 but absent in 1970 and submitted the song co-written by Sebastian F. Ovens?,"Which country participated in the Eurovision Song contest in 1957 but absent in 1970 and submitted the song co-written by Sebastian F. Ovens?
Let's think step by step.",
what is lysosome in a cell,what is lysosome in a cell,"what is lysosome in a cell
Let's think step by step.",
what is lada diabetes,what is lada diabetes,"what is lada diabetes
Let's think step by step.",
what is farsighted,what is farsighted,"what is farsighted
Let's think step by step.",
what is the meaning of the glass menagerie,what is the meaning of the glass menagerie,"what is the meaning of the glass menagerie
Let's think step by step.",
 Fort Metal Cross a trading post for the slave supply was crucial to supply labor for what country, Fort Metal Cross a trading post for the slave supply was crucial to supply labor for what country," Fort Metal Cross a trading post for the slave supply was crucial to supply labor for what country
Let's think step by step.",
"Which has a larger population, Conghua District or Suzhou?","Which has a larger population, Conghua District or Suzhou?","Which has a larger population, Conghua District or Suzhou?
Let's think step by step.",
Larry King was the former husband of a tennis star that won how many Grand Slam titles?,Larry King was the former husband of a tennis star that won how many Grand Slam titles?,"Larry King was the former husband of a tennis star that won how many Grand Slam titles?
Let's think step by step.",
Who was found guilty in the matter of Anna Branting's spouse?,Who was found guilty in the matter of Anna Branting's spouse?,"Who was found guilty in the matter of Anna Branting's spouse?
Let's think step by step.",
"Who was considered to have achieved more in their lifetime occupational wise, Metodi Andonov or Luchino Visconti?","Who was considered to have achieved more in their lifetime occupational wise, Metodi Andonov or Luchino Visconti?","Who was considered to have achieved more in their lifetime occupational wise, Metodi Andonov or Luchino Visconti?
Let's think step by step.",
probation officer requirements texas,probation officer requirements texas,"probation officer requirements texas
Let's think step by step.",
"The product that was invented by Rafi Haladjian and Olivier Mevel, was deemed to be a smart object because it connected to what global system of interconnected computer networks? ","The product that was invented by Rafi Haladjian and Olivier Mevel, was deemed to be a smart object because it connected to what global system of interconnected computer networks? ","The product that was invented by Rafi Haladjian and Olivier Mevel, was deemed to be a smart object because it connected to what global system of interconnected computer networks? 
Let's think step by step.",
"Odessa, the city featured in Friday Night Lights: A Town, a Team, and a Dream, is the seat of what Texas county?","Odessa, the city featured in Friday Night Lights: A Town, a Team, and a Dream, is the seat of what Texas county?","Odessa, the city featured in Friday Night Lights: A Town, a Team, and a Dream, is the seat of what Texas county?
Let's think step by step.",
omb per diem,omb per diem,"omb per diem
Let's think step by step.",
What university did the Kings player with an injured foot attend?,What university did the Kings player with an injured foot attend?,"What university did the Kings player with an injured foot attend?
Let's think step by step.",
What is the home port of Kuala Lumpur,What is the home port of Kuala Lumpur,"What is the home port of Kuala Lumpur
Let's think step by step.",
Which is the door that was commissioned by Frederick William II of Prussia and starts with the letter b?,Which is the door that was commissioned by Frederick William II of Prussia and starts with the letter b?,"Which is the door that was commissioned by Frederick William II of Prussia and starts with the letter b?
Let's think step by step.",
"What is the nickname of the husband of the real life person portrayed by Sharon Stone in the movie ""Casino""?","What is the nickname of the husband of the real life person portrayed by Sharon Stone in the movie ""Casino""?","What is the nickname of the husband of the real life person portrayed by Sharon Stone in the movie ""Casino""?
Let's think step by step.",
The Jagdish Institute of Industrial Technology caters to the needs of students who want to pursue their careers in vocational field with the lowest fee possible in what Indian state?,The Jagdish Institute of Industrial Technology caters to the needs of students who want to pursue their careers in vocational field with the lowest fee possible in what Indian state?,"The Jagdish Institute of Industrial Technology caters to the needs of students who want to pursue their careers in vocational field with the lowest fee possible in what Indian state?
Let's think step by step.",
Do both Pooh's Heffalump Movie and Pirates of the Caribbean contain Walt Disney elements?,Do both Pooh's Heffalump Movie and Pirates of the Caribbean contain Walt Disney elements?,"Do both Pooh's Heffalump Movie and Pirates of the Caribbean contain Walt Disney elements?
Let's think step by step.",
