Question,implicit_zero_shot,explicit_zero_shot,auto_cot
how to fix tv that goes off in a few minutes after turned on,how to fix tv that goes off in a few minutes after turned on,"how to fix tv that goes off in a few minutes after turned on
Let's think step by step.","Q: how to fix tv that goes off in a few minutes after turned on
Let's think step by step.

A: the TV is turned on and set to VGA mode.

B: the TV is turned off and set to HDMI mode.

C: the TV is turned on and set to VGA mode.

D: the TV is turned off and set to HDMI mode.

E: the TV is turned on and set to VGA mode.

F: the TV is turned off and set to HDMI mode.

G: the TV is turned on and set to VGA mode.

H: the TV is turned off and set to HDMI mode.

I: the TV is turned off and set to VGA mode.

J: the TV is turned on and"
What song performed by Lea Salonga was written for a 1998 film directed by Tony Bancroft and Barry Cook?,What song performed by Lea Salonga was written for a 1998 film directed by Tony Bancroft and Barry Cook?,"What song performed by Lea Salonga was written for a 1998 film directed by Tony Bancroft and Barry Cook?
Let's think step by step.","Q: What song performed by Lea Salonga was written for a 1998 film directed by Tony Bancroft and Barry Cook?
Let's think step by step.
Lea Salonga: When I was a young girl I wanted to be a singer. I had a dream of being a singer. I was not afraid of performing. I was not afraid of singing. I had a dream of being a singer and I was not afraid of singing.
The first song that I was asked to sing was ""Ain't No Way To Rock 'n' Roll"" by Johnny Cash.
Barry Cook: We were all young kids and we thought that we had to be on the radio, so we decided to do it. We thought we had to be on the radio and we decided to do it. We thought we had to be on the radio and we decided to do it.
Lea"
what ethnicity is steve perry,what ethnicity is steve perry,"what ethnicity is steve perry
Let's think step by step.","Q: what ethnicity is steve perry
Let's think step by step.
1. What is the first thing you want to do when you get home?
a. Get ready.
b. Make dinner.
c. Watch tv.
d. Make a phone call.
2. How long will it take to do the following?
a. I'll have to put my things away.
b. I'll have to unpack.
c. I'll have to move things around.
d. I'll have to look for a bathroom.
3. What is the first thing you want to do after you get home?
a. Get ready.
b. Make dinner.
c. Watch tv.
d. Make a phone call.
4. How long will"
"Which author has used more pseudonyms, W. E. B. Griffin or Piers Anthony? ","Which author has used more pseudonyms, W. E. B. Griffin or Piers Anthony? ","Which author has used more pseudonyms, W. E. B. Griffin or Piers Anthony? 
Let's think step by step.","Q: Which author has used more pseudonyms, W. E. B. Griffin or Piers Anthony? 
Let's think step by step.
    1. W. E. B. Griffin
    2. Piers Anthony
    3. John Henry Waugh
    4. James Mason
    5. W. J. Henderson
    6. J. B. Priestley
    7. J. M. Barrie
    8. W. M. Thackeray
    9. James Graham
    10. W. M. Thackeray
    11. W. M. Thackeray
    12. W. E. B. Griffin
    13. W. E. B. Griffin
 "
What 2014 American 3D computer-animated musical fantasy adventure comedy film features a song recorded by British singer Leah McFall?,What 2014 American 3D computer-animated musical fantasy adventure comedy film features a song recorded by British singer Leah McFall?,"What 2014 American 3D computer-animated musical fantasy adventure comedy film features a song recorded by British singer Leah McFall?
Let's think step by step.","Q: What 2014 American 3D computer-animated musical fantasy adventure comedy film features a song recorded by British singer Leah McFall?
Let's think step by step.

A: At the beginning of the film, we see a man in a suit singing a song of love and life. He's wearing a white suit and a white hat.

We're going to be taking you to the very beginning of the film, to the very beginning of the song.

The man is singing in a voice that is very soft and tender.

It's a beautiful voice.

We're going to be taking you to the very beginning of the song.

The man is singing in a voice that is very soft and tender.

It's a beautiful voice.

We're going to be taking you to the very beginning of the song.

The man is singing"
who co-founder of working place of Joseph armstrong ?,who co-founder of working place of Joseph armstrong ?,"who co-founder of working place of Joseph armstrong ?
Let's think step by step.","Q: who co-founder of working place of Joseph armstrong?
Let's think step by step.
1) Joseph Armstrong
2) Joseph Armstrong was born in 1828 and died in 1913.
3) Joseph Armstrong was a son of Joseph Armstrong and Mary Armstrong.
4) Joseph Armstrong was a brother of Henry Armstrong and Henry Armstrong was born in 1833 and died in 1864.
5) Joseph Armstrong was a son of Henry Armstrong and Joseph Armstrong.
6) Joseph Armstrong was a brother of Henry Armstrong and Henry Armstrong was born in 1834 and died in 1864.
7) Joseph Armstrong was a brother of Henry Armstrong and Henry Armstrong was born in 1835 and died in 1864.
8) Joseph Armstrong was a"
what is a collision domain,what is a collision domain,"what is a collision domain
Let's think step by step.","Q: what is a collision domain
Let's think step by step.
Imagine a ball in a box, it is in the box, and it is bouncing on a wall.
There are two possible paths that the ball can take, one of which is a straight line path.
The other is a path that goes in a loop.
Now, if the ball is bouncing in a straight line, the path that it can take is a straight line.
However, if the ball is bouncing on a loop, it can only take a path that goes in a loop.
If the ball is bouncing on a loop, the ball is not in a straight line path.
What is the difference between a straight line path and a loop path?
And if there is a collision domain, can I say"
what foods contain protein other than meat,what foods contain protein other than meat,"what foods contain protein other than meat
Let's think step by step.","Q: what foods contain protein other than meat
Let's think step by step.

I think the question is: What foods contain protein other than meat?

Step 1: What are the foods that contain protein other than meat?

Step 2: What are the foods that contain other proteins besides meat?

Step 3: What foods contain protein but not meat?

Step 4: What foods contain both meat and other proteins?

Step 5: What foods contain meat but not other proteins?

Step 6: What foods contain both meat and other proteins?

Step 7: What foods contain both meat and other proteins?

Step 8: What foods contain meat and other proteins?

Step 9: What foods contain both meat and other proteins?

Step 10: What"
how much lpn make an hour in ny,how much lpn make an hour in ny,"how much lpn make an hour in ny
Let's think step by step.","Q: how much lpn make an hour in ny
Let's think step by step.

1. Lpn is an hour.
2. Lpn is 60 minutes.
3. 60 minutes is an hour.
4. Lpn is 60 minutes.
5. Lpn is 60 minutes.
6. 60 minutes is an hour.
7. Lpn is 60 minutes.
8. Lpn is 60 minutes.
9. Lpn is 60 minutes.
10. 60 minutes is an hour.
11. Lpn is 60 minutes.
12. Lpn is 60 minutes.
13. Lpn is 60 minutes.
14. 60 minutes is an hour.
15. Lpn is 60 minutes.
16. Lpn is 60 minutes.
17. Lpn"
"""Who is the sunsidiary entities  of Islamic Azad Universpty who is in the department of Bukan?""","""Who is the sunsidiary entities  of Islamic Azad Universpty who is in the department of Bukan?""","""Who is the sunsidiary entities  of Islamic Azad Universpty who is in the department of Bukan?""
Let's think step by step.","Q: ""Who is the sunsidiary entities  of Islamic Azad Universpty who is in the department of Bukan?""
Let's think step by step.

Q: ""Who is the sunsidiary entities  of Islamic Azad Universpty who is in the department of Bukan?""
A: ""I am the sunsidiary entities of Islamic Azad Universpty, in the department of Bukan.""

Q: ""Who is the sunsidiary entities  of Islamic Azad Universpty who is in the department of Bukan?""
A: ""I am the sunsidiary entities of Islamic Azad Universpty, in the department of Bukan.""

Q: ""Who is the sunsidiary entities  of Islamic Azad Universpty who is in the department of Bukan?""
A: ""I am the sunsidiary entities of Islamic Azad Univers"
Puppet Master is an episode of Glee that includes which actress and comedian?,Puppet Master is an episode of Glee that includes which actress and comedian?,"Puppet Master is an episode of Glee that includes which actress and comedian?
Let's think step by step.","Q: Puppet Master is an episode of Glee that includes which actress and comedian?
Let's think step by step.

Puppet Master is a musical episode of Glee in which the main character, Kurt Hummel, is a puppet and he is also an episode.

The first puppet of the show is Kurt Hummel.
Kurt Hummel is a puppet of the show.
Kurt Hummel is an episode of Glee.

The puppet of the show is Kurt Hummel.
The puppet of the show is Kurt Hummel.

The puppet of the show is Kurt Hummel.

The puppet of the show is Kurt Hummel.

The puppet of the show is Kurt Hummel.

The puppet of the show is Kurt Hummel.

The puppet of the show is Kurt Hum"
what is nociception,what is nociception,"what is nociception
Let's think step by step.","Q: what is nociception
Let's think step by step.

A: nociception is the response of the nervous system to a noxious stimulus. It is a process of the brain that is called the reflex response.

Nociception is a response of the nervous system to a noxious stimulus. The stimulus is a stimulus to the nervous system. The nervous system can send signals to the brain to induce a reflex response, but in this response the brain is not involved in the process of sending signals to the brain. It is the brain that is involved in the process of sending signals to the brain.

Nociception is a response of the nervous system to a noxious stimulus. The stimulus is a stimulus to the nervous system. The nervous system can send signals"
average starting salary university of michigan,average starting salary university of michigan,"average starting salary university of michigan
Let's think step by step.","Q: average starting salary university of michigan
Let's think step by step.

A:

I am an experienced programmer who has worked for a few companies over the years. I can give you a rough idea of my current salary.

At my current job, I am paid around $75,000 per year, which is well below the median salary for programmers in the U.S.
I am a senior software developer at a large corporation. My salary is about $85,000 per year.
I have a couple of small companies I work for that pay me about $40,000 per year, and another couple of smaller companies I work for that pay me about $25,000 per year.

You can see that I am a relatively experienced developer, and I have worked in"
"Which American film was released first, Tex or Snow Dogs?","Which American film was released first, Tex or Snow Dogs?","Which American film was released first, Tex or Snow Dogs?
Let's think step by step.","Q: Which American film was released first, Tex or Snow Dogs?
Let's think step by step.

Step 1: I want to know which film was released first, Tex or Snow Dogs?

Tex or Snow Dogs:
Tex is a very famous American film. The film was released in 2001. In the film, a man (played by Michael J. Fox) who has been in a car accident is given a new life by a group of people (played by James Caan, Dina Meyer, and James Nesbitt). They take him to a remote place where he will live in a house and work with a group of people (played by Michael J. Fox, Jessica Alba, and James Caan) who are in a car accident.

Step 2: I want to know which film was released"
"In addition to providing voice talent for the Wallace and Gromit films, Christopher Fairbank also played Moxey in what comedy-drama series?","In addition to providing voice talent for the Wallace and Gromit films, Christopher Fairbank also played Moxey in what comedy-drama series?","In addition to providing voice talent for the Wallace and Gromit films, Christopher Fairbank also played Moxey in what comedy-drama series?
Let's think step by step.","Q: In addition to providing voice talent for the Wallace and Gromit films, Christopher Fairbank also played Moxey in what comedy-drama series?
Let's think step by step.

Q1: What was the name of the character in the Wallace and Gromit films?

A1: Moxey

Q2: Who was the voice of Moxey?

A2: Moxey

Q3: What was the name of the character in the Wallace and Gromit films?

A3: Moxey

Q4: What was the name of the character in the Wallace and Gromit films?

A4: Moxey

Q5: Who was the voice of Moxey?

A5: Moxey

Q6: What was the name of the character in the Wallace and Gromit"
"Which company markets Melarsomine as Immiticide in order to treat a small thread-like worm that causes filariasis in dogs, mainly, but also cats, ferrets, bears, sea lions, and coyotes?","Which company markets Melarsomine as Immiticide in order to treat a small thread-like worm that causes filariasis in dogs, mainly, but also cats, ferrets, bears, sea lions, and coyotes?","Which company markets Melarsomine as Immiticide in order to treat a small thread-like worm that causes filariasis in dogs, mainly, but also cats, ferrets, bears, sea lions, and coyotes?
Let's think step by step.","Q: Which company markets Melarsomine as Immiticide in order to treat a small thread-like worm that causes filariasis in dogs, mainly, but also cats, ferrets, bears, sea lions, and coyotes?
Let's think step by step.

1. The Melarsomine Worm (aka: the Melaromine Worm)

2. The Melaromine Worms (aka: the Melaromine Worms)

3. The Melaromine Worms (aka: the Melaromine Worms)

4. The Melaromine Worms (aka: the Melaromine Worms)

5. The Melaromine Worms (aka: the Melaromine Worms)

6. The Melaromine Worms (aka: the Melaromine Worms)

7. The Melaromine Worms (aka: the Melaromine Worm"
What lake is the farm Peter Gideon owned?,What lake is the farm Peter Gideon owned?,"What lake is the farm Peter Gideon owned?
Let's think step by step.","Q: What lake is the farm Peter Gideon owned?
Let's think step by step.

A. I don't know.

Q. What was the name of the lake?

A. The lake was called ""Lake of the Seven Stars.""

Q. What was the name of the lake?

A. The lake was called ""Lake of the Seven Stars.""

Q. What was the name of the lake?

A. The lake was called ""Lake of the Seven Stars.""

Q. What was the name of the lake?

A. The lake was called ""Lake of the Seven Stars.""

Q. What was the name of the lake?

A. The lake was called ""Lake of the Seven Stars.""

Q. What was"
describe the structures of the human alimentary canal,describe the structures of the human alimentary canal,"describe the structures of the human alimentary canal
Let's think step by step.","Q: describe the structures of the human alimentary canal
Let's think step by step.
First, the human alimentary canal (or the digestive tract) is a tube.
Second, the alimentary canal is made up of different layers.
Third, there are different kinds of tissues (which we will describe by the names of
the tissues).
Fourth, the different kinds of tissues are connected to each other by different kinds of nerves.
Fifth, the different kinds of nerves are connected to each other by different kinds of blood vessels.
Sixth, the different kinds of blood vessels are connected to each other by different kinds of lymphatic vessels.
Seventh, the different kinds of lymphatic vessels are connected to each other by different kinds of capillaries.
Eighth, the different kinds of cap"
What is felix baumgartner redbull athlete id?,What is felix baumgartner redbull athlete id?,"What is felix baumgartner redbull athlete id?
Let's think step by step.","Q: What is felix baumgartner redbull athlete id?
Let's think step by step.
A: This is the first one.
B: And then this is the second one.
C: And then this is the third one.
D: And then this is the fourth one.
E: And then this is the fifth one.

The redbull athlete id is the first one.

A:

This is an example of a redbull athlete id. The first one, the second one, the third one, the fourth one, the fifth one, and the sixth one are all examples of the first one.
The first one is the name of the redbull athlete id.
The second one is the name of the redbull athlete id.
The third one is the name of"
how do you enable audio,how do you enable audio,"how do you enable audio
Let's think step by step.","Q: how do you enable audio
Let's think step by step.
1. First, you'll need to have the latest version of the Android SDK installed.
2. Then, go to the following directory:

C:\Users\{USERNAME}\.android\sdk\extras

3. Open it and find the Android Audio Player (a.k.a. Audio Player)
4. Then, select it.
5. Finally, select the “Audio Player” option.

6. That's it. You can now play audio files.

Q: How do I enable audio?
A: Just click on the ""Audio Player"" icon on the Android app and you can now start playing audio.

Q: How do I stop"
the differences between bacteria viruses fungi and bacteria,the differences between bacteria viruses fungi and bacteria,"the differences between bacteria viruses fungi and bacteria
Let's think step by step.","Q: the differences between bacteria viruses fungi and bacteria
Let's think step by step.

1) Bacteria and fungi are prokaryotes, which means that they don't have a nucleus.
2) Bacteria and fungi are very different from each other.
3) Bacteria and fungi have very similar genomes.
4) Bacteria and fungi have very similar protein sequences.
5) Bacteria and fungi are very similar in their metabolism.
6) Bacteria and fungi are very similar in their virulence.
7) Bacteria and fungi have very similar phenotypes.
8) Bacteria and fungi are very similar in their genetic exchange.
9) Bacteria and fungi are very similar in their ability to survive environmental stresses.
10) Bacteria and fungi have very similar phenotypes"
"A television show originaly aired on December 29, 1996 was written by a graduate of what University?","A television show originaly aired on December 29, 1996 was written by a graduate of what University?","A television show originaly aired on December 29, 1996 was written by a graduate of what University?
Let's think step by step.","Q: A television show originaly aired on December 29, 1996 was written by a graduate of what University?
Let's think step by step.

A: A television show originally aired on December 29, 1996 was written by a graduate of what University?

A: The show's title is ""The Twilight Zone.""

Q: A television show originally aired on December 29, 1996 was written by a graduate of what University?
A: The show's title is ""The Twilight Zone.""

Q: A television show originally aired on December 29, 1996 was written by a graduate of what University?
A: The show's title is ""The Twilight Zone.""

Q: A television show originally aired on December 29, 1996 was written by a graduate of what University?
A: The show's title is ""The Twilight Zone.""

Q: A"
Which follows the Shining?,Which follows the Shining?,"Which follows the Shining?
Let's think step by step.","Q: Which follows the Shining?
Let's think step by step.

1. The Shining

2. The Shining

3. The Shining

4. The Shining

5. The Shining

6. The Shining

7. The Shining

8. The Shining

9. The Shining

10. The Shining

11. The Shining

12. The Shining

13. The Shining

14. The Shining

15. The Shining

16. The Shining

17. The Shining

18. The Shining

19. The Shining

20. The Shining

21. The Shining

22. The Shining

23. The Shining

24. The Shining

25. The Shining"
how many points for a pass at level 3 btec ICT,how many points for a pass at level 3 btec ICT,"how many points for a pass at level 3 btec ICT
Let's think step by step.","Q: how many points for a pass at level 3 btec ICT
Let's think step by step.
1) you have to pass the exams.
2) you have to pass the exams with 100% in the exams.
3) you have to pass the exams with at least 75% in the exams.
4) you have to pass the exams with a minimum score of 70% in the exams.
5) you have to pass the exams with a minimum score of 60% in the exams.
6) you have to pass the exams with a minimum score of 50% in the exams.
7) you have to pass the exams with a minimum score of 40% in the exams.
8) you have to pass the exams with a minimum score of 30% in the exams.
9) you have to"
What is the habitat of Typha?,What is the habitat of Typha?,"What is the habitat of Typha?
Let's think step by step.","Q: What is the habitat of Typha?
Let's think step by step.
We have to think about the habitat of Typha.
It's the type of environment that you can find in the tropics,
so it's a very cold environment.
It's a very cold environment.
It's a very cold environment.
It's a very cold environment.
It's a very cold environment.
It's a very cold environment.
It's a very cold environment.
It's a very cold environment.
It's a very cold environment.
It's a very cold environment.
It's a very cold environment.
It's a very cold environment.
It's a very cold environment.
It's a very cold environment.
It's a very cold environment.
"
How many presenters are for Top Gear?,How many presenters are for Top Gear?,"How many presenters are for Top Gear?
Let's think step by step.","Q: How many presenters are for Top Gear?
Let's think step by step.

Q: How many presenters are for Top Gear?

A: There are many presenters, but there's only one ""Top Gear"" presenter.

Q: What is the difference between Top Gear and Top Gear?

A: Top Gear is the name of the show. It's a television series that has been running for over a decade.

Q: What does the name Top Gear stand for?

A: The name Top Gear stands for ""Top Gear"" and is a show that has been running for over a decade.

Q: What is the name of the show?

A: Top Gear is a television show that has been running for over a decade.

"
What GSRR rating did World of Warcraft get?,What GSRR rating did World of Warcraft get?,"What GSRR rating did World of Warcraft get?
Let's think step by step.","Q: What GSRR rating did World of Warcraft get?
Let's think step by step.

A: It's currently in the 9-10 range, but it has a GSRR rating of 9.

A: This means that it can take advantage of a lot of the same abilities that a lot of other classes can.

A: It's a 9-10.

Q: Why are you trying to get the 9-10 rating?
A: Because I want to have a GSRR rating of 9.

Q: What is the difference between a 9-10 and a 9-11?
A: There are a lot of different things that a 9-11 is more powerful than a 9-10, but a 9-11 is still a 9-10.
"
how accurate is an ultrasound in determining age of fetus,how accurate is an ultrasound in determining age of fetus,"how accurate is an ultrasound in determining age of fetus
Let's think step by step.","Q: how accurate is an ultrasound in determining age of fetus
Let's think step by step.

A: ultrasound is not a precise method of determining age. Ultrasound is an imaging technique that is capable of producing images of internal structures, such as the heart and kidneys. The images can be used to determine the size and shape of organs. It is not a precise method of determining age, but it is capable of detecting abnormalities.

Q: What are the limitations of ultrasound?

A: The ultrasound technique has a number of limitations, such as the fact that it cannot detect certain anomalies in the fetal body. It is not a precise method of determining age, but it is capable of detecting abnormalities.

Q: What is the difference between an ultrasound and a CT scan?

A: An ultrasound is"
average cost to tile bathroom floor,average cost to tile bathroom floor,"average cost to tile bathroom floor
Let's think step by step.","Q: average cost to tile bathroom floor
Let's think step by step.

In your house you have a bathtub, toilet, shower, and sink.  The bathroom floor is tile, with a shower curtain and a sink.  The bathroom floor is covered with a tile countertop.  The shower curtain is attached to the countertop with velcro.  The countertop is attached to the wall with a nail.  The shower curtain is attached to the countertop with velcro.  The countertop is attached to the wall with a nail.  The shower curtain is attached to the countertop with velcro.  The countertop is attached to the wall with a nail.  The shower curtain is attached to the countertop with velcro.  The countertop is attached to the wall with"
"Who was born first, James Schuyler or Robert Lowell?","Who was born first, James Schuyler or Robert Lowell?","Who was born first, James Schuyler or Robert Lowell?
Let's think step by step.","Q: Who was born first, James Schuyler or Robert Lowell?
Let's think step by step. First, James Schuyler was born first. He was born in Boston on February 6, 1802. He was born a slave and his father was a slave. He grew up in the home of his master's mother. His father died when he was eleven years old. When he was twelve, he went to live with his uncle, a slave owner. In 1816, Schuyler went to work for his uncle. When he was twenty-five, he married a woman named Elizabeth Shippen. When he was thirty, Schuyler was appointed to a position in the office of the Secretary of the Treasury.

Robert Lowell was born in Boston on July 8, 1848. He was born a slave. His father"
what is the scientific name for Siboglinidae,what is the scientific name for Siboglinidae,"what is the scientific name for Siboglinidae
Let's think step by step.","Q: what is the scientific name for Siboglinidae
Let's think step by step.

Siboglinidae is a family of crustaceans that includes two genera:
Siboglinum and Siboglinum,
and the following species:
Siboglinum bimaculatum
Siboglinum eximium
Siboglinum lepidotum
Siboglinum minutum
Siboglinum subglobosum
Siboglinum ventricosum

In this family, the genus Siboglinum is very similar to the genus Siboglinum,
which is placed in the subgenus Siboglinum.

Siboglinum bimaculatum"
At what time did Ulaanbaatar have a population of 1.372e+06?,At what time did Ulaanbaatar have a population of 1.372e+06?,"At what time did Ulaanbaatar have a population of 1.372e+06?
Let's think step by step.","Q: At what time did Ulaanbaatar have a population of 1.372e+06?
Let's think step by step.

The Ulaanbaatar Metropolitan Statistical Area has a population of about 6.5 million people (2012 census).
 
1) Which time did Ulaanbaatar have a population of 1.372e+06?
    
2) How many people lived in Ulaanbaatar in 2012?

3) What is the average age of Ulaanbaatar citizens?
    
4) What is the average income of Ulaanbaatar citizens?

A:

1) Which time did Ulaanbaatar have a population of 1.372e+06?

Ulaanbaatar has a population of 6.5 million"
Tell me the designation for an administrative territorial entity that replaces domain and which contains the word japan in their name,Tell me the designation for an administrative territorial entity that replaces domain and which contains the word japan in their name,"Tell me the designation for an administrative territorial entity that replaces domain and which contains the word japan in their name
Let's think step by step.","Q: Tell me the designation for an administrative territorial entity that replaces domain and which contains the word japan in their name
Let's think step by step.

A: Japan is an administrative territorial entity that is composed of the following administrative territorial entities:

JAPAN (the Japanese administrative territorial entity)

(a) The prefecture
(b) The prefectural capital
(c) The prefectural capital
(d) The prefecture
(e) The prefectural capital
(f) The prefecture
(g) The prefecture

(h) The prefecture

(i) The prefecture

(j) The prefecture

(k) The prefecture

(l) The prefecture

(m) The prefecture

(n) The prefecture

(o) The"
Who are the children and siblings of Alan Alda?,Who are the children and siblings of Alan Alda?,"Who are the children and siblings of Alan Alda?
Let's think step by step.","Q: Who are the children and siblings of Alan Alda?
Let's think step by step.

Q: How did Alan Alda meet his siblings?

A: Alan Alda met his siblings through his wife, Joan, and his mother, Joan.

Q: What were the names of the children of Alan Alda?

A: Alan Alda and Joan Alda had eight children, three sons, three daughters, and three grandchildren.

Q: What were the names of the siblings of Alan Alda?

A: Alan Alda and his brother, Tom Alda, had five children, three sons, two daughters, and one granddaughter.

Q: How many siblings of Alan Alda did he have?

A: Alan Alda and his brother, Tom Alda"
What sport are both Troy Aikman and the 1989 Cotton Bowl Classic known for?,What sport are both Troy Aikman and the 1989 Cotton Bowl Classic known for?,"What sport are both Troy Aikman and the 1989 Cotton Bowl Classic known for?
Let's think step by step.","Q: What sport are both Troy Aikman and the 1989 Cotton Bowl Classic known for?
Let's think step by step.
Aikman was a member of the NFL's first-ever All-Star team. The game was played at the Cotton Bowl, a stadium that was built in a football field.
The Cotton Bowl Classic is played annually, the first time since 1978. The game is played on the same day as the NCAA College Football National Championship Game, the game that determines which university will receive the NCAA's automatic bid to the BCS National Championship Game.
The first Cotton Bowl Classic was played in 1989, when the Houston Oilers beat the Dallas Cowboys. The game was played at the Cotton Bowl, and the game was televised by CBS.
The game is played with 16 teams, including two named to the NFL All-Century Team.
"
Term Life stars an American actress and singer who first became known for her portrayal of what role in True Grit?,Term Life stars an American actress and singer who first became known for her portrayal of what role in True Grit?,"Term Life stars an American actress and singer who first became known for her portrayal of what role in True Grit?
Let's think step by step.","Q: Term Life stars an American actress and singer who first became known for her portrayal of what role in True Grit?
Let's think step by step.
1. In the book, the main character is a slave to the British soldiers and is very brutal towards them.
2. In the movie, the main character is a slave to the British soldiers and is very brutal towards them.
3. In the book, the main character is a slave to the British soldiers and is very brutal towards them.
4. In the movie, the main character is a slave to the British soldiers and is very brutal towards them.
5. In the book, the main character is a slave to the British soldiers and is very brutal towards them.
6. In the movie, the main character is a slave to the British soldiers and is very brutal towards them.
7. In the book"
"Benjamin Saunders (born April 13, 1983), is an American mixed martial artist who currently fights in the Welterweight division of the UFC he was on fighting on Team Serra, Matthew John Serra (born June 2, 1974) is an American former professional mixed martial artist, Brazilian Jiu-Jitsu practitioner who competed for the Ultimate Fighting Championship and which occupation?","Benjamin Saunders (born April 13, 1983), is an American mixed martial artist who currently fights in the Welterweight division of the UFC he was on fighting on Team Serra, Matthew John Serra (born June 2, 1974) is an American former professional mixed martial artist, Brazilian Jiu-Jitsu practitioner who competed for the Ultimate Fighting Championship and which occupation?","Benjamin Saunders (born April 13, 1983), is an American mixed martial artist who currently fights in the Welterweight division of the UFC he was on fighting on Team Serra, Matthew John Serra (born June 2, 1974) is an American former professional mixed martial artist, Brazilian Jiu-Jitsu practitioner who competed for the Ultimate Fighting Championship and which occupation?
Let's think step by step.","Q: Benjamin Saunders (born April 13, 1983), is an American mixed martial artist who currently fights in the Welterweight division of the UFC he was on fighting on Team Serra, Matthew John Serra (born June 2, 1974) is an American former professional mixed martial artist, Brazilian Jiu-Jitsu practitioner who competed for the Ultimate Fighting Championship and which occupation?
Let's think step by step.

Step 1: Benjamin Saunders was born on April 13, 1983 in Miami, Florida, USA.

Step 2: Benjamin Saunders is a former professional mixed martial artist who competed for the Ultimate Fighting Championship.

Step 3: Benjamin Saunders was born in Miami, Florida, USA.

Step 4: Benjamin Saunders was born in Miami, Florida, USA.

Step 5: Benjamin Saunders is a former professional mixed martial artist who competed for the Ultimate Fighting Championship.

Step 6: Benjamin Saunders was born in Miami, Florida, USA.

Step 7: Benjamin Saunders was born in Miami, Florida, USA.

Step 8: Benjamin Saunders was born in Miami, Florida, USA.

Step 9:"
insurance carrier number valid format,insurance carrier number valid format,"insurance carrier number valid format
Let's think step by step.","Q: insurance carrier number valid format
Let's think step by step.

1. Is there a valid format for a company name and insurance carrier number in a single line?
2. Is it possible to have both a company name and insurance carrier number in a single line?

A:

If you are using a format like:
companyName,insuranceCompanyNumber

The format you are looking for is:
companyName,insuranceCompanyNumber

However, this is not the format that the International Financial Services Association (IFSA) uses, so you will need to use the IFA's official format:
companyName,insuranceCompanyNumber,insuranceCode

(For example:
companyName,insuranceCompanyNumber,insuranceCode

)"
Which acid anhydride containing oxygen has the lowest thermal conductivity ?,Which acid anhydride containing oxygen has the lowest thermal conductivity ?,"Which acid anhydride containing oxygen has the lowest thermal conductivity ?
Let's think step by step.","Q: Which acid anhydride containing oxygen has the lowest thermal conductivity?
Let's think step by step.

A: The lowest thermal conductivity of the oxygen anhydride anhydride anhydride is C2H4O.

B: The lowest thermal conductivity of the oxalic anhydride anhydride is C2H4O.

C: The lowest thermal conductivity of the glycolic anhydride anhydride is C2H4O.

D: The lowest thermal conductivity of the lactic anhydride anhydride is C2H4O.

E: The lowest thermal conductivity of the butyric anhydride anhydride is C2H4O.

F: The lowest thermal conductivity of the formic anhyd"
"When was the American musical theatre lyricist who sang  ""Day by Day"" born? ","When was the American musical theatre lyricist who sang  ""Day by Day"" born? ","When was the American musical theatre lyricist who sang  ""Day by Day"" born? 
Let's think step by step.","Q: When was the American musical theatre lyricist who sang  ""Day by Day"" born? 
Let's think step by step. 
It was on June 22, 1878, that the American musical theatre lyricist who sang ""Day by Day"" was born. 

(Source: Wikipedia) 

A: The lyricist who sang ""Day by Day"" was born on June 22, 1878, at the time of the United States' entry into World War I.

(Source: Wikipedia) 

A: The lyricist who sang ""Day by Day"" was born on June 22, 1878, at the time of the United States' entry into World War I.

(Source: Wikipedia) 

A: The lyricist who sang ""Day by Day"" was born on June 22, 1878,"
"WRBJ-FM is licensed to which Rankin County, Mississippi town?","WRBJ-FM is licensed to which Rankin County, Mississippi town?","WRBJ-FM is licensed to which Rankin County, Mississippi town?
Let's think step by step.","Q: WRBJ-FM is licensed to which Rankin County, Mississippi town?
Let's think step by step.
A) Rankin County, Mississippi.
B) Rankin County, Mississippi.
C) Rankin County, Mississippi.
D) Rankin County, Mississippi.
E) Rankin County, Mississippi.

A:

A) Rankin County, Mississippi.

Yes, that's right.  It is a small city in Mississippi.  Its population is less than 2,000 people.  It is located in Rankin County, Mississippi, and is a part of the Pearl River Delta region of Mississippi.  

B) Rankin County, Mississippi.

Yes, that's right.  It is a small city in Mississippi.  Its population is less than 2,000 people"
how to treat dry skin in kids,how to treat dry skin in kids,"how to treat dry skin in kids
Let's think step by step.","Q: how to treat dry skin in kids
Let's think step by step.
The dry skin is caused by a lack of water.
The skin is not being hydrated.
The skin is not being moisturized.
The skin is not being nourished.
The skin is not being nourished enough.

The dry skin is not being treated.
The skin is not being treated enough.
The skin is not being treated to a sufficient level.
The skin is not being treated in a manner that is not causing the dry skin.
The skin is not being treated in a manner that is not causing any harm to the dry skin.

Let's think step by step.
The dry skin is caused by a lack of water.
The skin is not being hydrated.
"
Jacob Farrow has worked as a writer and producer for a number of series created by the co-president of what production company?,Jacob Farrow has worked as a writer and producer for a number of series created by the co-president of what production company?,"Jacob Farrow has worked as a writer and producer for a number of series created by the co-president of what production company?
Let's think step by step.","Q: Jacob Farrow has worked as a writer and producer for a number of series created by the co-president of what production company?
Let's think step by step.
1. He's a writer
2. He's a producer
3. He's the co-president
4. He's the person who has to be at the meeting
5. He's the one who has to be at the meeting
6. He's the one who has to be at the meeting
7. He's the one who has to be at the meeting
8. He's the one who has to be at the meeting
9. He's the one who has to be at the meeting
10. He's the one who has to be at the meeting
11. He's the one who has to be at the meeting
12. He's the one who has to be at the meeting
"
why is coffee making gain weight,why is coffee making gain weight,"why is coffee making gain weight
Let's think step by step.","Q: why is coffee making gain weight
Let's think step by step.
1) The coffee is made of coffee beans.
2) The coffee beans are processed and roasted.
3) The coffee beans are then ground into a powder.
4) The coffee powder is then put into the container.
5) The coffee is then put into the water.
6) The coffee is then boiled.
7) The coffee is then left to brew for a certain amount of time.
8) The coffee is then decaffeinated.
9) The coffee is then cooled.
10) The coffee is then packed and shipped to you.

A:

The process of making coffee has been going on for thousands of years, and is still going on.
There are several types"
average july temperature in ireland,average july temperature in ireland,"average july temperature in ireland
Let's think step by step.","Q: average july temperature in ireland
Let's think step by step.

Let's say we are in a room and a person is sitting on the floor. We know the temperature of the room. The person is wearing a sweater. The temperature is between 25-30. What is the average temperature of the room?

A:

We know the temperature of the room. The person is wearing a sweater. The temperature is between 25-30. What is the average temperature of the room?

I'm assuming that the person is sitting on a chair. In that case, the answer is going to be:

It's 25-30 degrees.

To see how this works, let's start with the same problem, but now think of the temperature as being a number between"
what does a clicky jaw mean,what does a clicky jaw mean,"what does a clicky jaw mean
Let's think step by step.","Q: what does a clicky jaw mean
Let's think step by step.
A clicky jaw is a jaw that is very sensitive to force.
It is used to prevent your teeth from chattering as you are walking.
It is also used when you are playing or working on something that requires a lot of force.
It is a sign of health and a sign of strength.
A clicky jaw is a sign of a strong jaw.
It is a sign of a healthy jaw.
A strong jaw means a strong jaw.
The clicky jaw is a sign of health.

Q: how does a clicky jaw affect your teeth?
A: The clicky jaw does not affect your teeth.
The clicky jaw does not affect your teeth.
The clicky jaw"
what are bitter foods,what are bitter foods,"what are bitter foods
Let's think step by step.","Q: what are bitter foods
Let's think step by step.
A:

I have to admit, I'm a bit of a bitter foodie. I think I'm a bit of a bitter foodie because I really dislike most things. I don't like most foods, but I do like a good burger. I'm a bit of a bitter foodie because I can't stand the thought of eating anything that tastes good. I also dislike most things, but I do like a good burger. I think I'm a bit of a bitter foodie because I like to eat things that are not good for me. I like most things, but I do like a good burger. I think I'm a bit of a bitter foodie because I have a lot of health issues. I also dislike"
"Who has been performing for longer, Violent Femmes or Alex Clare?","Who has been performing for longer, Violent Femmes or Alex Clare?","Who has been performing for longer, Violent Femmes or Alex Clare?
Let's think step by step.","Q: Who has been performing for longer, Violent Femmes or Alex Clare?
Let's think step by step.

What was the first time you saw Alex Clare perform?

I first saw him perform in 2005 at the National Theatre in London. I was about 14 years old. I was in a wheelchair and I was very nervous about performing. I thought that I would get a standing ovation, but it was the first time I had ever seen a person perform on stage with such enthusiasm. It was a really powerful performance and I remember looking up at him and thinking that he really was the most beautiful thing I had ever seen.

What was the first time you heard Alex Clare perform?

I first heard him perform in 2006 when I was living in Ireland. I was living with my brother in Dublin and I had just turned 16"
are ssris agonists or antagonists,are ssris agonists or antagonists,"are ssris agonists or antagonists
Let's think step by step.","Q: are ssris agonists or antagonists
Let's think step by step. The agonist or antagonist of a ssri is
a substance that increases or decreases the level of a ssri in the
body. The agonist or antagonist of a ssri is usually a substance
that increases or decreases the level of a ssri in the body.
The agonist or antagonist of a ssri is usually a substance that
increases or decreases the level of a ssri in the body.
The agonist or antagonist of a ssri is usually a substance that
increases or decreases the level of a ssri in the body.
The agonist or antagonist of a ssri is usually a substance that
increases or decreases the level of a ssri in the body.
The agonist"
Are Under Armour and 3M both multinational corporations?,Are Under Armour and 3M both multinational corporations?,"Are Under Armour and 3M both multinational corporations?
Let's think step by step.","Q: Are Under Armour and 3M both multinational corporations?
Let's think step by step.
A: Under Armour is a multinational corporation.
B: 3M is a multinational corporation.
C: Under Armour is a multinational corporation.
D: 3M is a multinational corporation.

A:

There is an alternative to a corporate structure that might be more suitable for your question.
The answer to your question is:

No.

The corporate structure is the most common way of structuring a business. The reason for this is because it is easier to define what your business is, and therefore easier to market to consumers.
However, the corporate structure can be a bad idea.
For example, a company may have a legal structure that is very rigid, and that prevents it from doing things"
what is marketing strategy audit,what is marketing strategy audit,"what is marketing strategy audit
Let's think step by step.","Q: what is marketing strategy audit
Let's think step by step.

A: marketing strategy audit is a process by which you are able to identify and understand the marketing strategies of a business.

In the marketing strategy audit, you can find out the marketing strategy of the business. This is to ensure that the marketing strategy of the business is aligned with the business goals. The marketing strategy audit is done for the following purpose:

To ensure that marketing strategy is aligned with business goals

To ensure that the marketing strategy is aligned with the business goals, the marketing strategy audit is the process of identifying and understanding the marketing strategies of the business. The marketing strategy audit is a process by which you are able to identify and understand the marketing strategies of the business. The marketing strategy audit is done for the"
what type of neuron can cause muscles to contract,what type of neuron can cause muscles to contract,"what type of neuron can cause muscles to contract
Let's think step by step.","Q: what type of neuron can cause muscles to contract
Let's think step by step.
First of all, let's think about the nerve cells.

Neurons: they are neurons.

Neurons are in the brain and they are responsible for sending signals to other neurons.

Neurons are like an antenna.

The nerve cells can send signals to other nerve cells.

In the brain, there are neurons.

Neurons are located in different parts of the brain.

The nerve cells are located in different parts of the brain.

Neurons are located in different parts of the brain.

Neurons are located in different parts of the brain.

Neurons are located in different parts of the brain.

Neur"
how to determine is an excel worksheet is hidden?,how to determine is an excel worksheet is hidden?,"how to determine is an excel worksheet is hidden?
Let's think step by step.","Q: how to determine is an excel worksheet is hidden?
Let's think step by step.

Excel 2007, Office 2003, Office 2007

1) Open Excel
2) Select Worksheets
3) Click the ""Show"" button
4) In the dialog box, select the ""Hidden"" check box
5) Click OK
6) Excel will open the Excel Worksheet

1) Open Excel
2) Select Worksheets
3) Click the ""Show"" button
4) In the dialog box, select the ""Hidden"" check box
5) Click OK
6) Excel will open the Excel Worksheet

1) Open Excel
2) Select Worksheets
3) Click the ""Show"" button
4) In the dialog box, select the ""Hidden"""
what episode of grey's anatomy does derek leave addison for the last time,what episode of grey's anatomy does derek leave addison for the last time,"what episode of grey's anatomy does derek leave addison for the last time
Let's think step by step.","Q: what episode of grey's anatomy does derek leave addison for the last time
Let's think step by step.
a) the first scene
b) the second scene
c) the third scene
d) the fourth scene
e) the fifth scene
f) the sixth scene
g) the seventh scene
h) the eighth scene
i) the ninth scene
j) the tenth scene
k) the eleventh scene
l) the twelfth scene
m) the thirteenth scene
n) the fourteenth scene
o) the fifteenth scene
p) the sixteenth scene
q) the seventeenth scene
r) the eighteenth scene
s) the nineteenth scene
t) the twentieth scene
u) the twenty-first scene
v) the twenty-second scene
w) the twenty-"
 The Badge is a 2002 mystery-thriller film starring an American actress whose notible films include what 1999 Martin Scorsese film?, The Badge is a 2002 mystery-thriller film starring an American actress whose notible films include what 1999 Martin Scorsese film?," The Badge is a 2002 mystery-thriller film starring an American actress whose notible films include what 1999 Martin Scorsese film?
Let's think step by step.","Q:  The Badge is a 2002 mystery-thriller film starring an American actress whose notible films include what 1999 Martin Scorsese film?
Let's think step by step.
1. The film is based on a 2002 mystery-thriller novel by David Baldacci.
2. The film is directed by Martin Scorsese.
3. The film is released on December 14, 2002.
4. The film is the highest grossing film of 2002.
5. The film is a box office bomb.
6. The film is a hit in Europe.
7. The film is a hit in the U.S.
8. The film is a hit in Canada.
9. The film was nominated for a Golden Globe Award.
10. The film has a ""Best Picture"" nomination from the Academy of Motion Picture Arts and Sciences.
11. The film was the"
what type of disease is plasmodium malariae,what type of disease is plasmodium malariae,"what type of disease is plasmodium malariae
Let's think step by step.","Q: what type of disease is plasmodium malariae
Let's think step by step.
1) Plasmodium malariae infects red blood cells
2) Red blood cells are not able to survive without oxygen
3) The parasite replicates in red blood cells
4) The parasite causes severe anemia
5) The parasite is killed by a toxin
6) The parasite is eliminated by a vaccine
7) The parasite is not detected
8) The parasite does not cause any symptoms
9) The parasite is not detected in the blood
10) The parasite is not detected in the urine
11) The parasite is not detected in the stool
12) The parasite is not detected in the saliva
13) The parasite is not detected in the milk
14) The parasite is not detected in the"
The star of A Change of Heart is best known for his performance in what 1983 TV drama?,The star of A Change of Heart is best known for his performance in what 1983 TV drama?,"The star of A Change of Heart is best known for his performance in what 1983 TV drama?
Let's think step by step.","Q: The star of A Change of Heart is best known for his performance in what 1983 TV drama?
Let's think step by step. A Change of Heart is the second of three films starring the actor, which are based on the TV series of the same name. The first is the 1972 film, A Change of Heart.

A: The star of A Change of Heart is best known for his performance in what 1983 TV drama?
Let's think step by step. A Change of Heart is the second of three films starring the actor, which are based on the TV series of the same name. The first is the 1972 film, A Change of Heart.

The star of the first film was Richard E. Grant, who won the Academy Award for Best Actor for his performance in the film. The star of the second film is actor Robert Culp, who won"
where do king cobras live,where do king cobras live,"where do king cobras live
Let's think step by step.","Q: where do king cobras live
Let's think step by step.
Step 1.
Cobras have a long tongue and a long tail.
Step 2.
Cobras have a long tongue and a long tail.
Step 3.
Cobras have a long tongue and a long tail.
Step 4.
Cobras have a long tongue and a long tail.
Step 5.
Cobras have a long tongue and a long tail.
Step 6.
Cobras have a long tongue and a long tail.
Step 7.
Cobras have a long tongue and a long tail.
Step 8.
Cobras have a long tongue and a long tail.
Step 9.
Cobras have a long tongue and a"
which Northern Irish professional footballer  was part of Manchester United United Trinity or the Holy Trinity,which Northern Irish professional footballer  was part of Manchester United United Trinity or the Holy Trinity,"which Northern Irish professional footballer  was part of Manchester United United Trinity or the Holy Trinity
Let's think step by step.","Q: which Northern Irish professional footballer  was part of Manchester United United Trinity or the Holy Trinity
Let's think step by step.
I. Northern Irish footballers were part of Manchester United United Trinity.
II. Northern Irish footballers were part of Manchester United United Trinity.
III. Northern Irish footballers were part of Manchester United United Trinity.
The first player to have a part of the United Trinity is Pat Jennings, who played for United in the Football League Second Division in the seasons 1945-1946.
The second player to have a part of the United Trinity is Jimmy Johnstone, who played for United in the Football League Second Division in the seasons 1948-1949 and 1950-1951.
The third player to have a part of the United Trinity is Bobby Charlton, who played for United in the Football League Second Division in the seasons 1949"
"Who is the American Actor who starred in Wife, Mother, Murderer?","Who is the American Actor who starred in Wife, Mother, Murderer?","Who is the American Actor who starred in Wife, Mother, Murderer?
Let's think step by step.","Q: Who is the American Actor who starred in Wife, Mother, Murderer?
Let's think step by step.

1. The American Actor (or Actor) who starred in Wife, Mother, Murderer

2. The American Actor who starred in Wife, Mother, Murderer

3. The American Actor who starred in Wife, Mother, Murderer

4. The American Actor who starred in Wife, Mother, Murderer

5. The American Actor who starred in Wife, Mother, Murderer

6. The American Actor who starred in Wife, Mother, Murderer

7. The American Actor who starred in Wife, Mother, Murderer

8. The American Actor who starred in Wife, Mother, Murderer

9. The American Actor who starred in Wife, Mother, Murderer

"
Corridor of Mirrors was the first film for the character actor of what nationality?,Corridor of Mirrors was the first film for the character actor of what nationality?,"Corridor of Mirrors was the first film for the character actor of what nationality?
Let's think step by step.","Q: Corridor of Mirrors was the first film for the character actor of what nationality?
Let's think step by step.

The first part of the question:

In the second part of the question:

This is the question:

Why did the actor of the character of the character of the character of the character of the character of the character of the character of the character of the character of the character of the character of the character of the character of the character of the character of the character of the character of the character of the character of the character of the character of the character of the character of the character of the character of the character of the character of the character of the character of the character of the character of the character of the character of the character of the character of the character of the character of the character of the character of"
how much to insulate your crawl space per square foot,how much to insulate your crawl space per square foot,"how much to insulate your crawl space per square foot
Let's think step by step.","Q: how much to insulate your crawl space per square foot
Let's think step by step.

Step 1. The foundation is the floor. It has a good chance of getting wet.
Step 2. The floor has a good chance of getting wet.
Step 3. The floor has a good chance of getting wet.
Step 4. The floor has a good chance of getting wet.
Step 5. The floor has a good chance of getting wet.
Step 6. The floor has a good chance of getting wet.
Step 7. The floor has a good chance of getting wet.
Step 8. The floor has a good chance of getting wet.
Step 9. The floor has a good chance of getting wet.
Step 10. The floor has a good chance of getting wet.
Step 11."
"Viru Viru International Airport in Santa Cruz de la Sierra, Bolivia is Bolivia's largest international airport, and is the hub for Bolivia's biggest airline, often referred to as simply BoA, is called what, and is the flag carrier airline of the Plurinational State of Bolivia, and is wholly owned by the country's government?","Viru Viru International Airport in Santa Cruz de la Sierra, Bolivia is Bolivia's largest international airport, and is the hub for Bolivia's biggest airline, often referred to as simply BoA, is called what, and is the flag carrier airline of the Plurinational State of Bolivia, and is wholly owned by the country's government?","Viru Viru International Airport in Santa Cruz de la Sierra, Bolivia is Bolivia's largest international airport, and is the hub for Bolivia's biggest airline, often referred to as simply BoA, is called what, and is the flag carrier airline of the Plurinational State of Bolivia, and is wholly owned by the country's government?
Let's think step by step.","Q: Viru Viru International Airport in Santa Cruz de la Sierra, Bolivia is Bolivia's largest international airport, and is the hub for Bolivia's biggest airline, often referred to as simply BoA, is called what, and is the flag carrier airline of the Plurinational State of Bolivia, and is wholly owned by the country's government?
Let's think step by step.

1. What is the purpose of the airport, and what is its importance?
2. How is the airport's importance different from that of other airports, and how is it different from the other international airports that it serves?
3. What are the key characteristics of the airport that make it special, and what makes it unique?
4. What are the key characteristics of the airport that make it different from the other international airports that it serves?
5. What are the key characteristics of the airport that make it different from the other international airports that it serves?
6. What are the key characteristics of the airport that make it different from the other international airports that it serves?
7. What is the purpose of"
"Between Matt Brookens and Fielder Cook, who had more diverse job experiences?","Between Matt Brookens and Fielder Cook, who had more diverse job experiences?","Between Matt Brookens and Fielder Cook, who had more diverse job experiences?
Let's think step by step.","Q: Between Matt Brookens and Fielder Cook, who had more diverse job experiences?
Let's think step by step.

A: Fielder Cook had the most diverse job experiences. The difference is that he had the best job experience.

Q: I'm thinking about a job interview and you're telling me that I have to prepare for an interview like a professional. I'm thinking that I'm not good at this, and I'm thinking that I'm not prepared for an interview like this.
A: You have to prepare. It's not a question of being good at it. You have to be prepared. You have to be prepared to do the job. You have to be prepared to answer the questions. You have to be prepared to do the job.

Q: So you're saying that you have to prepare for an interview"
Is Andres Pastrana Arango the current holder of the presidency in Colombia?,Is Andres Pastrana Arango the current holder of the presidency in Colombia?,"Is Andres Pastrana Arango the current holder of the presidency in Colombia?
Let's think step by step.","Q: Is Andres Pastrana Arango the current holder of the presidency in Colombia?
Let's think step by step.

A: Yes. He is the current president of Colombia. He has been the president of Colombia for about four years now.

Q: Is Andres Pastrana Arango the first president of Colombia?

A: Yes. Andres Pastrana Arango was elected in 2016. He was elected by a landslide. He was elected with the support of the military.

Q: How did Andres Pastrana Arango get elected?

A: Andres Pastrana Arango was elected by a landslide. He was elected with the support of the military.

Q: And who is the president of Colombia now?

A: Andres Pastrana Arango is the president"
What is Jamie Whincup's personal name that is said to be different from Jakov?,What is Jamie Whincup's personal name that is said to be different from Jakov?,"What is Jamie Whincup's personal name that is said to be different from Jakov?
Let's think step by step.","Q: What is Jamie Whincup's personal name that is said to be different from Jakov?
Let's think step by step. I think it's Jave. He's from Boston and he's from New York. He's a really good player.
Jave: Jave
Jave: I like that.
Jave: I like that.
Jave: I like that.
Jave: I like that.
Jave: I like that.
Jave: I like that.
Jave: I like that.
Jave: I like that.
Jave: I like that.
Jave: I like that.
Jave: I like that.
Jave: I like that.
Jave: I like that.
Jave: I like that.
Jave: I like that"
"Which location has a larger population, the Jiangdu District or Hailun?","Which location has a larger population, the Jiangdu District or Hailun?","Which location has a larger population, the Jiangdu District or Hailun?
Let's think step by step.","Q: Which location has a larger population, the Jiangdu District or Hailun?
Let's think step by step.
First, the population of the Jiangdu District is 7.9 million.
Second, the population of Hailun is 5.1 million.
Third, the population of the Jiangdu District is 7.4 million.
Fourth, the population of Hailun is 6.4 million.
Fifth, the population of the Jiangdu District is 7.2 million.
Sixth, the population of Hailun is 6.1 million.
Seventh, the population of the Jiangdu District is 7.0 million.
Eighth, the population of Hailun is 5.5 million.
Ninth, the population of the Jiangdu District is 7.0 million.
Tenth, the population of Hailun"
What 1998 black comedy film was directed by Peter Berg?,What 1998 black comedy film was directed by Peter Berg?,"What 1998 black comedy film was directed by Peter Berg?
Let's think step by step.","Q: What 1998 black comedy film was directed by Peter Berg?
Let's think step by step.

A: The first film I ever saw was The Exorcist, and that was before I was a young boy.

Q: What is the story of the Exorcist?

A: It's about a young boy who goes to a doctor in the hospital and tells him that he's possessed by the devil. The doctor takes him to a locked room in the basement and shows him the spirit of a young girl who's been dead for many years. The doctor has a spirit guide who can help the boy, but he needs to get the key from the girl. The boy is possessed by the spirit of the girl, but he's afraid to go back to the locked room. The spirit guide is able to get"
how many pharmacy technicians per pharmacist,how many pharmacy technicians per pharmacist,"how many pharmacy technicians per pharmacist
Let's think step by step.","Q: how many pharmacy technicians per pharmacist
Let's think step by step.

A: Pharmacy technicians are a small group of highly skilled pharmacists who work in the pharmacy.

Q: How many pharmacist technicians do you have per pharmacy?

A: We have 3 technicians per pharmacist.

Q: How many technicians do you have per pharmacy?

A: We have 2 technicians per pharmacist.

Q: How many technicians do you have per pharmacy?

A: We have 1 technician per pharmacist.

Q: How many technicians do you have per pharmacy?

A: We have 1 technician per pharmacist.

Q: How many technicians do you have per pharmacy?

A: We have 2 technicians per pharmacist.
"
"Sooo Many White Guys is a podcast hosted by who, the podcast executive producer is Ilana Glazer, an American comedian, writer, and actress?","Sooo Many White Guys is a podcast hosted by who, the podcast executive producer is Ilana Glazer, an American comedian, writer, and actress?","Sooo Many White Guys is a podcast hosted by who, the podcast executive producer is Ilana Glazer, an American comedian, writer, and actress?
Let's think step by step.","Q: Sooo Many White Guys is a podcast hosted by who, the podcast executive producer is Ilana Glazer, an American comedian, writer, and actress?
Let's think step by step.

A: Sooo Many White Guys is a podcast hosted by who, the podcast executive producer is Ilana Glazer, an American comedian, writer, and actress.

Q: So, we're going to have to do this again?

A: You know, I've been doing it for a long time. It's just that I never, ever got any real traction until I started doing it. And then it just started to go viral. So, I'm really excited to be doing it.

Q: I'm sure that you're going to be a pretty big hit.

A: I know that I am. I'm also really excited because I get to be in this space that I'm"
Who builds the Airbus A380 and what material is it made out of?,Who builds the Airbus A380 and what material is it made out of?,"Who builds the Airbus A380 and what material is it made out of?
Let's think step by step.","Q: Who builds the Airbus A380 and what material is it made out of?
Let's think step by step.

A: Airbus builds the A380 with the help of a special material called E-Tubes.

The Airbus A380 is made out of the special material called E-Tubes.

The A380 uses the special material to increase the strength of the structure.

The A380 is built using E-Tubes.

E-Tubes are made out of a special material.

E-Tubes are made out of a special material.

E-Tubes are made out of a special material.

E-Tubes are made out of a special material.

E-Tubes are made out of a special material.

E-Tubes are made out"
what does hijama cure,what does hijama cure,"what does hijama cure
Let's think step by step.","Q: what does hijama cure
Let's think step by step.
We have to use the water, the vinegar, the honey and the tea to make a small amount of medicine.
Then we add the medicine to the leaves and put it into the body.

Hijama is a very important part of the Japanese medicine. It is very important to eat the right kind of food.
Hijama can be cured by the following methods.

The first method is to apply the water.
The second method is to apply the vinegar.
The third method is to apply the honey and the tea.

Hijama is very important. It is very important to eat the right kind of food.
The second method is to apply the water.
The third method is to"
"The Samford Bulldogs are the 17 varsity teams (8 men's and 9 women's), recording championships from men's and women's track, men's and women's basketball, softball, baseball, soccer, volleyball, football, and men's and women's tennis that represent Samford University, the school is a member of the Southern Conference in Division I of the NCAA (FCS in football), after moving from 2008, to which collegiate athletic conference which operates in the Midwestern and Southeastern United States?","The Samford Bulldogs are the 17 varsity teams (8 men's and 9 women's), recording championships from men's and women's track, men's and women's basketball, softball, baseball, soccer, volleyball, football, and men's and women's tennis that represent Samford University, the school is a member of the Southern Conference in Division I of the NCAA (FCS in football), after moving from 2008, to which collegiate athletic conference which operates in the Midwestern and Southeastern United States?","The Samford Bulldogs are the 17 varsity teams (8 men's and 9 women's), recording championships from men's and women's track, men's and women's basketball, softball, baseball, soccer, volleyball, football, and men's and women's tennis that represent Samford University, the school is a member of the Southern Conference in Division I of the NCAA (FCS in football), after moving from 2008, to which collegiate athletic conference which operates in the Midwestern and Southeastern United States?
Let's think step by step.","Q: The Samford Bulldogs are the 17 varsity teams (8 men's and 9 women's), recording championships from men's and women's track, men's and women's basketball, softball, baseball, soccer, volleyball, football, and men's and women's tennis that represent Samford University, the school is a member of the Southern Conference in Division I of the NCAA (FCS in football), after moving from 2008, to which collegiate athletic conference which operates in the Midwestern and Southeastern United States?
Let's think step by step.
A. The Bulldogs are a member of the Southern Conference in Division I of the NCAA (FCS in football), after moving from 2008, to which collegiate athletic conference which operates in the Midwestern and Southeastern United States.
B. The Bulldogs are the 17 varsity teams (8 men's and 9 women's), recording championships from men's and women's track, men's and women's basketball, softball, baseball, soccer, volleyball, football, and men's and women's tennis that represent Samford University, the school is a member of the Southern Conference in Division I of the NCAA (FCS in football), after moving from 2008, to which collegiate athletic conference which operates in the Midwestern and Southeastern United States."
"How many kilometers is the coastal town, located within the Electoral district of Gosford, north of Sydney?","How many kilometers is the coastal town, located within the Electoral district of Gosford, north of Sydney?","How many kilometers is the coastal town, located within the Electoral district of Gosford, north of Sydney?
Let's think step by step.","Q: How many kilometers is the coastal town, located within the Electoral district of Gosford, north of Sydney?
Let's think step by step.

Q: What is the most important factor for determining the population density?
A: In a large country, the most important factor is the population density.
Q: How many kilometers is the coastal town, located within the Electoral district of Gosford, north of Sydney?
A: In a large country, the most important factor is the population density.
Q: How many kilometers is the coastal town, located within the Electoral district of Gosford, north of Sydney?
A: In a large country, the most important factor is the population density.
Q: How many kilometers is the coastal town, located within the Electoral district of Gosford, north of Sydney?
A: In a large country, the most important"
What is the name of the {spacecraft} which has carried {man} and completed the {largest number of orbits}?,What is the name of the {spacecraft} which has carried {man} and completed the {largest number of orbits}?,"What is the name of the {spacecraft} which has carried {man} and completed the {largest number of orbits}?
Let's think step by step.","Q: What is the name of the {spacecraft} which has carried {man} and completed the {largest number of orbits}?
Let's think step by step.
The {spacecraft} which carried {man} on his first {orbit} and then {completed} the {largest number of orbits} is the {spacecraft} which carried {man} on his second {orbit} and then {completed} the {largest number of orbits}.

A: The {spacecraft} which carried {man} on his first orbit and then {completed} the {largest number of orbits} is the {spacecraft} which carried {man} on his second orbit and then {completed} the {largest number of orbits}.

1. The first {orbit} of {man}

The {spacecraft} which carried {man} on his first orbit was the"
What role did Danny Stanton have when he was a member of the Chicago Outfit?,What role did Danny Stanton have when he was a member of the Chicago Outfit?,"What role did Danny Stanton have when he was a member of the Chicago Outfit?
Let's think step by step.","Q: What role did Danny Stanton have when he was a member of the Chicago Outfit?
Let's think step by step. Danny Stanton was the chief of the Chicago Outfit, right?
A: Yes. Danny Stanton was a Chicago Outfit guy.
Q: And he was a man of some means.
A: Yes. He was a man of some means.
Q: But he was also a man who loved his country.
A: Yes. He was a man who loved his country.
Q: And that love for his country is what he gave to his countrymen.
A: Yes.
Q: And did you understand that Danny Stanton was a man of some means, a man who loved his country?
A: Yes.
Q: And that was the reason he was in the Outfit?
A:"
how old do you have to be to get a job in wisconsin,how old do you have to be to get a job in wisconsin,"how old do you have to be to get a job in wisconsin
Let's think step by step.","Q: how old do you have to be to get a job in wisconsin
Let's think step by step.

A: You have to be 18 to get a job.
B: You have to be 18 to get a job.
C: You have to be 18 to get a job.
D: You have to be 18 to get a job.
E: You have to be 18 to get a job.

Step 1: You have to be 18 years old.
Step 2: You have to be 18 years old.
Step 3: You have to be 18 years old.
Step 4: You have to be 18 years old.
Step 5: You have to be 18 years old.
Step 6: You have to be 18 years old.
Step 7: You have to be 18 years old"
canadian will kit cost,canadian will kit cost,"canadian will kit cost
Let's think step by step.","Q: canadian will kit cost
Let's think step by step.
1. Canadian will kit costs
2. Canadian will kit costs
3. Canadian will kit costs
4. Canadian will kit costs
5. Canadian will kit costs
6. Canadian will kit costs
7. Canadian will kit costs
8. Canadian will kit costs
9. Canadian will kit costs
10. Canadian will kit costs
11. Canadian will kit costs
12. Canadian will kit costs
13. Canadian will kit costs
14. Canadian will kit costs
15. Canadian will kit costs
16. Canadian will kit costs
17. Canadian will kit costs
18. Canadian will kit costs
19. Canadian will"
screen room cost,screen room cost,"screen room cost
Let's think step by step.","Q: screen room cost
Let's think step by step.

This is the screen room cost for one person, let's say a bachelor.

You need to pay for the screen room rent, but it's not a total cost.
The screen room rent is not the only cost you pay.
There are two kinds of screen room rent.

A screen room rental fee, which is the rent for the screen room.
A screen room rental charge, which is the rent for the screen room, and the screen room rental charge is the total rent.

The screen room rental charge is the amount of money you pay for the screen room.

Screen room rent fee, screen room rental charge and screen room rental charge

The screen room rental charge is the total"
what is epns metal,what is epns metal,"what is epns metal
Let's think step by step.","Q: what is epns metal
Let's think step by step.
Step 1: You are an electrical engineer.
Step 2: You are an electrical engineer.
Step 3: You are a contractor.
Step 4: You are a contractor.
Step 5: You are a contractor.
Step 6: You are an electrical engineer.
Step 7: You are an electrical engineer.
Step 8: You are a contractor.
Step 9: You are a contractor.
Step 10: You are an electrical engineer.
Step 11: You are a contractor.
Step 12: You are a contractor.
Step 13: You are an electrical engineer.
Step 14: You are a contractor.
Step 15: You are an electrical engineer.
Step 16: You are a contractor"
When did a previous president and chief executive of TNK-BP replace Tony Hayward?,When did a previous president and chief executive of TNK-BP replace Tony Hayward?,"When did a previous president and chief executive of TNK-BP replace Tony Hayward?
Let's think step by step.","Q: When did a previous president and chief executive of TNK-BP replace Tony Hayward?
Let's think step by step.

A: In the first half of the 1990s, the company was a big, big company. It had the biggest oilfields in the world, and it was the third-largest company in the world. The president was a very important person in the company, and the chief executive was the most important person in the company.

Q: What was the role of the president?
A: The president was the person who had the most influence in the company. He was the person who had the most influence in the company. He was the person who had the most influence in the company.

Q: And what was the role of the chief executive?
A: The chief executive was the person who had the most"
how long to become pharmacist,how long to become pharmacist,"how long to become pharmacist
Let's think step by step.","Q: how long to become pharmacist
Let's think step by step.

A: It depends on your qualification.
Q: How long should I be in pharmacy?
A: It depends on your qualification.
Q: How long should I be in pharmacy?
A: It depends on your qualification.
Q: How long should I be in pharmacy?
A: It depends on your qualification.
Q: How long should I be in pharmacy?
A: It depends on your qualification.
Q: How long should I be in pharmacy?
A: It depends on your qualification.
Q: How long should I be in pharmacy?
A: It depends on your qualification.
Q: How long should I be in pharmacy?
A: It depends on your qualification."
what is the device called that does lithotripsy,what is the device called that does lithotripsy,"what is the device called that does lithotripsy
Let's think step by step.","Q: what is the device called that does lithotripsy
Let's think step by step.
Let's say that I have a ball.
I take it out of my pocket and put it on the table.
I put it on the table.
I turn the ball, put it back.
I turn the ball, put it back.
I turn the ball, put it back.
I turn the ball, put it back.
I turn the ball, put it back.
I turn the ball, put it back.
I turn the ball, put it back.
I turn the ball, put it back.
I turn the ball, put it back.
I turn the ball, put it back.
I turn the ball, put it back.
I turn the ball, put"
Is the earthquake magnitude on the Richter magnitude scale of the 1909 Lambesc earthquake equal to 6.2?,Is the earthquake magnitude on the Richter magnitude scale of the 1909 Lambesc earthquake equal to 6.2?,"Is the earthquake magnitude on the Richter magnitude scale of the 1909 Lambesc earthquake equal to 6.2?
Let's think step by step.","Q: Is the earthquake magnitude on the Richter magnitude scale of the 1909 Lambesc earthquake equal to 6.2?
Let's think step by step.
A. It is not.
B. It is.
C. It is not.
D. It is.
E. It is.

Answer: C. It is.

QUESTION 9
The magnitude of the Richter magnitude earthquake of the 9th of September 1909, on the Richter magnitude scale of the 1909 Lambesc earthquake, is equal to 6.2.
A. It is not.
B. It is.
C. It is not.
D. It is.
E. It is.

Answer: D. It is.

QUESTION 10
The magnitude of the Richter magnitude earthquake of the 9th of September 1909, on the Richter"
G7 Research Group gives information about issues affecting what political forum?,G7 Research Group gives information about issues affecting what political forum?,"G7 Research Group gives information about issues affecting what political forum?
Let's think step by step.","Q: G7 Research Group gives information about issues affecting what political forum?
Let's think step by step.

What is the G7 research group's objective?

G7 Research Group is a non-profit organisation founded in 1993 by a group of G7 members, to share information and ideas. The group is currently chaired by Dr. Richard Beattie.
The aim of the group is to provide a forum for G7 members to discuss issues affecting the G7.

What is G7 Research Group's objective?

The objective of the G7 Research Group is to share information and ideas, and to promote a forum for discussion, in order to facilitate the development of the G7, and to enable the discussion of the issues and concerns of the members of the G7.

What is the G7 Research"
"The 329th Combat Crew Training Squadronwas inactivated at a base located how far from Sacramento, California ?","The 329th Combat Crew Training Squadronwas inactivated at a base located how far from Sacramento, California ?","The 329th Combat Crew Training Squadronwas inactivated at a base located how far from Sacramento, California ?
Let's think step by step.","Q: The 329th Combat Crew Training Squadronwas inactivated at a base located how far from Sacramento, California?
Let's think step by step.

A: The 329th CDT was established in February 1941 at a base in the Sacramento area. It was redesignated as the 330th CDT in April 1942, and redesignated as the 330th CDT in October 1943. It was redesignated as the 330th CDT in August 1944. It was redesignated as the 329th CDT in July 1945. It was redesignated as the 329th CDT in April 1946. It was redesignated as the 329th CDT in April 1952.

Q: Is the 329th CDT still in existence?

A: The 329th CDT is still in existence.

Q: What is the location of the 330th CDT?

"
how fast does tax refund deposit,how fast does tax refund deposit,"how fast does tax refund deposit
Let's think step by step.","Q: how fast does tax refund deposit
Let's think step by step.

Q: what is the speed of tax refund deposit?

A:

It is a very fast process.

Tax refund deposit is done in one go

Tax refund deposit is done on the first day of the month

Tax refund deposit is done in the month of the year

Tax refund deposit is done on the last day of the year

Tax refund deposit is done at the end of the year

Tax refund deposit is done on the last day of the year.

Q: What is the time taken to get the tax refund deposit

A: Tax refund deposit is done in one go

Tax refund deposit is done on the first day of the month

Tax refund"
teamlease contact number,teamlease contact number,"teamlease contact number
Let's think step by step.","Q: teamlease contact number
Let's think step by step.
First, you need to contact teamlease. This is the contact number for teamlease.

Contact

Contact number: +91-923-723-7826

Contact email: teamlease@gmail.com

Contact phone: +91-923-723-7826

Teamlease Contact

Teamlease Contact number: +91-923-723-7826

Teamlease Contact Email: teamlease@gmail.com

Teamlease Contact Phone: +91-923-723-7826

Next, you need to make an appointment. This is the appointment for teamlease.

Appointment

Appointment number: +91"
What sport do both Ralf Zumdick and VfL Bochum have in common?,What sport do both Ralf Zumdick and VfL Bochum have in common?,"What sport do both Ralf Zumdick and VfL Bochum have in common?
Let's think step by step.","Q: What sport do both Ralf Zumdick and VfL Bochum have in common?
Let's think step by step.
I'm a bit rusty on the German football scene. In a German context, the word ""Stadion"" is used in a broader sense than in English. A ""Stadion"" can be a sports stadium, or a place where a game is being played, or a venue where a game is being played, or an outdoor stadium, or a building, or a park, or a building, or a place where a team is playing, or a place where people are watching a game.
When the word ""Stadion"" is used in the English context, it is usually used as a noun.

Zumdick: ""Ralf Zumdick""
Bochum: ""VfL"
how much does a fbi agent make per month,how much does a fbi agent make per month,"how much does a fbi agent make per month
Let's think step by step.","Q: how much does a fbi agent make per month
Let's think step by step.

A: it's a lot.
B: a lot of what?
A: you're not getting paid by the hour.

Let's say you're a good fbi agent.

A: it's a lot of money, right?
B: a lot of money?
A: no.

How much do you make per month?

A: you're not getting paid by the hour.
B: a lot of money?
A: no.

How much do you make per month?

A: you're not getting paid by the hour.
B: a lot of money?
A: no.

How much do you make per month?"
how to transcribe a dna sequence into rna,how to transcribe a dna sequence into rna,"how to transcribe a dna sequence into rna
Let's think step by step.","Q: how to transcribe a dna sequence into rna
Let's think step by step.

A: I will transcribe your DNA sequence into rna.
B: I will transcribe the rna into DNA.
C: I will transcribe the DNA into RNA.
D: I will transcribe the RNA into DNA.
E: I will transcribe the DNA into RNA.

A: Transcribe your DNA sequence into RNA.
B: Transcribe the RNA into DNA.
C: Transcribe the DNA into RNA.
D: Transcribe the RNA into DNA.
E: Transcribe the DNA into RNA.

A: Transcribe your DNA sequence into RNA.
B: Transcribe the RNA into DNA.
C: Transc"
what is hydrogen made of,what is hydrogen made of,"what is hydrogen made of
Let's think step by step.","Q: what is hydrogen made of
Let's think step by step.
Hydrogen is a
element
element
element
element
element
element
element
element
element
element
element
element
element
element
element
element
element
element
element
element
element
element
element
element
element
element
element
element
element
element
element
element
element
element
element
element
element
element
element
element
element
element
element
element
element
element
element
element
element
element
element
element
element
element
element
element
element
element
element
element
element
element
element
element
element
element
element
element
element
element
element
element
"
when is your pregnancy safe from miscarriage,when is your pregnancy safe from miscarriage,"when is your pregnancy safe from miscarriage
Let's think step by step.","Q: when is your pregnancy safe from miscarriage
Let's think step by step.

Q: When is your pregnancy safe from miscarriage?
A: When the pregnancy is completely safe, the pregnancy is considered safe.

Q: When is my pregnancy safe from miscarriage?
A: If the pregnancy is completely safe, the pregnancy is considered safe.

Q: When is my pregnancy safe from miscarriage?
A: When the pregnancy is completely safe, the pregnancy is considered safe.

Q: When is my pregnancy safe from miscarriage?
A: If the pregnancy is completely safe, the pregnancy is considered safe.

Q: When is my pregnancy safe from miscarriage?
A: If the pregnancy is completely safe, the pregnancy is considered safe.

Q: When is my pregnancy safe from"
what does TPM mean,what does TPM mean,"what does TPM mean
Let's think step by step.","Q: what does TPM mean
Let's think step by step.
TPM stands for True Positive Method.
TPM stands for True Positive Method.
TPM stands for True Positive Method.
TPM stands for True Positive Method.
TPM stands for True Positive Method.
TPM stands for True Positive Method.
TPM stands for True Positive Method.
TPM stands for True Positive Method.
TPM stands for True Positive Method.
TPM stands for True Positive Method.
TPM stands for True Positive Method.
TPM stands for True Positive Method.
TPM stands for True Positive Method.
TPM stands for True Positive Method.
TPM stands for True Positive Method.
TPM stands for True Positive Method.
TPM stands for True"
carpet labor cost,carpet labor cost,"carpet labor cost
Let's think step by step.","Q: carpet labor cost
Let's think step by step.
A carpet is a material which is generally used for
providing a smooth surface on the floor or the ground.
It is made up of a series of synthetic fibers that are
woven together to create the carpet.
The fibers are bonded together by means of glue.
The glue is a liquid that is made from a chemical
material.
The glue is poured onto the floor and allowed to dry.
The glue is a material that is used to fix the
fiber to the floor.
The fibers are held in place by the glue.
The glue is a substance that is used to hold
the fibers in place.
The glue is a substance that is used to hold the
fibers in place"
cost of alprazolam,cost of alprazolam,"cost of alprazolam
Let's think step by step.","Q: cost of alprazolam
Let's think step by step.
Alprazolam is a central nervous system depressant. It is not a narcotic.
It is used as a sleep aid.
It is not a hallucinogen.
It is not a stimulant.
It is not an antipsychotic.
It is not an antidepressant.
It is not an anxiolytic.
It is not an anticonvulsant.
It is not an antiepileptic.
It is not an antidepressant.
It is not an anxiolytic.
It is not an anticonvulsant.
It is not an antidepressant.
It is not an anxiolytic.
It is not an anticonvulsant"
"What movie cast by Bernard Telsey was based on William Shakespeare's play ""Twelfth Night""?","What movie cast by Bernard Telsey was based on William Shakespeare's play ""Twelfth Night""?","What movie cast by Bernard Telsey was based on William Shakespeare's play ""Twelfth Night""?
Let's think step by step.","Q: What movie cast by Bernard Telsey was based on William Shakespeare's play ""Twelfth Night""?
Let's think step by step.
A. William Shakespeare was a very popular writer in the 16th century.
B. Shakespeare was a very popular writer in the 16th century.
C. William Shakespeare was a very popular writer in the 16th century.
D. William Shakespeare was a very popular writer in the 16th century.
E. William Shakespeare was a very popular writer in the 16th century.
F. William Shakespeare was a very popular writer in the 16th century.
G. William Shakespeare was a very popular writer in the 16th century.
H. William Shakespeare was a very popular writer in the 16th century.
I. William Shakespeare was a very popular writer in the 16th century.
J. William Shakespeare was a"
Who won the Kool Championship in the 1997 race utilizing Toyota's in-house engines?,Who won the Kool Championship in the 1997 race utilizing Toyota's in-house engines?,"Who won the Kool Championship in the 1997 race utilizing Toyota's in-house engines?
Let's think step by step.","Q: Who won the Kool Championship in the 1997 race utilizing Toyota's in-house engines?
Let's think step by step.
The Kool Champion was a 2-door vehicle with a 4-cylinder engine.
The Kool Champion was a 4-door vehicle with a 2-cylinder engine.
The Kool Champion was a 2-door vehicle with a 3-cylinder engine.
The Kool Champion was a 2-door vehicle with a 4-cylinder engine.
The Kool Champion was a 4-door vehicle with a 2-cylinder engine.
The Kool Champion was a 2-door vehicle with a 3-cylinder engine.
The Kool Champion was a 2-door vehicle with a 4-cylinder engine.
The Kool Champion was a 4-door vehicle with a 2-cylinder"
how long is a long term bank loan,how long is a long term bank loan,"how long is a long term bank loan
Let's think step by step.","Q: how long is a long term bank loan
Let's think step by step.
A: 10 years
B: 10 years
C: 5 years
D: 5 years
E: 1 year
F: 1 year
G: 1 year
H: 1 year
I: 1 year
J: 1 year
K: 1 year
L: 1 year
M: 1 year
N: 1 year
O: 1 year
P: 1 year
Q: 1 year
R: 1 year
S: 1 year
T: 1 year
U: 1 year
V: 1 year
W: 1 year
X: 1 year
Y: 1 year
Z: 1 year
1) Which bank loan does this person have the longest term for?
2) What is"
Which school located at Korle Bu Teaching Hospital employed Charles Odamtten Easmon?,Which school located at Korle Bu Teaching Hospital employed Charles Odamtten Easmon?,"Which school located at Korle Bu Teaching Hospital employed Charles Odamtten Easmon?
Let's think step by step.","Q: Which school located at Korle Bu Teaching Hospital employed Charles Odamtten Easmon?
Let's think step by step.

A: This man was a very good student. He had a very good school. He had a very good teacher. He was very good. He was a very good teacher. He was a very good student. He was a very good school. He was a very good teacher. He was a very good student. He was a very good school. He was a very good teacher. He was a very good student. He was a very good school. He was a very good teacher. He was a very good student. He was a very good school. He was a very good teacher. He was a very good student. He was a very good school. He was a very good teacher. He was a very good student."
who constructed the taj mahal,who constructed the taj mahal,"who constructed the taj mahal
Let's think step by step.","Q: who constructed the taj mahal
Let's think step by step.
                                                                                                                                                     "
"The 2012 Aircel Chennai Open was a 2012 ATP World Tour tennis tournament, played on outdoor hard courts, doubles title went to the Indo-Serb pair of Janko Tipsarević, and which Indian professional tennis player, born on 17 June 1973?","The 2012 Aircel Chennai Open was a 2012 ATP World Tour tennis tournament, played on outdoor hard courts, doubles title went to the Indo-Serb pair of Janko Tipsarević, and which Indian professional tennis player, born on 17 June 1973?","The 2012 Aircel Chennai Open was a 2012 ATP World Tour tennis tournament, played on outdoor hard courts, doubles title went to the Indo-Serb pair of Janko Tipsarević, and which Indian professional tennis player, born on 17 June 1973?
Let's think step by step.","Q: The 2012 Aircel Chennai Open was a 2012 ATP World Tour tennis tournament, played on outdoor hard courts, doubles title went to the Indo-Serb pair of Janko Tipsarević, and which Indian professional tennis player, born on 17 June 1973?
Let's think step by step.

A: Janko Tipsarević, born on 17 June 1973, is an Indian professional tennis player. He has a career-high ATP singles ranking of world No. 561. He also has a career-high ATP doubles ranking of No. 564.

Q: The Indian professional tennis player, born on 17 June 1973, who played in the 2012 Aircel Chennai Open?
A: Yes, I am Janko Tipsarević.

Q: Who was the Indian professional tennis player, born on 17 June 1973, who played in the 2012 Aircel Chennai Open?
A: I am Janko Tipsarević.

Q: How did the Indian professional tennis player"
What position did Gregory II hold when he was 89?,What position did Gregory II hold when he was 89?,"What position did Gregory II hold when he was 89?
Let's think step by step.","Q: What position did Gregory II hold when he was 89?
Let's think step by step.
I. In the early 13th century, the Byzantine Empire had a strong presence in the western Balkans.
Gregory II, the first of the Byzantine emperors, ruled the Balkans for about two years.
II. He is the first emperor to have a wife.
The Emperor married the daughter of a powerful magnate in the region.
III. He is the first emperor to have a son.
The Emperor was the first Byzantine emperor to have a son.
IV. He is the first emperor to have a son who is a boy.
The Emperor was the first Byzantine emperor to have a son who was a boy.
V. He is the first emperor to have a son who was a girl.
The"
Who directed the upcoming movie that Robinne Lee appears in?,Who directed the upcoming movie that Robinne Lee appears in?,"Who directed the upcoming movie that Robinne Lee appears in?
Let's think step by step.","Q: Who directed the upcoming movie that Robinne Lee appears in?
Let's think step by step.
Robinne Lee: It's an old movie.
Tanya: I'm sorry.
Robinne Lee: I thought that it was a new movie.
Tanya: I'm sorry.
Robinne Lee: I thought that it was a new movie.
Tanya: I'm sorry.
Robinne Lee: I thought that it was a new movie.
Tanya: I'm sorry.
Robinne Lee: I thought that it was a new movie.
Tanya: I'm sorry.
Robinne Lee: I thought that it was a new movie.
Tanya: I'm sorry.
Robinne Lee: I thought that it was a new movie.
Tanya: I'm sorry"
when is thanksgiving day,when is thanksgiving day,"when is thanksgiving day
Let's think step by step.","Q: when is thanksgiving day
Let's think step by step.
I want to thank you all.
I'm so glad you came to my house.
I'm so glad you came to my house.
I'm so glad you came to my house.
I'm so glad you came to my house.
I'm so glad you came to my house.
I'm so glad you came to my house.
I'm so glad you came to my house.
I'm so glad you came to my house.
I'm so glad you came to my house.
I'm so glad you came to my house.
I'm so glad you came to my house.
I'm so glad you came to my house.
I'm so glad you came to my house"
Is it true that the fiscal/tax revenue of Daguioman is less than 40873085.264?,Is it true that the fiscal/tax revenue of Daguioman is less than 40873085.264?,"Is it true that the fiscal/tax revenue of Daguioman is less than 40873085.264?
Let's think step by step.","Q: Is it true that the fiscal/tax revenue of Daguioman is less than 40873085.264?
Let's think step by step. The total revenue is $5.9 million. The total tax revenue is $4.5 million. The tax rate is 0.07% and the total tax rate is 0.07%. The total revenue is $5.9 million. The total tax revenue is $4.5 million. The tax rate is 0.07% and the total tax rate is 0.07%. The total revenue is $5.9 million. The total tax revenue is $4.5 million. The tax rate is 0.07% and the total tax rate is 0.07%. The total revenue is $5.9 million. The total tax revenue is $4.5 million. The tax rate is 0.07% and the total tax"
what postal address is stellenbosch,what postal address is stellenbosch,"what postal address is stellenbosch
Let's think step by step.","Q: what postal address is stellenbosch
Let's think step by step.

A: stellenbosch
B: stellenbosch
C: stellenbosch
D: stellenbosch
E: stellenbosch
F: stellenbosch
G: stellenbosch
H: stellenbosch
I: stellenbosch
J: stellenbosch
K: stellenbosch
L: stellenbosch
M: stellenbosch
N: stellenbosch
O: stellenbosch
P: stellenbosch
Q: stellenbosch
R: stellenbosch
S: stellenbosch
T: stellenbosch
U: stellenbosch
V"
the NASA space radiation Laboratory and the National Weather Service weather forecast office are both located in what part of New York?,the NASA space radiation Laboratory and the National Weather Service weather forecast office are both located in what part of New York?,"the NASA space radiation Laboratory and the National Weather Service weather forecast office are both located in what part of New York?
Let's think step by step.","Q: the NASA space radiation Laboratory and the National Weather Service weather forecast office are both located in what part of New York?
Let's think step by step.
1) A weather forecast office is located in New York, and they have a weather lab in a different part of New York.
2) A weather lab is located in New York, and they have a weather forecast office in a different part of New York.
3) A weather lab is located in New York, and they have a weather forecast office in the same part of New York.
4) A weather forecast office is located in New York, and they have a weather lab in the same part of New York.
5) A weather lab is located in New York, and they have a weather forecast office in the same part of New York.
6) A weather lab is located in New York, and they have"
Where was the awards ceremony that was hosted in 2007 by an American commercial broadcast television network headquartered on Pico Boulevard hosted?,Where was the awards ceremony that was hosted in 2007 by an American commercial broadcast television network headquartered on Pico Boulevard hosted?,"Where was the awards ceremony that was hosted in 2007 by an American commercial broadcast television network headquartered on Pico Boulevard hosted?
Let's think step by step.","Q: Where was the awards ceremony that was hosted in 2007 by an American commercial broadcast television network headquartered on Pico Boulevard hosted?
Let's think step by step.

A: In 2007, a TV network headquartered on Pico Boulevard hosted the awards ceremony.

B: The awards ceremony was hosted by a television network headquartered on Pico Boulevard.

C: This is the first time that the television network headquartered on Pico Boulevard hosted the awards ceremony.

D: This is the first time that the TV network headquartered on Pico Boulevard hosted the awards ceremony.

E: The awards ceremony was hosted by a television network headquartered on Pico Boulevard.

F: The TV network headquartered on Pico Boulevard hosted the awards ceremony.

G: The TV network headquartered on Pico Boulevard hosted the awards ceremony.

H: The TV network headquartered on Pico Boulevard"
iq what is average,iq what is average,"iq what is average
Let's think step by step.","Q: iq what is average
Let's think step by step.
First of all, let's say that we have $n$ balls.
Now we put $n$ balls in a row, and then we put the first ball on the left side, and the second ball on the right side.
What is the average number of balls that we have in the row?
The answer is $n/2$.
What is the average number of balls that we have in the row?
The answer is $n/2 + 1$.
What is the average number of balls that we have in the row?
The answer is $n/2 + 2$.
What is the average number of balls that we have in the row?
The answer is $n/2 + 3"
does an MRI involve needles?,does an MRI involve needles?,"does an MRI involve needles?
Let's think step by step.","Q: does an MRI involve needles?
Let's think step by step. The MRI machine is a very complicated instrument, which is why it is called a medical imaging device. The machine is used to image the inside of the body. It is a very high tech machine. It can do all sorts of things, like X-raying, scanning, and so on. The MRI machine is used to make a 3D image of the inside of the body. The 3D image is called a CT or CAT scan. The CT scan or CAT scan is a very complicated piece of technology, which is why it is called a medical imaging device. The CT or CAT scan is used to make a 2D image of the inside of the body. The 2D image is called a MRI scan. The MRI scan is a"
"What is the Russian name of the movie that preceded ""Dnevnoy dozor?""","What is the Russian name of the movie that preceded ""Dnevnoy dozor?""","What is the Russian name of the movie that preceded ""Dnevnoy dozor?""
Let's think step by step.","Q: What is the Russian name of the movie that preceded ""Dnevnoy dozor?""
Let's think step by step.
""Dnevnoy dozor"" (literally: ""The Dossier"") was the name of the movie that preceded ""Dnevnoye doroga"" (literally: ""The Dossier of the Dossier"").
The movie that preceded ""Dnevnoy dozor"" was ""Dnevnoye doroga"".
The movie that preceded ""Dnevnoy dozor"" was ""Dnevnoye doroga"".
The movie that preceded ""Dnevnoy dozor"" was ""Dnevnoye doroga"".
The movie that preceded ""Dnevnoy dozor"" was ""Dne"
cooking temperature for frying cooking meats,cooking temperature for frying cooking meats,"cooking temperature for frying cooking meats
Let's think step by step.","Q: cooking temperature for frying cooking meats
Let's think step by step. I start with frying meats in the oven at a low temperature. The meat is already cooked and is brown. Let's cook it for another minute or two. Now I put the meat in the oven for a while at a higher temperature. Let's cook the meat for a while longer. Now I put the meat back in the oven for a while at a lower temperature. Let's cook the meat for a while longer. Now I put the meat back in the oven for a while at a lower temperature. Let's cook the meat for a while longer. Now I put the meat back in the oven for a while at a higher temperature. Let's cook the meat for a while longer. Now I put the meat back in the oven for a"
Where is Glasgow nearest body of water located and where is the administrative territorial entity located?,Where is Glasgow nearest body of water located and where is the administrative territorial entity located?,"Where is Glasgow nearest body of water located and where is the administrative territorial entity located?
Let's think step by step.","Q: Where is Glasgow nearest body of water located and where is the administrative territorial entity located?
Let's think step by step.

A: Glasgow is on the east coast of Scotland. The Scottish borders are the North Sea, the North Sea, and the North Sea.

B: Glasgow is in the United Kingdom. The British Isles, or the United Kingdom, is in the North Atlantic Ocean.

C: Glasgow is in the United Kingdom. The British Isles, or the United Kingdom, is in the North Atlantic Ocean.

D: Glasgow is on the North Sea. The Scottish borders are the North Sea, the North Sea, and the North Sea.

E: Glasgow is on the North Sea. The Scottish borders are the North Sea, the North Sea, and the North Sea.

F: Glasgow is on the North Sea"
What is formation of succeeded by of Julian calendar ?,What is formation of succeeded by of Julian calendar ?,"What is formation of succeeded by of Julian calendar ?
Let's think step by step.","Q: What is formation of succeeded by of Julian calendar?
Let's think step by step.

A: This is Julian calendar.

B: This is the Gregorian calendar.

C: This is the Julian calendar.

D: This is the Gregorian calendar.

E: This is the Julian calendar.

The first day of this year is the first day of the year of the Gregorian calendar.

The second day of this year is the second day of the year of the Gregorian calendar.

The third day of this year is the third day of the year of the Gregorian calendar.

The fourth day of this year is the fourth day of the year of the Gregorian calendar.

The fifth day of this year is the fifth day of the year"
what is colloquial expressions,what is colloquial expressions,"what is colloquial expressions
Let's think step by step.","Q: what is colloquial expressions
Let's think step by step.
A colloquial expression is a simple word that has been used in a conversation, but is not a real word.
For example, the word ""gossip"" is a colloquial expression.
What does it mean?

A: The word gossip has become a colloquial expression.

So what is a colloquial expression?
A colloquial expression is a word that has been used in a conversation, but is not a real word.
For example, the word ""gossip"" is a colloquial expression.
What does it mean?

A: The word gossip has become a colloquial expression.

What is a colloquial expression?

A coll"
what temp should a bearded dragons tank be,what temp should a bearded dragons tank be,"what temp should a bearded dragons tank be
Let's think step by step.","Q: what temp should a bearded dragons tank be
Let's think step by step.

1. What temperature should a bearded dragon tank be?
2. How many dragons should a bearded dragon tank be?
3. What temperature should a bearded dragon tank be?

A:

The temperature of a bearded dragon tank is determined by how many dragons you have, how much water they drink, and how long they have been in the tank.

How many dragons should a bearded dragon tank be?

The most common way to determine how many dragons a bearded dragon tank needs is to take the total number of dragons you want to keep and divide it by the number of dragons you need.

What temperature should a bearded dragon tank be?

This is a personal opinion.

Let's"
Which of Lodoicea and Privet. has more species?,Which of Lodoicea and Privet. has more species?,"Which of Lodoicea and Privet. has more species?
Let's think step by step.","Q: Which of Lodoicea and Privet. has more species?
Let's think step by step.

Lodoicea is the one with the highest number of species.
Privet is the one with the least number of species.

A:

You can find the number of species in any plant genus in the online Plant Species Table.
For example:

A:

For plants, there are no species, so there is no way to know how many species there are. 
However, it's still possible to find out the number of species in a plant, and that's what I'll do.
I'll do it by looking at the species in the Plant List.

In the Plant List, there are two species in the genus Lodoicea, L. 
The first"
Who has acted in the movie After the Sunset and has received five Emmy Award nominations? ,Who has acted in the movie After the Sunset and has received five Emmy Award nominations? ,"Who has acted in the movie After the Sunset and has received five Emmy Award nominations? 
Let's think step by step.","Q: Who has acted in the movie After the Sunset and has received five Emmy Award nominations? 
Let's think step by step.

A: After the Sunset

B: The first scene of the movie, which is the most important one.

C: The movie begins with a scene of a family gathering at a place.

D: The scene is about a father, who is about to have his first son, and a daughter.

E: The scene is about a mother, who is about to have a baby.

F: The scene is about a father, who is about to have his first son, and a daughter.

G: The scene is about a mother, who is about to have a baby.

H: The scene is about a father, who is about to have his first son, and"
Functional dysphagia is caused by,Functional dysphagia is caused by,"Functional dysphagia is caused by
Let's think step by step.","Q: Functional dysphagia is caused by
Let's think step by step.
Let's consider the following scenario:

you have a functional dysphagia,
you are unable to swallow a liquid
you are unable to swallow a solid food

What is the cause of this problem?
Is it a problem of the throat?
Is it a problem of the esophagus?
Is it a problem of the stomach?
Is it a problem of the small intestine?
Is it a problem of the colon?
Is it a problem of the stomach?
Is it a problem of the large intestine?
Is it a problem of the small intestine?
Is it a problem of the large intestine?
Is it a problem of the large intestine?
Is it a problem of the large"
overhead cost in garment factory,overhead cost in garment factory,"overhead cost in garment factory
Let's think step by step.","Q: overhead cost in garment factory
Let's think step by step.
1) A person has to go to a factory to get a new clothes. The factory is a large building. The person has to go from the entrance of the factory to the exit.
2) The person has to go to the factory and pick up the clothes from the factory.
3) The person has to go back to the entrance of the factory and pick up the clothes from the exit.
4) The person has to go to the factory again.
5) The person has to go back to the entrance of the factory and pick up the clothes from the exit.
6) The person has to go to the factory again.
7) The person has to go to the factory again.
8) The"
"Lynn DeCoitte was appointed by which American politician who is the eighth and current Governor of Hawaii, in office since 2014?","Lynn DeCoitte was appointed by which American politician who is the eighth and current Governor of Hawaii, in office since 2014?","Lynn DeCoitte was appointed by which American politician who is the eighth and current Governor of Hawaii, in office since 2014?
Let's think step by step.","Q: Lynn DeCoitte was appointed by which American politician who is the eighth and current Governor of Hawaii, in office since 2014?
Let's think step by step.
1. How many American politicians have been appointed by the governor of Hawaii?
2. Which politician has been appointed by which American politician who is the eighth and current governor of Hawaii?

A:

Since I can't find a definitive answer, I will answer my own question.
The first person is Ulysses S. Grant, who was elected to the U.S. Senate in 1867 and became the first American to be elected to the United States presidency. He was the first to be elected to the United States Senate, the first president elected by a majority of the electoral college, the first to be elected as a Republican, and the first to be elected as the majority party of the House of Representatives.
"
how long do you cook a soft boiled egg,how long do you cook a soft boiled egg,"how long do you cook a soft boiled egg
Let's think step by step.","Q: how long do you cook a soft boiled egg
Let's think step by step.
First you cut the egg in the middle, and then you boil it for 20 minutes.
Then you cut the egg in the middle again, and then you boil it for 10 minutes.
Then you cut the egg in the middle again, and then you boil it for 10 minutes.
Then you cut the egg in the middle again, and then you boil it for 10 minutes.
Then you cut the egg in the middle again, and then you boil it for 10 minutes.
Then you cut the egg in the middle again, and then you boil it for 10 minutes.
Then you cut the egg in the middle again, and then you boil it for 10 minutes.
Then you cut the egg in the middle again,"
what is pesarattu,what is pesarattu,"what is pesarattu
Let's think step by step.","Q: what is pesarattu
Let's think step by step.
Let's think about what pesarattu is.
What is it?
Pesarattu is a combination of a lot of things.
The most important thing is the combination of a lot of
different things.
This is a combination of a lot of things.
The most important thing is the combination of a lot of
different things.
That is why pesarattu is called a combination of a lot of
things.
Let's think about it.
We are going to think about what pesarattu is.
We are going to think about what pesarattu is.
What is pesarattu?
Pesarattu is a combination of a lot of different things"
is moscato bubbly,is moscato bubbly,"is moscato bubbly
Let's think step by step.","Q: is moscato bubbly
Let's think step by step.

A: Moscato is the style of music that uses a lot of
  distortion, and it's also the style that uses the most
  electronic effects.

B: This is a little different.

A: Moscato is the style of music that uses a lot of
  distortion, and it's also the style that uses the most
  electronic effects.

B: This is a little different.

A: Moscato is the style of music that uses a lot of
  distortion, and it's also the style that uses the most
  electronic effects.

A: Moscato is the style of music that uses a lot of
  distortion, and"
what are planets made up of,what are planets made up of,"what are planets made up of
Let's think step by step.","Q: what are planets made up of
Let's think step by step.

A. Sun and Earth

1. The Sun is a big ball of gas.
2. The Sun has a huge mass.
3. The Sun has a small radius.
4. The Sun has a big magnetic field.
5. The Sun has a lot of hydrogen.
6. The Sun has a lot of helium.
7. The Sun has a lot of carbon.
8. The Sun has a lot of oxygen.
9. The Sun has a lot of nitrogen.
10. The Sun has a lot of helium.
11. The Sun has a lot of nitrogen.
12. The Sun has a lot of oxygen.
13. The Sun has a lot of silicon."
In what borough is the capital of Kolhar?,In what borough is the capital of Kolhar?,"In what borough is the capital of Kolhar?
Let's think step by step.","Q: In what borough is the capital of Kolhar?
Let's think step by step.
A: It is the capital of Kolhar.
B: And Kolhar is the most famous city of Kolhar.
C: Kolhar is the capital of Kolhar.
D: And Kolhar is the most famous city of Kolhar.
E: And Kolhar is the capital of Kolhar.

A:

Partial answer.

Kolhar is the capital of Kolhar.

This statement is true, as it is the capital of the state of Kolhar.

And Kolhar is the most famous city of Kolhar.

This statement is true, as it is the most famous city of the state of Kolhar.

And Kolhar is the capital"
vitamins in carrots and sweet potatoes,vitamins in carrots and sweet potatoes,"vitamins in carrots and sweet potatoes
Let's think step by step.","Q: vitamins in carrots and sweet potatoes
Let's think step by step.

1. What are carrots and sweet potatoes?

Carrots are a member of the nightshade family of vegetables, which means that they have an unpleasant smell.
Sweet potatoes are a member of the nightshade family of vegetables, which means that they have an unpleasant smell.

2. How are carrots and sweet potatoes different?

Carrots are a member of the nightshade family of vegetables, which means that they have an unpleasant smell.
Sweet potatoes are a member of the nightshade family of vegetables, which means that they have an unpleasant smell.

3. What is the difference between the carrots and sweet potatoes?

Carrots are a member of the nightshade family of"
is lombok island nice,is lombok island nice,"is lombok island nice
Let's think step by step.","Q: is lombok island nice
Let's think step by step.
1. There are no lombok island.
2. There is lombok island.
3. There are lombok island.
4. There is lombok island.
5. There are lombok island.
6. There are lombok island.
7. There is lombok island.
8. There is lombok island.
9. There are lombok island.
10. There is lombok island.

What is the difference between 5, 6 and 7?

A:

I think the difference is that you have to go through the lombok island twice to find the island.
But that is a minor difference,"
"Which American actor, artist, and former American football player born in 1968 appeared in the film ""Reach Me?""","Which American actor, artist, and former American football player born in 1968 appeared in the film ""Reach Me?""","Which American actor, artist, and former American football player born in 1968 appeared in the film ""Reach Me?""
Let's think step by step.","Q: Which American actor, artist, and former American football player born in 1968 appeared in the film ""Reach Me?""
Let's think step by step.

1.

How did you first meet your wife, or
  did you first meet your wife?

I met her in a bar.

2.

How did you first meet your wife's father?

I met him at the bar.

3.

How did you first meet your wife's father's family?

I met them at the bar.

4.

How did you first meet your wife's father's family?

I met them at the bar.

5.

How did you first meet your wife's father's family?

I met them at the bar.

6.

How did you first meet"
What is the name of the airline that replaces Delta Air Lines?,What is the name of the airline that replaces Delta Air Lines?,"What is the name of the airline that replaces Delta Air Lines?
Let's think step by step.","Q: What is the name of the airline that replaces Delta Air Lines?
Let's think step by step.
A. Delta Air Lines: Delta Air Lines was founded in 1960. Delta Air Lines is a subsidiary of Delta Air Lines Holdings, Inc. Delta Air Lines Holdings, Inc. is a subsidiary of Delta Air Lines. Delta Air Lines Holdings, Inc. is a subsidiary of Delta Air Lines. Delta Air Lines Holdings, Inc. is a subsidiary of Delta Air Lines. Delta Air Lines Holdings, Inc. is a subsidiary of Delta Air Lines. Delta Air Lines Holdings, Inc. is a subsidiary of Delta Air Lines. Delta Air Lines Holdings, Inc. is a subsidiary of Delta Air Lines. Delta Air Lines Holdings, Inc. is a subsidiary of Delta Air Lines. Delta Air Lines Holdings, Inc. is a subsidiary of Delta Air Lines. Delta"
Was Sandy Dennis nominated in the Academy Awards for Best Supporting Actress?,Was Sandy Dennis nominated in the Academy Awards for Best Supporting Actress?,"Was Sandy Dennis nominated in the Academy Awards for Best Supporting Actress?
Let's think step by step.","Q: Was Sandy Dennis nominated in the Academy Awards for Best Supporting Actress?
Let's think step by step. First, it was announced that he was nominated for the award. Then, he was nominated for the award, and the Academy Awards ceremony was held on Sunday. So, what was the point of the Academy Awards ceremony? The Academy Awards ceremony is the Oscars, right?

Q: I'm not sure I understand. How does the Academy Awards ceremony decide winners?

A: The Academy Awards ceremony is a lot like the Oscars. First, the Academy Awards ceremony is a lot like the Oscars. In the Oscars, there is an award for Best Picture, Best Director, Best Actor, Best Actress, Best Supporting Actor, Best Supporting Actress, Best Supporting Actress in a Supporting Role, Best Adapted Screenplay, Best Original Score, Best"
Which Caldwell County native founded J.C. Penney stores in 1902? ,Which Caldwell County native founded J.C. Penney stores in 1902? ,"Which Caldwell County native founded J.C. Penney stores in 1902? 
Let's think step by step.","Q: Which Caldwell County native founded J.C. Penney stores in 1902? 
Let's think step by step. 

A: A native of Caldwell County, J.C. Penney founded the first store in Caldwell County in 1902.

Q: What was the name of the store in Caldwell County that was the first store in Caldwell County?

A: A store in Caldwell County that was the first store in Caldwell County was called J.C. Penney.

Q: Where was the store in Caldwell County that was the first store in Caldwell County?

A: The store in Caldwell County that was the first store in Caldwell County was located at the intersection of State Highway 75 and State Highway 78.

Q: What was the name of the store in Caldwell County that was the first store in Caldwell County?"
Who did the 2002 runner up sing two cover songs with on American Idol: Greatest Moments?,Who did the 2002 runner up sing two cover songs with on American Idol: Greatest Moments?,"Who did the 2002 runner up sing two cover songs with on American Idol: Greatest Moments?
Let's think step by step.","Q: Who did the 2002 runner up sing two cover songs with on American Idol: Greatest Moments?
Let's think step by step.

[1] The second song was ""Hallelujah,"" the first was ""Rockin' in the Free World,"" and the third was ""Rock You Like a Hurricane.""

[2] The first song was ""I Can't Help Myself,"" the second was ""I Want You to Want Me,"" and the third was ""I Want You to Want Me.""

[3] The first song was ""I Can't Help Myself,"" the second was ""You're The One That I Want,"" and the third was ""You're The One That I Want.""

[4] The first song was ""I Can't Help Myself,"" the second was ""You're The One That I Want,"" and"
"Which artist who recorded Gary Harrison's work also recorded ""Raindrops Keep Fallin' on My Head""?","Which artist who recorded Gary Harrison's work also recorded ""Raindrops Keep Fallin' on My Head""?","Which artist who recorded Gary Harrison's work also recorded ""Raindrops Keep Fallin' on My Head""?
Let's think step by step.","Q: Which artist who recorded Gary Harrison's work also recorded ""Raindrops Keep Fallin' on My Head""?
Let's think step by step.
1. In the early days of the Beatles, Gary Harrison was one of the most famous and respected British musicians.
2. Harrison was in a group with the Beatles, and it was called the 'Beatles'.
3. Harrison was in the group when John Lennon was in the group.
4. Harrison played on a song that was recorded by the Beatles, called 'Raindrops Keep Fallin' on My Head'.
5. This song was also released by the Beatles.
6. Harrison also recorded 'Raindrops Keep Fallin' on My Head'.
7. The song was written by a young British man named Paul McCartney.
8. The song was recorded by the Beatles, and it was released in the"
what is zinc good for,what is zinc good for,"what is zinc good for
Let's think step by step.","Q: what is zinc good for
Let's think step by step.
Zinc is good for:
1. Digestion
Zinc is a major component of the human digestive system. It is necessary for the process of digestion. It is also necessary for the process of assimilation. Zinc is needed for the formation of hormones.
2. Blood
Zinc is needed for the formation of red blood cells.
3. Brain
Zinc is needed for the process of nerve cell formation. It is needed for the process of nerve cell regeneration.
4. Reproduction
Zinc is needed for the formation of sperm and eggs.
Zinc is needed for the formation of the thyroid gland.
5. Skin
Zinc is needed for the formation of the skin.
6."
Who is the disciple of Louise Elisabeth Vigee Le Brun that has a major work called the Portrait of a Negress?,Who is the disciple of Louise Elisabeth Vigee Le Brun that has a major work called the Portrait of a Negress?,"Who is the disciple of Louise Elisabeth Vigee Le Brun that has a major work called the Portrait of a Negress?
Let's think step by step.","Q: Who is the disciple of Louise Elisabeth Vigee Le Brun that has a major work called the Portrait of a Negress?
Let's think step by step.
1) The portrait is about a woman, a beautiful woman, she is wearing a black veil, a black hat, and she is holding a walking stick.
2) The portrait is about a man, a man, who is wearing a white suit and a white hat.
3) The portrait is about a woman, a beautiful woman, she is wearing a black veil, a black hat, and she is holding a walking stick.
4) The portrait is about a man, a man, who is wearing a white suit and a white hat.
5) The portrait is about a woman, a beautiful woman, she is wearing a black veil, a black hat, and she is holding a walking stick.
6)"
when do viking invasions end,when do viking invasions end,"when do viking invasions end
Let's think step by step.","Q: when do viking invasions end
Let's think step by step.

1) The first Viking attack on England was in 842.
2) The next Viking invasion was in 866.
3) The next invasion was in 915.
4) The next invasion was in 1066.
5) The next invasion was in 1166.
6) The next invasion was in 1291.
7) The next invasion was in 1393.
8) The next invasion was in 1450.
9) The next invasion was in 1475.
10) The next invasion was in 1476.
11) The next invasion was in 1477.
12) The next invasion was in 1483.
13) The next invasion was in 1486.
14"
"In what year was the American musical drama film, produced by Tim Rice and Andrew Lloyd Weber and which featured actor Antonio Banderas, released?","In what year was the American musical drama film, produced by Tim Rice and Andrew Lloyd Weber and which featured actor Antonio Banderas, released?","In what year was the American musical drama film, produced by Tim Rice and Andrew Lloyd Weber and which featured actor Antonio Banderas, released?
Let's think step by step.","Q: In what year was the American musical drama film, produced by Tim Rice and Andrew Lloyd Weber and which featured actor Antonio Banderas, released?
Let's think step by step.

1) When was it produced?

2) Who directed the film?

3) What year was it released?

4) Who starred in the film?

A:

1) When was it produced?

The film was released in October 1992.

2) Who directed the film?

Tim Rice directed the film.

3) What year was it released?

It was released in 1992.

4) Who starred in the film?

Antonio Banderas, who plays the role of the titular character, is one of the main actors in the film.

A:

The answer is in the question, but I"
what is smoked meat,what is smoked meat,"what is smoked meat
Let's think step by step.","Q: what is smoked meat
Let's think step by step.
Step 1. The smoked meat is a cut of meat that has been smoked for a long time.
Step 2. The smoked meat is cut from the shoulder, the leg, or the shoulder and the leg.
Step 3. The smoked meat is sliced into pieces of less than 1.5 inches in length.
Step 4. The smoked meat is then cooked.
Step 5. The smoked meat is cut into small pieces and placed into a pan with some water.
Step 6. The smoked meat is cooked in the water for about 10 minutes.
Step 7. The smoked meat is drained and then hung to dry.
Step 8. The smoked meat is then cut into pieces of less than 1.5 inches in length"
are there different types of melanoma,are there different types of melanoma,"are there different types of melanoma
Let's think step by step.","Q: are there different types of melanoma
Let's think step by step.
1. Melanoma is a skin cancer that can spread to other parts of the body.
2. Melanoma is a cancer of pigment cells.
3. The most common form of melanoma is called superficial spreading melanoma.
4. The most common form of melanoma is called nodular melanoma.
5. Melanoma can spread to the lymph nodes.
6. Melanoma can spread to the brain.
7. Melanoma can spread to the bones.
8. Melanoma can spread to the lungs.
9. Melanoma can spread to the heart.
10. Melanoma can spread to the liver.
11. Melanoma can spread to the"
what college coach has the highest number of wins in football,what college coach has the highest number of wins in football,"what college coach has the highest number of wins in football
Let's think step by step.","Q: what college coach has the highest number of wins in football
Let's think step by step.

A. I believe that the number of wins in college football is the highest of any sport.

B. I believe that the number of wins in college football is the second highest of any sport.

C. I believe that the number of wins in college football is the third highest of any sport.

D. I believe that the number of wins in college football is the fourth highest of any sport.

E. I believe that the number of wins in college football is the fifth highest of any sport.

F. I believe that the number of wins in college football is the sixth highest of any sport.

G. I believe that the number of wins in college football is the seventh highest of"
The cartoon network is operated by who?,The cartoon network is operated by who?,"The cartoon network is operated by who?
Let's think step by step.","Q: The cartoon network is operated by who?
Let's think step by step. The cartoon network is an organization that runs on the Internet and has a lot of people and a lot of money. It's a lot of people and a lot of money.

A: The cartoon network is an organization that runs on the Internet and has a lot of people and a lot of money. It's a lot of people and a lot of money.

Q: So who is the cartoon network?

A: The cartoon network is an organization that runs on the Internet and has a lot of people and a lot of money. It's a lot of people and a lot of money.

Q: How does the cartoon network use the money?

A: The cartoon network uses the money to run the"
"What NFL player was known as not only the NFl's first draft pick for the Houston Texans, but also played for the teams Buffalo Bills and Miami Dolphins?","What NFL player was known as not only the NFl's first draft pick for the Houston Texans, but also played for the teams Buffalo Bills and Miami Dolphins?","What NFL player was known as not only the NFl's first draft pick for the Houston Texans, but also played for the teams Buffalo Bills and Miami Dolphins?
Let's think step by step.","Q: What NFL player was known as not only the NFl's first draft pick for the Houston Texans, but also played for the teams Buffalo Bills and Miami Dolphins?
Let's think step by step.
A: The first draft pick for the Houston Texans.
B: The first draft pick for the Buffalo Bills.
C: The first draft pick for the Miami Dolphins.
D: The first draft pick for the New York Giants.
E: The first draft pick for the New York Jets.

Q: What NFL player was known as the NFl's first draft pick for the New England Patriots, and played for the teams New York Giants and Buffalo Bills?
A: The first draft pick for the New York Giants.
B: The first draft pick for the Buffalo Bills.
C: The first draft pick for the Miami Dolphins.
D: The first draft pick for the New York Jets.
E:"
what is rectus diastasis,what is rectus diastasis,"what is rectus diastasis
Let's think step by step.","Q: what is rectus diastasis
Let's think step by step.
Rectus diastasis is the space between the shoulder blades.
This is where the muscle of the shoulder girdle, the deltoid, is located.
Rectus diastasis is an important part of the shoulder joint.
Rectus diastasis can be seen in the shoulder girdle and in the shoulder muscles.
Rectus diastasis is caused by the muscles that make up the shoulder girdle.
Rectus diastasis can be caused by a tear in the muscle or a muscle that is weakened.
Rectus diastasis can be caused by a muscle injury.

Q: What is the difference between rectus diastasis and subacromial bursitis
"
"what is next to Mie Prefecture, that has arrondissements in the Funai District ?","what is next to Mie Prefecture, that has arrondissements in the Funai District ?","what is next to Mie Prefecture, that has arrondissements in the Funai District ?
Let's think step by step.","Q: what is next to Mie Prefecture, that has arrondissements in the Funai District?
Let's think step by step.

The Funai District has arrondissements in the Mie Prefecture.

The Funai District has arrondissements in the Funai District.

The Funai District has arrondissements in the Funai District.

The Funai District has arrondissements in the Funai District.

The Funai District has arrondissements in the Funai District.

The Funai District has arrondissements in the Funai District.

The Funai District has arrondissements in the Funai District.

The Funai District has arrondissements in the Funai District.

The Funai District has arrondissements in the"
"Interstate 376 (I-376) is a major auxiliary route of the Interstate Highway System in the U.S. state of Pennsylvania, located within the Allegheny Plateau, the route serves Pittsburgh, Pennsylvania and its surrounding areas, and is the main access road to Pittsburgh International Airport (PIT), in which country?","Interstate 376 (I-376) is a major auxiliary route of the Interstate Highway System in the U.S. state of Pennsylvania, located within the Allegheny Plateau, the route serves Pittsburgh, Pennsylvania and its surrounding areas, and is the main access road to Pittsburgh International Airport (PIT), in which country?","Interstate 376 (I-376) is a major auxiliary route of the Interstate Highway System in the U.S. state of Pennsylvania, located within the Allegheny Plateau, the route serves Pittsburgh, Pennsylvania and its surrounding areas, and is the main access road to Pittsburgh International Airport (PIT), in which country?
Let's think step by step.","Q: Interstate 376 (I-376) is a major auxiliary route of the Interstate Highway System in the U.S. state of Pennsylvania, located within the Allegheny Plateau, the route serves Pittsburgh, Pennsylvania and its surrounding areas, and is the main access road to Pittsburgh International Airport (PIT), in which country?
Let's think step by step.

First of all, we have to figure out where the I-376 is.

I-376 is a major auxiliary route of the Interstate Highway System in the U.S. state of Pennsylvania, located within the Allegheny Plateau, the route serves Pittsburgh, Pennsylvania and its surrounding areas, and is the main access road to Pittsburgh International Airport (PIT), in which country?

It is a highway in the US state of Pennsylvania, and the main access road to Pittsburgh International Airport (PIT), in which country?

It is a highway in the US state of Pennsylvania, and the main access road to Pittsburgh International Airport (PIT), in which country?

It is a highway in the US state"
On what day was D.J. Augustin drafted by the Charlotte Bobcats?,On what day was D.J. Augustin drafted by the Charlotte Bobcats?,"On what day was D.J. Augustin drafted by the Charlotte Bobcats?
Let's think step by step.","Q: On what day was D.J. Augustin drafted by the Charlotte Bobcats?
Let's think step by step.

A: D.J. Augustin was drafted by the Charlotte Bobcats in the second round of the 2008 NBA Draft. He is the son of former Charlotte player/coach, D.J. Augustin.

Q: On what day was D.J. Augustin drafted by the Charlotte Bobcats?

A: On September 7, 2008.

Q: On what day was D.J. Augustin drafted by the Charlotte Bobcats?

A: On October 1, 2008.

Q: On what day was D.J. Augustin drafted by the Charlotte Bobcats?

A: On September 7, 2008.

Q: On what day was D.J"
substances that are naturally produced by certain microorganisms,substances that are naturally produced by certain microorganisms,"substances that are naturally produced by certain microorganisms
Let's think step by step.","Q: substances that are naturally produced by certain microorganisms
Let's think step by step.
Step 1: Microorganisms naturally produce a substance called a toxin
Step 2: This toxin is harmful to humans, so they develop a defense mechanism
Step 3: The toxin is eliminated from the body, but now, the defense mechanism
Step 4: The toxin reappears in the body and causes illness
Step 5: The toxin is eliminated from the body, but now, the defense mechanism
Step 6: The toxin reappears in the body and causes illness
Step 7: The toxin is eliminated from the body, but now, the defense mechanism
Step 8: The toxin reappears in the body and causes illness
Step 9: The toxin is eliminated from the body, but now, the defense mechanism
Step 10: The toxin"
lactobacillus acidophilus description of disease caused by bacteria,lactobacillus acidophilus description of disease caused by bacteria,"lactobacillus acidophilus description of disease caused by bacteria
Let's think step by step.","Q: lactobacillus acidophilus description of disease caused by bacteria
Let's think step by step.
The first step is to find the source of the disease.
The source is the intestinal tract of the animal.
If the animal is infected, the source is the intestinal tract.
If the animal is not infected, the source is the intestinal tract of the animal that has been infected.
The intestinal tract of the infected animal is the source of the disease.
If the intestinal tract of the infected animal is the source, the source is the intestinal tract of the infected animal.
If the intestinal tract of the infected animal is the source, the source is the intestinal tract of the infected animal.
If the intestinal tract of the infected animal is the source, the source is the intestinal tract of the infected animal.
If the"
"ESL Music was founded by Rob Garza and what American heir, hotelier, and philanthropist?","ESL Music was founded by Rob Garza and what American heir, hotelier, and philanthropist?","ESL Music was founded by Rob Garza and what American heir, hotelier, and philanthropist?
Let's think step by step.","Q: ESL Music was founded by Rob Garza and what American heir, hotelier, and philanthropist?
Let's think step by step.
1. ESL Music was founded in 2006 in San Francisco, CA by Rob Garza.
2. Rob Garza is an American heir, hotelier, and philanthropist.
3. Rob Garza is the founder and owner of ESL Music.
4. ESL Music is a non-profit organization.
5. ESL Music is an educational organization.
6. Rob Garza is the founder and owner of ESL Music.
7. Rob Garza is the founder of ESL Music.
8. ESL Music is an educational organization.
9. Rob Garza is the founder and owner of ESL Music.
10. ESL Music is an educational organization.
11. ESL Music is an educational organization.
12."
"What country singer born in 1948 sang ""I was Country Before Country was Cool?""","What country singer born in 1948 sang ""I was Country Before Country was Cool?""","What country singer born in 1948 sang ""I was Country Before Country was Cool?""
Let's think step by step.","Q: What country singer born in 1948 sang ""I was Country Before Country was Cool?""
Let's think step by step.
A. I was born in 1948.
Q. Which country music band from the '60s was the one that got the best reviews in the music press?
A. Country music.
Q. Did the country music that was recorded in the '50s and '60s get the same treatment as the country music that was recorded in the '70s and '80s?
A. Well, it depends on what you mean by 'treat.'
Q. I mean by 'treat' in a way that it was just as good as the stuff that was recorded in the '70s and '80s?
A. Yeah, you know, it's hard to compare '70s and '80"
How many existing basic design types are there of the weapons the United States and the Soviet Union had an arms race over?,How many existing basic design types are there of the weapons the United States and the Soviet Union had an arms race over?,"How many existing basic design types are there of the weapons the United States and the Soviet Union had an arms race over?
Let's think step by step.","Q: How many existing basic design types are there of the weapons the United States and the Soviet Union had an arms race over?
Let's think step by step. The Soviet Union had a large number of weapons, including the Red Army, which had the longest range and the most powerful guns. The United States had a similar number of weapons, but the American ones were more powerful. The weapons of the Soviet Union were relatively simple and easy to manufacture, whereas the weapons of the United States were more complex and difficult to manufacture. The weapons of the Soviet Union were relatively more expensive to produce than those of the United States, but the United States was able to produce a great number of them and keep them on hand, whereas the Soviet Union was unable to produce many of them and had to sell the weapons to other countries. The Soviet Union also had a large number of missiles, but the United States had only a"
who invented the first camera and what did it look like?,who invented the first camera and what did it look like?,"who invented the first camera and what did it look like?
Let's think step by step.","Q: who invented the first camera and what did it look like?
Let's think step by step. First of all, a camera was invented by Louis Daguerre. He had the idea of taking pictures by himself with a small camera, but he used a lens. It was first used by the French scientist, Pierre-Etienne-Laurent Savoir. He also used the lens to take pictures of the moon. In the mid-nineteenth century, the lens was replaced with the mirror. The mirror was invented by the French scientist, Pierre-Etienne-Laurent Savoir. The lens was invented by the French scientist, Pierre-Etienne-Laurent Savoir.

A:

In the late nineteenth century, the lens was replaced by the mirror. The mirror was invented"
is the calla lily poisonous,is the calla lily poisonous,"is the calla lily poisonous
Let's think step by step.","Q: is the calla lily poisonous
Let's think step by step.

A: No. It's not poisonous.
Q: How do you know that?
A: Because it's called the lily.
Q: What's the difference between the lily and the calla lily?
A: The lily is a flower, and the calla lily is a plant.
Q: So what's the difference between the lily and the calla lily?
A: The lily is a flower, and the calla lily is a plant.
Q: So what's the difference between the lily and the calla lily?
A: The lily is a flower, and the calla lily is a plant.
Q:"
"Was Brave New Films founded by Robert Greenwald or Alexander Kluge, a German author and film director?","Was Brave New Films founded by Robert Greenwald or Alexander Kluge, a German author and film director?","Was Brave New Films founded by Robert Greenwald or Alexander Kluge, a German author and film director?
Let's think step by step.","Q: Was Brave New Films founded by Robert Greenwald or Alexander Kluge, a German author and film director?
Let's think step by step.

A: Alexander Kluge, Robert Greenwald, and William Easley were all born in Berlin, Germany.

Q: How did you meet?

A: Alexander Kluge, Robert Greenwald, and William Easley were all born in Berlin, Germany.

Q: Who were the three of you?

A: Alexander Kluge, Robert Greenwald, and William Easley were all born in Berlin, Germany.

Q: Where were you born?

A: Alexander Kluge, Robert Greenwald, and William Easley were all born in Berlin, Germany.

Q: What year did you all meet?

A: Alexander Kluge, Robert Greenwald, and William Easley were all born"
"Which ""Past Life"" star portrayed Di Henry before Heather Kenzie?","Which ""Past Life"" star portrayed Di Henry before Heather Kenzie?","Which ""Past Life"" star portrayed Di Henry before Heather Kenzie?
Let's think step by step.","Q: Which ""Past Life"" star portrayed Di Henry before Heather Kenzie?
Let's think step by step.

1) The Past Life star was a boy who was in a past life as a girl.
2) The Past Life star was in a past life as a boy.
3) The Past Life star was in a past life as a girl.
4) The Past Life star was in a past life as a boy.
5) The Past Life star was in a past life as a girl.
6) The Past Life star was in a past life as a boy.
7) The Past Life star was in a past life as a girl.
8) The Past Life star was in a past life as a boy.
9) The Past Life star was in a past life as a girl.
"
does stress trigger hallucinations,does stress trigger hallucinations,"does stress trigger hallucinations
Let's think step by step.","Q: does stress trigger hallucinations
Let's think step by step.

Step 1: Stress causes a feeling of stress.
Step 2: Stress causes a headache.
Step 3: Stress causes a headache that causes a feeling of stress.
Step 4: Stress causes a headache that causes a feeling of stress.
Step 5: Stress causes a headache that causes a feeling of stress.
Step 6: Stress causes a headache that causes a feeling of stress.
Step 7: Stress causes a headache that causes a feeling of stress.
Step 8: Stress causes a headache that causes a feeling of stress.
Step 9: Stress causes a headache that causes a feeling of stress.
Step 10: Stress causes a headache that causes a feeling of stress.
Step 11: Stress causes a headache that"
what is xo sauce,what is xo sauce,"what is xo sauce
Let's think step by step.","Q: what is xo sauce
Let's think step by step.
1. What is xo sauce?
xo sauce is a simple sauce made from raw minced meat. It is made by adding the meat to a saucepan and then cooking it on the stove.
2. How does it taste?
The taste of xo sauce is not too bad. It has a mild flavor.
3. What is the main ingredient in xo sauce?
The main ingredient in xo sauce is raw minced meat.
4. What is the amount of meat in xo sauce?
It is about 10 grams.
5. What is the price of xo sauce?
It is around 10 dollars.
6. What is the quality of xo sauce?
The quality of"
what food do greeks eat,what food do greeks eat,"what food do greeks eat
Let's think step by step.","Q: what food do greeks eat
Let's think step by step.

A: greek food is basically vegetables, meat, fish and bread.

B: greeks don't eat fruits, but they do eat some vegetables.

C: greeks are fond of olive oil and meat and fish.

D: greeks have a big appetite.

E: greeks are fond of wine.

F: greeks are fond of cheese.

G: greeks are fond of rice.

H: greeks are fond of eggs.

I: greeks are fond of onions.

J: greeks are fond of garlic.

K: greeks are fond of tomatoes.
"
average diesel price york pa,average diesel price york pa,"average diesel price york pa
Let's think step by step.","Q: average diesel price york pa
Let's think step by step.
I know that it is not good to compare diesel prices with gasoline prices.
But in some countries diesel is cheaper than gasoline.
Is it true?
I read that it is true in USA, but not in Europe.

In the USA diesel is cheaper than gasoline in many places.

Is it true?

In some countries diesel is cheaper than gasoline.

Is it true?

In some countries diesel is cheaper than gasoline.

Is it true?

In some countries diesel is cheaper than gasoline.

Is it true?

In some countries diesel is cheaper than gasoline.

Is it true?

In some countries diesel is cheaper than gasoline.

Is it"
average cost of car aircon repair,average cost of car aircon repair,"average cost of car aircon repair
Let's think step by step.","Q: average cost of car aircon repair
Let's think step by step.

A:

First of all, I am not a professional car repairman. I am not even a mechanic. I am just an ordinary guy who does not have any formal training in car repair. I have not been in the car repair business for more than 3 years now.
I have repaired cars for my own family. But I have never repaired any cars with my own money. I am just a hobbyist who is willing to do the work. I have never done any real work for money.
I have repaired cars for my family. I have repaired cars for friends, I have repaired cars for neighbors, I have repaired cars for relatives. I have repaired cars for friends. I have repaired cars for neighbors. I"
Actress Karidja Touré's best known film received how many nominations at the 40th César Awards?,Actress Karidja Touré's best known film received how many nominations at the 40th César Awards?,"Actress Karidja Touré's best known film received how many nominations at the 40th César Awards?
Let's think step by step.","Q: Actress Karidja Touré's best known film received how many nominations at the 40th César Awards?
Let's think step by step.
1. First of all, let's take the name of the film: Karidja Touré's Best Actress Nominated for the 40th César Awards.
2. How many nominations did Karidja Touré receive?
3. Why is it that this film got so many nominations?
4. How did Karidja Touré get so many nominations?
5. What was the most nominated film for Karidja Touré?

A:

The most nominated film is the one that was released in the same year as the film's release. It's also the most nominated film for the same year as the film's release.

A:

It's a very long list."
"Grodziskie is a hostircal style of beer in this country that, at the end of 2013, had how many breweries?","Grodziskie is a hostircal style of beer in this country that, at the end of 2013, had how many breweries?","Grodziskie is a hostircal style of beer in this country that, at the end of 2013, had how many breweries?
Let's think step by step.","Q: Grodziskie is a hostircal style of beer in this country that, at the end of 2013, had how many breweries?
Let's think step by step.
First, let's see how many breweries are there in Poland.
http://www.statistics.gov.pl/
http://www.statistics.gov.pl/polski/
http://www.statistics.gov.pl/polskie-grodziskowe/
http://www.statistics.gov.pl/grodzisko/
http://www.statistics.gov.pl/grodzisko/pl/poland/
http://www.statistics.gov.pl/grodzisko/pl/poland/grodzisko/

Let's look at that list of breweries.
http://www."
Are Pescatoria and Pachycereus both genii of cacti?,Are Pescatoria and Pachycereus both genii of cacti?,"Are Pescatoria and Pachycereus both genii of cacti?
Let's think step by step.","Q: Are Pescatoria and Pachycereus both genii of cacti?
Let's think step by step.

1) The cactus plant has two genii: the pescatoria and the pachycereus.

2) Pescatoria is a plant that is able to grow on all kinds of soil,

3) Pachycereus is a plant that can grow on all kinds of soil.

4) Pescatoria has a root system that is as wide as the whole plant,

5) Pachycereus has a root system that is as wide as the whole plant.

6) The root system of Pescatoria is more developed than the root system of
  Pachycereus.

7) Pescatoria is more"
What prize did Rene Marcelin's mentor Jean Baptiste Perrin receive in 1926?,What prize did Rene Marcelin's mentor Jean Baptiste Perrin receive in 1926?,"What prize did Rene Marcelin's mentor Jean Baptiste Perrin receive in 1926?
Let's think step by step.","Q: What prize did Rene Marcelin's mentor Jean Baptiste Perrin receive in 1926?
Let's think step by step. The first prize was a gold medal. The second prize was a bronze medal. The third prize was a silver medal. The fourth prize was a gold medal. And the fifth prize was a silver medal.
A: This is the prize that the young man who was a student of the master, who was the master of the master, who was the master of the master, who was a master of the master, was the master of the master, the master of the master, the master of the master, who was the master of the master, the master of the master, who was the master of the master, the master of the master, who was the master of the master, the master of the master, who was the master of"
What is the 2015 population of the city that includes HM Prison Altcourse?,What is the 2015 population of the city that includes HM Prison Altcourse?,"What is the 2015 population of the city that includes HM Prison Altcourse?
Let's think step by step.","Q: What is the 2015 population of the city that includes HM Prison Altcourse?
Let's think step by step.
In the old days, there were two main schools of thought about the city's population. One was the ""old school"" approach, which was based on the idea that the city was mostly agricultural land and that its population was mainly agricultural. The other was the ""new school"" approach, which was based on the idea that the city was mainly urban and that its population was mainly urban.
The old school approach was based on the idea that the city was mostly agricultural land.
The old school approach was based on the idea that the city was mostly agricultural land.
The old school approach was based on the idea that the city was mostly agricultural land.
The old school approach was based on the idea that the city was mostly agricultural land"
"Who is older, Nic Offer or Ronnie Dunn?","Who is older, Nic Offer or Ronnie Dunn?","Who is older, Nic Offer or Ronnie Dunn?
Let's think step by step.","Q: Who is older, Nic Offer or Ronnie Dunn?
Let's think step by step.

1. Who is older, Nic Offer or Ronnie Dunn?

2. What is the difference between Nic Offer and Ronnie Dunn?

3. Who is older, Nic Offer or Ronnie Dunn?

4. What is the difference between Nic Offer and Ronnie Dunn?

5. Who is older, Nic Offer or Ronnie Dunn?

6. What is the difference between Nic Offer and Ronnie Dunn?

7. What is the difference between Nic Offer and Ronnie Dunn?

8. What is the difference between Nic Offer and Ronnie Dunn?

9. Who is older, Nic Offer or Ronnie Dunn?

10. What is the difference between Nic Offer and Ronnie Dunn?

11."
When was the Spanish painter and sculptor died who's works were published by Cahiers d'Art?,When was the Spanish painter and sculptor died who's works were published by Cahiers d'Art?,"When was the Spanish painter and sculptor died who's works were published by Cahiers d'Art?
Let's think step by step.","Q: When was the Spanish painter and sculptor died who's works were published by Cahiers d'Art?
Let's think step by step.
A: The painter and sculptor was born in Spain in 1606 in the province of Seville, Andalusia.
B: He died in Madrid in 1676.
C: The works were published in 1677.
D: The painter and sculptor was born in Spain in 1608 in the province of Seville, Andalusia.
E: He died in Madrid in 1675.

A: Cahiers d'Art is the name of an organization of the arts. It was created in Paris in 1824.
It's not a publication, but a collection of works.

A:

I think I can give you a rough idea of what he was, by looking at his"
what architecture does the colosseum tell us about roman,what architecture does the colosseum tell us about roman,"what architecture does the colosseum tell us about roman
Let's think step by step.","Q: what architecture does the colosseum tell us about roman
Let's think step by step.

The Roman Empire had a long tradition of public and private baths. It was probably not the only one, but it is the most famous one. It was probably the first, and the best, of its kind.

Roman baths were built for the public use, and were often open to the public. They were built in the public spaces, such as streets, squares, or temples. The baths were designed to be a place where the public could enjoy the benefits of cleanliness, relaxation, and a sense of wellbeing.

Roman baths were usually used for bathing, as well as bathing the sick, and the dead. The Roman public baths were used for religious ceremonies, and they were used for the public's entertainment.
"
How often is the journal established by the 1954 recipient of the Bharat Ratna published?,How often is the journal established by the 1954 recipient of the Bharat Ratna published?,"How often is the journal established by the 1954 recipient of the Bharat Ratna published?
Let's think step by step.","Q: How often is the journal established by the 1954 recipient of the Bharat Ratna published?
Let's think step by step.
A: The first issue was published in 1954.
B: The second issue was published in 1956.
C: The third issue was published in 1958.
D: The fourth issue was published in 1960.
E: The fifth issue was published in 1964.
F: The sixth issue was published in 1968.
G: The seventh issue was published in 1972.
H: The eighth issue was published in 1976.
I: The ninth issue was published in 1980.
J: The tenth issue was published in 1984.
K: The eleventh issue was published in 1988.
L: The twelfth issue was published in 1992.
M: The thirteenth issue was published in 1996.
N:"
double oven how to measure opening size,double oven how to measure opening size,"double oven how to measure opening size
Let's think step by step.","Q: double oven how to measure opening size
Let's think step by step.

Here is my first oven:

I bought it on Amazon (it's a 3.5 kg bag)

It is made of stainless steel

The top of the oven is a round plate with a hole.

The oven is fully functional

I put it in the oven.

Then I opened the door and put the bag in.

The oven is fully functional

Then I closed the door and put the bag in.

The oven is fully functional

Then I opened the door and put the bag in.

The oven is fully functional

Then I closed the door and put the bag in.

The oven is fully functional

Then I opened the"
what does the castle rock in lord of the flies symbolize,what does the castle rock in lord of the flies symbolize,"what does the castle rock in lord of the flies symbolize
Let's think step by step.","Q: what does the castle rock in lord of the flies symbolize
Let's think step by step. First of all, we have a castle. That's a very important thing to consider, right? But the castle is not just a castle. It's a place of power, a place of great influence. And we have the flying monkeys. You know, they're the real flying monkeys. And the flying monkeys are the ones who have to keep the castle up, and they have to keep the castle safe, because the flying monkeys are the ones who have to keep the castle up, and they have to keep the castle safe. And the castle is very important.
The castle is very important. And the flying monkeys are very important. And the flying monkeys are very important. And the flying monkeys are very important. So the castle is very"
can fish oil help with weight loss,can fish oil help with weight loss,"can fish oil help with weight loss
Let's think step by step.","Q: can fish oil help with weight loss
Let's think step by step.
Fish oil is a good source of Omega 3
Fish oil is a good source of Omega 3
Omega 3 is a good source of omega 3
Fish oil is a good source of omega 3
Omega 3 is a good source of omega 3
Omega 3 is a good source of omega 3
Omega 3 is a good source of omega 3
Omega 3 is a good source of omega 3
Omega 3 is a good source of omega 3
Omega 3 is a good source of omega 3
Omega 3 is a good source of omega 3
Omega 3 is a good source of omega 3
Omega 3 is a good source of omega 3
Omega 3 is a good source of omega"
average price for homeowners insurance,average price for homeowners insurance,"average price for homeowners insurance
Let's think step by step.","Q: average price for homeowners insurance
Let's think step by step.

I'm thinking about buying a home.
I have a home insurance policy that is $0.00
My home insurance policy has a deductible of $0.00

The deductible is $0.00

I am looking to buy a home insurance policy that has a deductible of $0.00

I am not sure how to think about this.
The first thing I do is calculate the average price of the home insurance policy that I'm thinking of buying.
If I calculate the average price of the home insurance policy that I'm thinking of buying, I get
$0.00

How do I do this?

A:

The average price of the home insurance policy that you"
where do lion live,where do lion live,"where do lion live
Let's think step by step.","Q: where do lion live
Let's think step by step.
Lions live in the wilds of the North, South and Central America.

Lions are found in the wilds of the North, South and Central America.

North America
North America is home to about two thirds of the world's lion population.

South America
South America is home to about one third of the world's lion population.

Central America
Central America is home to about one quarter of the world's lion population.

A:

I found this page on the internet. I've copied the whole page, with the source code, and it seems to be correct.

Lions live in the wilds of the North, South and Central America.

L"
Which the venue of the bibliographic citation of the Toward a general psychobiological theory of emotions?,Which the venue of the bibliographic citation of the Toward a general psychobiological theory of emotions?,"Which the venue of the bibliographic citation of the Toward a general psychobiological theory of emotions?
Let's think step by step.","Q: Which the venue of the bibliographic citation of the Toward a general psychobiological theory of emotions?
Let's think step by step.
1. What is the meaning of the word ""emotion""?
2. What is the difference between the words ""emotion"" and ""emotional""
3. What is the meaning of ""emotion""?
4. Which the bibliographic citation of the Toward a general psychobiological theory of emotions?

A:

The first part is a good start. You can start with the definitions of emotion and emotion.

Emotion is a subjective experience or state of being which is characterized by emotional involvement, a subjective experience of being moved, aroused, excited, irritated, anxious, pleased, or angry.
Emotion is a subjective experience of being moved, aroused, excited, irritated, anxious,"
Which language was the #1 hit song recorded by The Tokens originally composed in?,Which language was the #1 hit song recorded by The Tokens originally composed in?,"Which language was the #1 hit song recorded by The Tokens originally composed in?
Let's think step by step.","Q: Which language was the #1 hit song recorded by The Tokens originally composed in?
Let's think step by step.
1.
2.
3.
4.
5.

A: The Tokens:

1.

""We Are the Ones That Got Away""

2.

""The World Is Mine""

3.

""Love is a Many Splendored Thing""

4.

""I'll Be Yours""

5.

""All of You""

6.

""Singing for You""

7.

""I Will Always Love You""

8.

""You Are You""

9.

""Love Song""

10.

""The World is Mine""

11"
Which American actress starred in Whit Stillman's movie Damsels in Distress?,Which American actress starred in Whit Stillman's movie Damsels in Distress?,"Which American actress starred in Whit Stillman's movie Damsels in Distress?
Let's think step by step.","Q: Which American actress starred in Whit Stillman's movie Damsels in Distress?
Let's think step by step.
1.                                                                                                                                                   "
"Who co-produced (apart from Beastie Boys themselves) Beastie Boys' album that has the song ""Sure Shot?""","Who co-produced (apart from Beastie Boys themselves) Beastie Boys' album that has the song ""Sure Shot?""","Who co-produced (apart from Beastie Boys themselves) Beastie Boys' album that has the song ""Sure Shot?""
Let's think step by step.","Q: Who co-produced (apart from Beastie Boys themselves) Beastie Boys' album that has the song ""Sure Shot?""
Let's think step by step.
1. The Beastie Boys were in the studio recording the song.
2. The Beastie Boys went to the studio to record the song.
3. The Beastie Boys got the song written.
4. The Beastie Boys sent the song to record.
5. The Beastie Boys recorded the song.
6. The Beastie Boys sent the song to record.
7. The Beastie Boys recorded the song.
8. The Beastie Boys sent the song to record.
9. The Beastie Boys sent the song to record.
10. The Beastie Boys recorded the song.
11. The Beastie Boys sent the song to record.
12. The Beastie Boys recorded the"
Which is the notable work as a literature work of William Blake?,Which is the notable work as a literature work of William Blake?,"Which is the notable work as a literature work of William Blake?
Let's think step by step.","Q: Which is the notable work as a literature work of William Blake?
Let's think step by step.

1. In his own time Blake was known as ""a poet in the sense of a poetical writer"", in which sense he is the author of the ""The Book of Urizen"". In his own time Blake was also called ""The Poet"" by his contemporaries.
2. In his own time Blake was also called ""The Man of Genius"" by his contemporaries.
3. In his own time Blake was also known as ""The Poet of the Golden Age"", which is the same as the ""The Poet of the Golden Age of the Golden Age of the Golden Age of the Golden Age of the Golden Age of the Golden Age of the Golden Age of the Golden Age of the Golden Age of the Golden Age of"
"Which character did this American from the 1970 film ""The Phantom Tollbooth"" voice in ""Peter Pan"" (1953)?","Which character did this American from the 1970 film ""The Phantom Tollbooth"" voice in ""Peter Pan"" (1953)?","Which character did this American from the 1970 film ""The Phantom Tollbooth"" voice in ""Peter Pan"" (1953)?
Let's think step by step.","Q: Which character did this American from the 1970 film ""The Phantom Tollbooth"" voice in ""Peter Pan"" (1953)?
Let's think step by step.

A: The Phantom Tollbooth is a man named Peter Pan.

Q: How did he get to be in the film?
A: He was hired by a traveling carnival to help them with their business.

Q: How did he get the job?
A: He was a traveling carnival employee.

Q: Who hired him?
A: The Phantom Tollbooth.

Q: Why did he have to work for a traveling carnival?
A: He had to work because he was a traveling carnival employee.

Q: Why was he traveling with a traveling carnival?
A: He had to travel because he was a traveling carnival employee.
"
what is spark programming,what is spark programming,"what is spark programming
Let's think step by step.","Q: what is spark programming
Let's think step by step.

S1: spark programming is a way to code in python.
S2: spark programming is the way to learn python programming.
S3: spark programming is the way to learn python programming.
S4: spark programming is the way to learn python programming.
S5: spark programming is the way to learn python programming.
S6: spark programming is the way to learn python programming.
S7: spark programming is the way to learn python programming.
S8: spark programming is the way to learn python programming.
S9: spark programming is the way to learn python programming.
S10: spark programming is the way to learn python programming.
S11: spark programming is the way"
"What is the name of the 2008 football bowl game featuring the Georgia Bulldogs and a football team located at Manoa, Hawaii?","What is the name of the 2008 football bowl game featuring the Georgia Bulldogs and a football team located at Manoa, Hawaii?","What is the name of the 2008 football bowl game featuring the Georgia Bulldogs and a football team located at Manoa, Hawaii?
Let's think step by step.","Q: What is the name of the 2008 football bowl game featuring the Georgia Bulldogs and a football team located at Manoa, Hawaii?
Let's think step by step.

A: A football bowl game is a series of contests between the winners of each of the four major divisional conferences.

The Georgia Bulldogs have been in the bowl game for the past 15 years.

Georgia's first bowl game was in 1984.

The Georgia Bulldogs were the team that won the 1984 national championship.

The Georgia Bulldogs have played in the national championship game six times.

The Georgia Bulldogs have played in the national championship game in four of the past five years.

The Georgia Bulldogs have played in the national championship game in the past three years.

The Georgia Bulldogs have played in the national championship game three times in the past five years.

The Georgia Bulldogs have played in"
Is the fatality rate of Fournier gangrene less than 15.36?,Is the fatality rate of Fournier gangrene less than 15.36?,"Is the fatality rate of Fournier gangrene less than 15.36?
Let's think step by step.","Q: Is the fatality rate of Fournier gangrene less than 15.36?
Let's think step by step.
The fatality rate is the percentage of patients who die.
The fatality rate is the percentage of patients who die.
The fatality rate is the percentage of patients who die.
The fatality rate is the percentage of patients who die.
The fatality rate is the percentage of patients who die.
The fatality rate is the percentage of patients who die.
The fatality rate is the percentage of patients who die.
The fatality rate is the percentage of patients who die.
The fatality rate is the percentage of patients who die.
The fatality rate is the percentage of patients who die.
The fatality rate is the percentage of patients who die.
The fatality rate is the"
is nougat vegetarian,is nougat vegetarian,"is nougat vegetarian
Let's think step by step.","Q: is nougat vegetarian
Let's think step by step.

A: Nougat is a mix of plant-based protein powder and niacinamide.

Niacinamide (also known as nicotinic acid) is a fat-soluble vitamin that is essential for the health of your liver, heart, and brain. It helps regulate blood sugar, and helps your body use fat for energy. Niacinamide helps your body convert the fat you burn to energy.

The nougat in the niacinamide powder contains a lot of plant-based protein, which is an important part of the niacinamide formula. This means that niacinamide is not only a fat-soluble vitamin, but also a protein-based vitamin.
"
is odisha is also known as the land of temples,is odisha is also known as the land of temples,"is odisha is also known as the land of temples
Let's think step by step.","Q: is odisha is also known as the land of temples
Let's think step by step.

A:

There are many temples in Odisha.
There are several temples in Odisha.
There are many temples in Odisha.
There are many temples in Odisha.
There are many temples in Odisha.
There are many temples in Odisha.
There are many temples in Odisha.
There are many temples in Odisha.
There are many temples in Odisha.
There are many temples in Odisha.
There are many temples in Odisha.
There are many temples in Odisha.
There are many temples in Odisha.
There are many temples in Odisha.
There are many temples in Odisha.
There are many temples in Odisha.
"
can someone have a traditional and roth ira,can someone have a traditional and roth ira,"can someone have a traditional and roth ira
Let's think step by step.","Q: can someone have a traditional and roth ira
Let's think step by step.
A) RITUAL
RITUAL
1. The roth ira is a ritual to give a roth.
2. The roth is given by giving the roth.
3. The roth is given by giving the roth.
4. The roth is given by giving the roth.
5. The roth is given by giving the roth.
6. The roth is given by giving the roth.
7. The roth is given by giving the roth.
8. The roth is given by giving the roth.
9. The roth is given by giving the roth.
10. The roth is given by giving the"
James Blake released a self titled debut-album on what label? ,James Blake released a self titled debut-album on what label? ,"James Blake released a self titled debut-album on what label? 
Let's think step by step.","Q: James Blake released a self titled debut-album on what label? 
Let's think step by step.

A: James Blake released a self titled debut-album on what label?

B: The New York City based indie label, The Vinyl Factory.

C: I'm assuming it's a self-released album.

D: So, the answer is A.

E: Okay, let's see...

A: Yes.

B: Okay, so this is the album I've been working on. I've been doing this for a while now. I think this album is going to be a bit different than what I've done before. I've been working with some really talented people, and I think I have a really strong, unique voice.

C: I'm assuming you"
what is yaki udon or soba,what is yaki udon or soba,"what is yaki udon or soba
Let's think step by step.","Q: what is yaki udon or soba
Let's think step by step.

1. What is yaki udon?
2. What is soba?
3. What is the difference between yaki udon and soba?

4. What is the main ingredient in yaki udon?

5. What is the main ingredient in soba?

6. What is the difference between yaki udon and soba?

7. What is the main ingredient in yaki udon?

8. What is the main ingredient in soba?

9. What is the main ingredient in yaki udon?

10. What is the main ingredient in soba?

11. What is the main ingredient in yaki udon"
Which 2017 action crime comedy film did Ansel Elgort played  title character in,Which 2017 action crime comedy film did Ansel Elgort played  title character in,"Which 2017 action crime comedy film did Ansel Elgort played  title character in
Let's think step by step.","Q: Which 2017 action crime comedy film did Ansel Elgort played  title character in
Let's think step by step.

Step 1: Ansel Elgort was cast in a 2017 action crime comedy film.

Step 2: Ansel Elgort played the title character in the action crime comedy film.

Step 3: Ansel Elgort was cast in the 2017 action crime comedy film.

Step 4: Ansel Elgort played the title character in the action crime comedy film.

Step 5: Ansel Elgort played the title character in the action crime comedy film.

Step 6: Ansel Elgort played the title character in the action crime comedy film.

Step 7: Ansel Elgort played the title character in the action crime comedy film.

Step 8:"
what boats did the pilgrims sail on,what boats did the pilgrims sail on,"what boats did the pilgrims sail on
Let's think step by step.","Q: what boats did the pilgrims sail on
Let's think step by step.
1) On the day of the feast of St. John the Baptist, the pilgrims
crossed the Red Sea in the company of St. John the Baptist.
2) When they arrived in Egypt, they were led by St. John the
Baptist to the temple of Isis.
3) St. John the Baptist, in the company of the pilgrims,
preached to them.
4) The pilgrims then began to celebrate the feast of the
Lord's Supper.
5) After the Lord's Supper, the pilgrims began to go back to
Alexandria.
6) When they got to Alexandria, the people of Alexandria
began to celebrate the feast of the Lord's Supper"
definition of exceptionalism,definition of exceptionalism,"definition of exceptionalism
Let's think step by step.","Q: definition of exceptionalism
Let's think step by step.

Let's think step by step.

What is an exceptional object?
What is an exceptional morphism?
What is an exceptional morphism?

An object is exceptional if it is not in the image of any morphism. An object is exceptional if it is not in the image of any morphism.
An object is exceptional if it is not in the image of any morphism.

A:

The answer to the first question is not entirely clear, but it seems that the answer to the second question is yes. In general, a morphism $f\colon X\to Y$ is exceptional if and only if it is not surjective. A morphism $f\col"
where is krabi,where is krabi,"where is krabi
Let's think step by step.","Q: where is krabi
Let's think step by step.

1)

Krabi is the capital of Rajasthan. It is the city of the Rajputs.

2)

Rajputs are the Rajputs.

3)

Rajputs are the Rajputs.

4)

Rajputs are the Rajputs.

5)

Rajputs are the Rajputs.

6)

Rajputs are the Rajputs.

7)

Rajputs are the Rajputs.

8)

Rajputs are the Rajputs.

9)

Rajputs are"
cost of homeowners insurance,cost of homeowners insurance,"cost of homeowners insurance
Let's think step by step.","Q: cost of homeowners insurance
Let's think step by step.
1) We are in the US, so we have to think of the cost of homeowners insurance.
2) We are thinking of the cost of homeowners insurance in the US.
3) We are thinking of the cost of homeowners insurance in Europe.
4) We are thinking of the cost of homeowners insurance in Asia.
5) We are thinking of the cost of homeowners insurance in South America.
6) We are thinking of the cost of homeowners insurance in Australia.
7) We are thinking of the cost of homeowners insurance in New Zealand.
8) We are thinking of the cost of homeowners insurance in the world.
Now, let's try to put these steps into a spreadsheet.

Step 1: We"
how does first quarter moon occur,how does first quarter moon occur,"how does first quarter moon occur
Let's think step by step.","Q: how does first quarter moon occur
Let's think step by step.

A: the moon appears at the time of the second quarter.

B: the moon appears at the time of the third quarter.

C: the moon appears at the time of the fourth quarter.

D: the moon appears at the time of the fifth quarter.

E: the moon appears at the time of the sixth quarter.

F: the moon appears at the time of the seventh quarter.

G: the moon appears at the time of the eighth quarter.

H: the moon appears at the time of the ninth quarter.

I: the moon appears at the time of the tenth quarter.

J: the moon appears at the time of the eleventh quarter"
can you paint oil base over latex,can you paint oil base over latex,"can you paint oil base over latex
Let's think step by step.","Q: can you paint oil base over latex
Let's think step by step.

A: We have a problem with latex.
We have to put oil base on latex.
We have to put oil base on latex.
We have to put oil base on latex.
We have to put oil base on latex.
We have to put oil base on latex.
We have to put oil base on latex.
We have to put oil base on latex.
We have to put oil base on latex.
We have to put oil base on latex.
We have to put oil base on latex.
We have to put oil base on latex.
We have to put oil base on latex.
We have to put oil base on latex.
We have to put oil base on latex"
what is Medroxyprogesterone used for,what is Medroxyprogesterone used for,"what is Medroxyprogesterone used for
Let's think step by step.","Q: what is Medroxyprogesterone used for
Let's think step by step.
1. Progesterone is a naturally occurring hormone.
2. Progesterone is a hormone that is synthesized in the body.
3. Progesterone is used to treat certain conditions, such as
   pre-term birth, uterine fibroids, ovarian cysts, polycystic ovary syndrome,
   and premature ovarian failure.
4. Progesterone is used to treat certain conditions, such as
   infertility, endometriosis, uterine fibroids, endometriosis,
   uterine fibroids, premature ovarian failure, polycystic ovary syndrome,
   endometriosis, endometriosis,"
The 1981–82 Houston Cougars men's basketball team was led by the player who later played for what NBA club?,The 1981–82 Houston Cougars men's basketball team was led by the player who later played for what NBA club?,"The 1981–82 Houston Cougars men's basketball team was led by the player who later played for what NBA club?
Let's think step by step.","Q: The 1981–82 Houston Cougars men's basketball team was led by the player who later played for what NBA club?
Let's think step by step.
A. Jack Johnson
B. Larry Bird
C. Bill Walton
D. John Havlicek
E. Bill Walton
F. Bill Walton
G. John Havlicek
H. Bill Walton
I. Jack Johnson
J. Bill Walton
K. Jack Johnson
L. John Havlicek
M. John Havlicek
N. John Havlicek
O. John Havlicek
P. John Havlicek
Q. Bill Walton
R. John Havlicek
S. John Havlicek
T. John Havlicek
U. John Havlicek
V. John Havlicek
W. Bill"
how much would an exterminator charge,how much would an exterminator charge,"how much would an exterminator charge
Let's think step by step.","Q: how much would an exterminator charge
Let's think step by step.
A. $5$
B. $5$
C. $10$
D. $10$
E. $15$
F. $15$
G. $20$
H. $25$
I. $35$
J. $40$
K. $45$
L. $50$
M. $60$
N. $65$
O. $70$
P. $80$
Q. $85$
R. $90$
S. $95$
T. $100$
U. $110$
V. $120$
W. $125$
X. $130$
Y. $135$"
"Who else was given the label in the quartet along with  Henry Drummond Wolff, John Gorst and a genuine Tory radical, who coined the term Tory Democracy ?","Who else was given the label in the quartet along with  Henry Drummond Wolff, John Gorst and a genuine Tory radical, who coined the term Tory Democracy ?","Who else was given the label in the quartet along with  Henry Drummond Wolff, John Gorst and a genuine Tory radical, who coined the term Tory Democracy ?
Let's think step by step.",
What is the life stance of the interment of Pavel Tsitsianov?,What is the life stance of the interment of Pavel Tsitsianov?,"What is the life stance of the interment of Pavel Tsitsianov?
Let's think step by step.",
Which Le Monde diplomatique subject ID is Dominica's?,Which Le Monde diplomatique subject ID is Dominica's?,"Which Le Monde diplomatique subject ID is Dominica's?
Let's think step by step.",
"Who does Regina Marie ""Jenna"" Fischer share a romantic interest with that she received critical acclaim and Emmy nomination?","Who does Regina Marie ""Jenna"" Fischer share a romantic interest with that she received critical acclaim and Emmy nomination?","Who does Regina Marie ""Jenna"" Fischer share a romantic interest with that she received critical acclaim and Emmy nomination?
Let's think step by step.",
in what form does food travel through the esophagus,in what form does food travel through the esophagus,"in what form does food travel through the esophagus
Let's think step by step.",
how much to charge for concrete work,how much to charge for concrete work,"how much to charge for concrete work
Let's think step by step.",
Do both Königskinder and The Knot Garden exist in multiple versions?,Do both Königskinder and The Knot Garden exist in multiple versions?,"Do both Königskinder and The Knot Garden exist in multiple versions?
Let's think step by step.",
how to become hvac certified in kansas,how to become hvac certified in kansas,"how to become hvac certified in kansas
Let's think step by step.",
what is eye fillet,what is eye fillet,"what is eye fillet
Let's think step by step.",
Where was the U.S. Declaration of Independence signed?,Where was the U.S. Declaration of Independence signed?,"Where was the U.S. Declaration of Independence signed?
Let's think step by step.",
what is an unconscionable contract,what is an unconscionable contract,"what is an unconscionable contract
Let's think step by step.",
Which largest Spanish-speaking country has the Goya albivenella?,Which largest Spanish-speaking country has the Goya albivenella?,"Which largest Spanish-speaking country has the Goya albivenella?
Let's think step by step.",
examples of carbohydrates foods,examples of carbohydrates foods,"examples of carbohydrates foods
Let's think step by step.",
what does geothermal energy mean,what does geothermal energy mean,"what does geothermal energy mean
Let's think step by step.",
"Are ""Alt-J"" and ""Scarling."" both English bands?","Are ""Alt-J"" and ""Scarling."" both English bands?","Are ""Alt-J"" and ""Scarling."" both English bands?
Let's think step by step.",
"Michael Ralph DeVito (born June 10, 1984) is a former American football defensive end, he  the National Football League (NFL), DeVito attended high school at Nauset Regional High School an NEASC accredited high school located in North Eastham, in which state?","Michael Ralph DeVito (born June 10, 1984) is a former American football defensive end, he  the National Football League (NFL), DeVito attended high school at Nauset Regional High School an NEASC accredited high school located in North Eastham, in which state?","Michael Ralph DeVito (born June 10, 1984) is a former American football defensive end, he  the National Football League (NFL), DeVito attended high school at Nauset Regional High School an NEASC accredited high school located in North Eastham, in which state?
Let's think step by step.",
What award is named after the second most nominated person for a Nobel Prize?,What award is named after the second most nominated person for a Nobel Prize?,"What award is named after the second most nominated person for a Nobel Prize?
Let's think step by step.",
"Who was denied French Citizenship, Susan Straight or Irène Némirovsky?","Who was denied French Citizenship, Susan Straight or Irène Némirovsky?","Who was denied French Citizenship, Susan Straight or Irène Némirovsky?
Let's think step by step.",
Hope for Haiti Now included the studio version of the song produced by whom?,Hope for Haiti Now included the studio version of the song produced by whom?,"Hope for Haiti Now included the studio version of the song produced by whom?
Let's think step by step.",
what is hypovolemia,what is hypovolemia,"what is hypovolemia
Let's think step by step.",
"Who was the father of the man who refused to grant Lower Lorraine to Henry II, Duke of Limburg?","Who was the father of the man who refused to grant Lower Lorraine to Henry II, Duke of Limburg?","Who was the father of the man who refused to grant Lower Lorraine to Henry II, Duke of Limburg?
Let's think step by step.",
"""Which is {language of work} of {Million Dollar Extreme}, that has {AWLD status} is {1 safe} ?""","""Which is {language of work} of {Million Dollar Extreme}, that has {AWLD status} is {1 safe} ?""","""Which is {language of work} of {Million Dollar Extreme}, that has {AWLD status} is {1 safe} ?""
Let's think step by step.",
When was the maternal uncle of Popiel I died who was the notable author of Latin prose?,When was the maternal uncle of Popiel I died who was the notable author of Latin prose?,"When was the maternal uncle of Popiel I died who was the notable author of Latin prose?
Let's think step by step.",
chicago to abilene - miles,chicago to abilene - miles,"chicago to abilene - miles
Let's think step by step.",
normal sodium range,normal sodium range,"normal sodium range
Let's think step by step.",
has kalinda gone for good,has kalinda gone for good,"has kalinda gone for good
Let's think step by step.",
What State did John Stark and the Nichols' Regiment of Militia have in common?,What State did John Stark and the Nichols' Regiment of Militia have in common?,"What State did John Stark and the Nichols' Regiment of Militia have in common?
Let's think step by step.",
Are both the Norfolk Terrier and Braque Saint-Germain considered dog breeds? ,Are both the Norfolk Terrier and Braque Saint-Germain considered dog breeds? ,"Are both the Norfolk Terrier and Braque Saint-Germain considered dog breeds? 
Let's think step by step.",
what are droughtmaster cattle used for,what are droughtmaster cattle used for,"what are droughtmaster cattle used for
Let's think step by step.",
how much do doctors earn during residency,how much do doctors earn during residency,"how much do doctors earn during residency
Let's think step by step.",
is chamomile perennial,is chamomile perennial,"is chamomile perennial
Let's think step by step.",
maximum # of dependent you can claim,maximum # of dependent you can claim,"maximum # of dependent you can claim
Let's think step by step.",
"""Insect Dreams: The Half Life of Gregor Samsa"" is a sequel to a Franz Kafka story first published in which year?","""Insect Dreams: The Half Life of Gregor Samsa"" is a sequel to a Franz Kafka story first published in which year?","""Insect Dreams: The Half Life of Gregor Samsa"" is a sequel to a Franz Kafka story first published in which year?
Let's think step by step.",
what type of insurance plan is american transit insurance company,what type of insurance plan is american transit insurance company,"what type of insurance plan is american transit insurance company
Let's think step by step.",
What borders the birth place of Johann Pachelbel?,What borders the birth place of Johann Pachelbel?,"What borders the birth place of Johann Pachelbel?
Let's think step by step.",
what is the meaning of pink rose,what is the meaning of pink rose,"what is the meaning of pink rose
Let's think step by step.",
Patty Jenkins directed a biographical crime drama film released in what year?,Patty Jenkins directed a biographical crime drama film released in what year?,"Patty Jenkins directed a biographical crime drama film released in what year?
Let's think step by step.",
"Who directed the British musical comedy film that starred the singer who reached number one with ""Singing the Blues"" in 1957?","Who directed the British musical comedy film that starred the singer who reached number one with ""Singing the Blues"" in 1957?","Who directed the British musical comedy film that starred the singer who reached number one with ""Singing the Blues"" in 1957?
Let's think step by step.",
what is a hica form,what is a hica form,"what is a hica form
Let's think step by step.",
what is an expressed gene,what is an expressed gene,"what is an expressed gene
Let's think step by step.",
"What type of music is this English composer who composed the music for ""Blondel"" best known for?","What type of music is this English composer who composed the music for ""Blondel"" best known for?","What type of music is this English composer who composed the music for ""Blondel"" best known for?
Let's think step by step.",
"Skin Game is a 1971 American independent comedy western starring James Garner and Louis Gossett, Jr., the supporting cast features Susan Clark, a Canadian actress, known for her movie roles such as which?","Skin Game is a 1971 American independent comedy western starring James Garner and Louis Gossett, Jr., the supporting cast features Susan Clark, a Canadian actress, known for her movie roles such as which?","Skin Game is a 1971 American independent comedy western starring James Garner and Louis Gossett, Jr., the supporting cast features Susan Clark, a Canadian actress, known for her movie roles such as which?
Let's think step by step.",
why is thermal decomposition important,why is thermal decomposition important,"why is thermal decomposition important
Let's think step by step.",
What is the oldest section from where Robert Hay was born?,What is the oldest section from where Robert Hay was born?,"What is the oldest section from where Robert Hay was born?
Let's think step by step.",
What country is the actress who starred in the 1976 biographical film about Bruce Lee's final days from?,What country is the actress who starred in the 1976 biographical film about Bruce Lee's final days from?,"What country is the actress who starred in the 1976 biographical film about Bruce Lee's final days from?
Let's think step by step.",
Om Prakasj Sharma received the National Award for Painting by what commander-in-chief of the Indian Armed Forces?,Om Prakasj Sharma received the National Award for Painting by what commander-in-chief of the Indian Armed Forces?,"Om Prakasj Sharma received the National Award for Painting by what commander-in-chief of the Indian Armed Forces?
Let's think step by step.",
What Roman politician and general stated the location of Veragri was in the canton of Valais between the Nantuates and the Seduni?,What Roman politician and general stated the location of Veragri was in the canton of Valais between the Nantuates and the Seduni?,"What Roman politician and general stated the location of Veragri was in the canton of Valais between the Nantuates and the Seduni?
Let's think step by step.",
what is plexus good for,what is plexus good for,"what is plexus good for
Let's think step by step.",
is butanone polar,is butanone polar,"is butanone polar
Let's think step by step.",
What is the total fertility rate in the county seat of Bujumbura?,What is the total fertility rate in the county seat of Bujumbura?,"What is the total fertility rate in the county seat of Bujumbura?
Let's think step by step.",
What does RBC means on blood test results,What does RBC means on blood test results,"What does RBC means on blood test results
Let's think step by step.",
how much does it cost to get a crown on a tooth,how much does it cost to get a crown on a tooth,"how much does it cost to get a crown on a tooth
Let's think step by step.",
refrigerated shipping cost per mile,refrigerated shipping cost per mile,"refrigerated shipping cost per mile
Let's think step by step.",
What producer worked with artists such as J. Lo?,What producer worked with artists such as J. Lo?,"What producer worked with artists such as J. Lo?
Let's think step by step.",
what is a true alpha werewolf,what is a true alpha werewolf,"what is a true alpha werewolf
Let's think step by step.",
A United States soldier who served in the American Civil War and had Chief Joseph surrender his followers to him?,A United States soldier who served in the American Civil War and had Chief Joseph surrender his followers to him?,"A United States soldier who served in the American Civil War and had Chief Joseph surrender his followers to him?
Let's think step by step.",
what is morphine classified as,what is morphine classified as,"what is morphine classified as
Let's think step by step.",
what is gladinet client,what is gladinet client,"what is gladinet client
Let's think step by step.",
what type of molecule is ip,what type of molecule is ip,"what type of molecule is ip
Let's think step by step.",
are Boulevard Solitude and Moses und Aron both German librettos?,are Boulevard Solitude and Moses und Aron both German librettos?,"are Boulevard Solitude and Moses und Aron both German librettos?
Let's think step by step.",
how are molecular compounds formed,how are molecular compounds formed,"how are molecular compounds formed
Let's think step by step.",
Which is language of platforms of Army of Darkness: Defense ?,Which is language of platforms of Army of Darkness: Defense ?,"Which is language of platforms of Army of Darkness: Defense ?
Let's think step by step.",
"What is the name after Dirac delta function,that has death date of 1984-10-20?","What is the name after Dirac delta function,that has death date of 1984-10-20?","What is the name after Dirac delta function,that has death date of 1984-10-20?
Let's think step by step.",
what is instaflex,what is instaflex,"what is instaflex
Let's think step by step.",
Liliana Mumy reprises her role as Mertle Edmonds for the final time in a feature length film in which movie?,Liliana Mumy reprises her role as Mertle Edmonds for the final time in a feature length film in which movie?,"Liliana Mumy reprises her role as Mertle Edmonds for the final time in a feature length film in which movie?
Let's think step by step.",
"Czech American director, Jan Pinkava, co-directed the eighth Pixar American computer-animated comedy, from what year?","Czech American director, Jan Pinkava, co-directed the eighth Pixar American computer-animated comedy, from what year?","Czech American director, Jan Pinkava, co-directed the eighth Pixar American computer-animated comedy, from what year?
Let's think step by step.",
Mention the spaceflight crew participant for accompanying Yuri Gagarin,Mention the spaceflight crew participant for accompanying Yuri Gagarin,"Mention the spaceflight crew participant for accompanying Yuri Gagarin
Let's think step by step.",
The sea whose port is The Port of Reggio is sometimes considered as a part of which ocean?,The sea whose port is The Port of Reggio is sometimes considered as a part of which ocean?,"The sea whose port is The Port of Reggio is sometimes considered as a part of which ocean?
Let's think step by step.",
Kansas City Kansan serves a county that had how many inhabitants in the 2010 census ?,Kansas City Kansan serves a county that had how many inhabitants in the 2010 census ?,"Kansas City Kansan serves a county that had how many inhabitants in the 2010 census ?
Let's think step by step.",
what area of the body is affected by rheumatoid arthritis,what area of the body is affected by rheumatoid arthritis,"what area of the body is affected by rheumatoid arthritis
Let's think step by step.",
"What American actress, producer, screenwriter, and singer stars in Swindle, a 2013 American television film? ","What American actress, producer, screenwriter, and singer stars in Swindle, a 2013 American television film? ","What American actress, producer, screenwriter, and singer stars in Swindle, a 2013 American television film? 
Let's think step by step.",
"What 2005 film remake of a John Carpenter movie from 1980 features the song ""Invincible"" by OK Go?","What 2005 film remake of a John Carpenter movie from 1980 features the song ""Invincible"" by OK Go?","What 2005 film remake of a John Carpenter movie from 1980 features the song ""Invincible"" by OK Go?
Let's think step by step.",
incubation periods for childhood illnesses,incubation periods for childhood illnesses,"incubation periods for childhood illnesses
Let's think step by step.",
When was the actress that starred both in the TV series Pretty Little Liars and in the thriller horror film Evidence born?,When was the actress that starred both in the TV series Pretty Little Liars and in the thriller horror film Evidence born?,"When was the actress that starred both in the TV series Pretty Little Liars and in the thriller horror film Evidence born?
Let's think step by step.",
why do people get goosebumps,why do people get goosebumps,"why do people get goosebumps
Let's think step by step.",
"Which documentary, The Birth of Saké or Gasland, was written and directed by Josh Fox?","Which documentary, The Birth of Saké or Gasland, was written and directed by Josh Fox?","Which documentary, The Birth of Saké or Gasland, was written and directed by Josh Fox?
Let's think step by step.",
Shepherd with a flute is a painting displayed in a palace in what country?,Shepherd with a flute is a painting displayed in a palace in what country?,"Shepherd with a flute is a painting displayed in a palace in what country?
Let's think step by step.",
when did humans first walk on earth,when did humans first walk on earth,"when did humans first walk on earth
Let's think step by step.",
irs office phone number to request tax transcripts,irs office phone number to request tax transcripts,"irs office phone number to request tax transcripts
Let's think step by step.",
cholera is it infectious,cholera is it infectious,"cholera is it infectious
Let's think step by step.",
On what date did the riots that Bob Kohler was a veteran of take place?,On what date did the riots that Bob Kohler was a veteran of take place?,"On what date did the riots that Bob Kohler was a veteran of take place?
Let's think step by step.",
what is associate degree means,what is associate degree means,"what is associate degree means
Let's think step by step.",
Are Agon and Medina both games for exactly two players?,Are Agon and Medina both games for exactly two players?,"Are Agon and Medina both games for exactly two players?
Let's think step by step.",
What is the name of the 3 Michelin Star Restaurant that is located in the second largest hotel in the United States?,What is the name of the 3 Michelin Star Restaurant that is located in the second largest hotel in the United States?,"What is the name of the 3 Michelin Star Restaurant that is located in the second largest hotel in the United States?
Let's think step by step.",
Which guitarist and vocalist was in the Eagles and Hearts & Flowers? ,Which guitarist and vocalist was in the Eagles and Hearts & Flowers? ,"Which guitarist and vocalist was in the Eagles and Hearts & Flowers? 
Let's think step by step.",
Are The 11th Hour and Calle 54 the same genre of film?,Are The 11th Hour and Calle 54 the same genre of film?,"Are The 11th Hour and Calle 54 the same genre of film?
Let's think step by step.",
Who may have been present at the battle that led to the departure of Royal Governor Lord Dunmore?,Who may have been present at the battle that led to the departure of Royal Governor Lord Dunmore?,"Who may have been present at the battle that led to the departure of Royal Governor Lord Dunmore?
Let's think step by step.",
"Between Wang Xiaoshuai and John English, who co-directed ""Drums of Fu Machu""?","Between Wang Xiaoshuai and John English, who co-directed ""Drums of Fu Machu""?","Between Wang Xiaoshuai and John English, who co-directed ""Drums of Fu Machu""?
Let's think step by step.",
how much does school cost for pediatric nurses,how much does school cost for pediatric nurses,"how much does school cost for pediatric nurses
Let's think step by step.",
Jack Hamm drew which official Warner Bros. mascot?,Jack Hamm drew which official Warner Bros. mascot?,"Jack Hamm drew which official Warner Bros. mascot?
Let's think step by step.",
vitamins that are good for liver,vitamins that are good for liver,"vitamins that are good for liver
Let's think step by step.",
difference between deoxygenated blood and oxygenated blood,difference between deoxygenated blood and oxygenated blood,"difference between deoxygenated blood and oxygenated blood
Let's think step by step.",
what does yucca extract do in dog food,what does yucca extract do in dog food,"what does yucca extract do in dog food
Let's think step by step.",
Migliorino Ubaldini designed fortifications for the castle in what Scottish county?,Migliorino Ubaldini designed fortifications for the castle in what Scottish county?,"Migliorino Ubaldini designed fortifications for the castle in what Scottish county?
Let's think step by step.",
Who married the twin of William Shakespeare's child who passed at age 11?,Who married the twin of William Shakespeare's child who passed at age 11?,"Who married the twin of William Shakespeare's child who passed at age 11?
Let's think step by step.",
"How many years has this professional league competition for football clubs been operating, in which Associazione Calcio CHievoVerona is currently competing?","How many years has this professional league competition for football clubs been operating, in which Associazione Calcio CHievoVerona is currently competing?","How many years has this professional league competition for football clubs been operating, in which Associazione Calcio CHievoVerona is currently competing?
Let's think step by step.",
Natasha Zvereva and Fred McNair were both what?,Natasha Zvereva and Fred McNair were both what?,"Natasha Zvereva and Fred McNair were both what?
Let's think step by step.",
What record did Tye Harvey win in which sport?,What record did Tye Harvey win in which sport?,"What record did Tye Harvey win in which sport?
Let's think step by step.",
"Which university is private, Vanderbilt University or University of Oklahoma?","Which university is private, Vanderbilt University or University of Oklahoma?","Which university is private, Vanderbilt University or University of Oklahoma?
Let's think step by step.",
What type of songs is the singer of Saahore Baahubali best known for?,What type of songs is the singer of Saahore Baahubali best known for?,"What type of songs is the singer of Saahore Baahubali best known for?
Let's think step by step.",
"Abu Hajal Muslim ibn Awsaja was a companion of what prophet who was the founder of islam, and who united Arabia into a single Muslim polity?","Abu Hajal Muslim ibn Awsaja was a companion of what prophet who was the founder of islam, and who united Arabia into a single Muslim polity?","Abu Hajal Muslim ibn Awsaja was a companion of what prophet who was the founder of islam, and who united Arabia into a single Muslim polity?
Let's think step by step.",
"How old is Peter Sellers child, and when were they born?","How old is Peter Sellers child, and when were they born?","How old is Peter Sellers child, and when were they born?
Let's think step by step.",
what is naranjo,what is naranjo,"what is naranjo
Let's think step by step.",
what is the functional unit of a muscle fiber,what is the functional unit of a muscle fiber,"what is the functional unit of a muscle fiber
Let's think step by step.",
what is organic brain disease,what is organic brain disease,"what is organic brain disease
Let's think step by step.",
Cate Blanchett portrayed the woman who was named by which group as the greatest female star of Classic Hollywood Cinema?,Cate Blanchett portrayed the woman who was named by which group as the greatest female star of Classic Hollywood Cinema?,"Cate Blanchett portrayed the woman who was named by which group as the greatest female star of Classic Hollywood Cinema?
Let's think step by step.",
"Cantonese embroidery, or Yue embroidery, is a style of embroidery folk art of which region, the low-lying area surrounding the Pearl River estuary, where the Pearl River flows into the South China Sea?","Cantonese embroidery, or Yue embroidery, is a style of embroidery folk art of which region, the low-lying area surrounding the Pearl River estuary, where the Pearl River flows into the South China Sea?","Cantonese embroidery, or Yue embroidery, is a style of embroidery folk art of which region, the low-lying area surrounding the Pearl River estuary, where the Pearl River flows into the South China Sea?
Let's think step by step.",
The Democratic Majority Leader of the Congressional Friends of Denmark was from what congressional district?,The Democratic Majority Leader of the Congressional Friends of Denmark was from what congressional district?,"The Democratic Majority Leader of the Congressional Friends of Denmark was from what congressional district?
Let's think step by step.",
Who was an American actor and released a film by 20th Century Fox?,Who was an American actor and released a film by 20th Century Fox?,"Who was an American actor and released a film by 20th Century Fox?
Let's think step by step.",
origin of surname mcdonnell,origin of surname mcdonnell,"origin of surname mcdonnell
Let's think step by step.",
how to be a good laundry attendant,how to be a good laundry attendant,"how to be a good laundry attendant
Let's think step by step.",
hooked acromion process definition,hooked acromion process definition,"hooked acromion process definition
Let's think step by step.",
Which is the film genre of the series of Unmasked?,Which is the film genre of the series of Unmasked?,"Which is the film genre of the series of Unmasked?
Let's think step by step.",
what is gold volatility,what is gold volatility,"what is gold volatility
Let's think step by step.",
"Was humanism Napoleon""s religion?","Was humanism Napoleon""s religion?","Was humanism Napoleon""s religion?
Let's think step by step.",
"What is the name of the 15-part BBC television documentary series hosted by one of Jessica Warner's fellow historians who praised her book, ""John the Painter: Terrorist of the American Revolution""?","What is the name of the 15-part BBC television documentary series hosted by one of Jessica Warner's fellow historians who praised her book, ""John the Painter: Terrorist of the American Revolution""?","What is the name of the 15-part BBC television documentary series hosted by one of Jessica Warner's fellow historians who praised her book, ""John the Painter: Terrorist of the American Revolution""?
Let's think step by step.",
"What band has recorded ""Bless the Broken Road"" other than Rascal Flatts?","What band has recorded ""Bless the Broken Road"" other than Rascal Flatts?","What band has recorded ""Bless the Broken Road"" other than Rascal Flatts?
Let's think step by step.",
"Just Tell Me What You Want is a 1980 American comedy film, directed by Sidney Lumet, stars include in it, is which American actor and comedian known for his biting wit and often angry humorous rants, and became well known as a Jewish comedian and satirist?","Just Tell Me What You Want is a 1980 American comedy film, directed by Sidney Lumet, stars include in it, is which American actor and comedian known for his biting wit and often angry humorous rants, and became well known as a Jewish comedian and satirist?","Just Tell Me What You Want is a 1980 American comedy film, directed by Sidney Lumet, stars include in it, is which American actor and comedian known for his biting wit and often angry humorous rants, and became well known as a Jewish comedian and satirist?
Let's think step by step.",
Who has played Please Don't Make My Cry?,Who has played Please Don't Make My Cry?,"Who has played Please Don't Make My Cry?
Let's think step by step.",
how long to reheat meatloaf in oven,how long to reheat meatloaf in oven,"how long to reheat meatloaf in oven
Let's think step by step.",
what is cre,what is cre,"what is cre
Let's think step by step.",
"Which Canadian sports announcer started his career at 16 and now does the play-by-play on ""Showtime Championship Boxing""?","Which Canadian sports announcer started his career at 16 and now does the play-by-play on ""Showtime Championship Boxing""?","Which Canadian sports announcer started his career at 16 and now does the play-by-play on ""Showtime Championship Boxing""?
Let's think step by step.",
how long before a certified check clears,how long before a certified check clears,"how long before a certified check clears
Let's think step by step.",
infraorbital foramen definition,infraorbital foramen definition,"infraorbital foramen definition
Let's think step by step.",
How many years did the last Democratic governor of Alabama serve in Alabama government?,How many years did the last Democratic governor of Alabama serve in Alabama government?,"How many years did the last Democratic governor of Alabama serve in Alabama government?
Let's think step by step.",
Are Fei Mu and Jean-Marc Vallée both film directors?,Are Fei Mu and Jean-Marc Vallée both film directors?,"Are Fei Mu and Jean-Marc Vallée both film directors?
Let's think step by step.",
What is the name of the Roller Coaster that shares an area with the Kali River Rapids and is about the Yeti protecting the Forbidden Mountain next to Mount Everest?,What is the name of the Roller Coaster that shares an area with the Kali River Rapids and is about the Yeti protecting the Forbidden Mountain next to Mount Everest?,"What is the name of the Roller Coaster that shares an area with the Kali River Rapids and is about the Yeti protecting the Forbidden Mountain next to Mount Everest?
Let's think step by step.",
"Powell Observatory is an astronomical observatory located near Louisburg in Miami County, Kansas, near Kansas City, as of the 2010 census, the city population was 4,315, in which country is it located?","Powell Observatory is an astronomical observatory located near Louisburg in Miami County, Kansas, near Kansas City, as of the 2010 census, the city population was 4,315, in which country is it located?","Powell Observatory is an astronomical observatory located near Louisburg in Miami County, Kansas, near Kansas City, as of the 2010 census, the city population was 4,315, in which country is it located?
Let's think step by step.",
how to pay loan on sba,how to pay loan on sba,"how to pay loan on sba
Let's think step by step.",
why use sea waybill,why use sea waybill,"why use sea waybill
Let's think step by step.",
"What actress starred in an American-Canadian drama television series between December 3, 2000 and August 7, 2005?","What actress starred in an American-Canadian drama television series between December 3, 2000 and August 7, 2005?","What actress starred in an American-Canadian drama television series between December 3, 2000 and August 7, 2005?
Let's think step by step.",
"Which player from the Sacramento Kings had 9,014 career points?","Which player from the Sacramento Kings had 9,014 career points?","Which player from the Sacramento Kings had 9,014 career points?
Let's think step by step.",
"Mad Men starred Jon Hamm, Elisabeth Moss, Vincent Kartheiser, January Jones, Christina Hendricks, Bryan Batt, Aaron Staton, Rich Sommer, Maggie Siff and what American actor born in 1977","Mad Men starred Jon Hamm, Elisabeth Moss, Vincent Kartheiser, January Jones, Christina Hendricks, Bryan Batt, Aaron Staton, Rich Sommer, Maggie Siff and what American actor born in 1977","Mad Men starred Jon Hamm, Elisabeth Moss, Vincent Kartheiser, January Jones, Christina Hendricks, Bryan Batt, Aaron Staton, Rich Sommer, Maggie Siff and what American actor born in 1977
Let's think step by step.",
"Who was born earlier, Ricardo Iorio or Sarah Nixey?","Who was born earlier, Ricardo Iorio or Sarah Nixey?","Who was born earlier, Ricardo Iorio or Sarah Nixey?
Let's think step by step.",
In what year did the eruption occur that laid down the lava upon which a famous forest visible from the Tenjō-Yama Park Mt. Kachi Kachi Ropeway? ,In what year did the eruption occur that laid down the lava upon which a famous forest visible from the Tenjō-Yama Park Mt. Kachi Kachi Ropeway? ,"In what year did the eruption occur that laid down the lava upon which a famous forest visible from the Tenjō-Yama Park Mt. Kachi Kachi Ropeway? 
Let's think step by step.",
What World War I battle took place the month before Max von Hausen was relieved of command?,What World War I battle took place the month before Max von Hausen was relieved of command?,"What World War I battle took place the month before Max von Hausen was relieved of command?
Let's think step by step.",
Who is the writer of Capitalism and Freedom who holds position as president?,Who is the writer of Capitalism and Freedom who holds position as president?,"Who is the writer of Capitalism and Freedom who holds position as president?
Let's think step by step.",
"What is this association football award that recognises the best Premier League player each month of the season, which is announced with the Premier League Manager of the Month, currently called?","What is this association football award that recognises the best Premier League player each month of the season, which is announced with the Premier League Manager of the Month, currently called?","What is this association football award that recognises the best Premier League player each month of the season, which is announced with the Premier League Manager of the Month, currently called?
Let's think step by step.",
"Which businessman, born in 1853, made his fortune in Kimberley, South Africa?","Which businessman, born in 1853, made his fortune in Kimberley, South Africa?","Which businessman, born in 1853, made his fortune in Kimberley, South Africa?
Let's think step by step.",
Tell me an arithmetic calendar that has the word calendar in it's name.,Tell me an arithmetic calendar that has the word calendar in it's name.,"Tell me an arithmetic calendar that has the word calendar in it's name.
Let's think step by step.",
What direction does Australian Grand Prix and Adelaide Street Circuit have in common?,What direction does Australian Grand Prix and Adelaide Street Circuit have in common?,"What direction does Australian Grand Prix and Adelaide Street Circuit have in common?
Let's think step by step.",
"Which rock band was formed first, A Rocket to the Moon or Superheaven?","Which rock band was formed first, A Rocket to the Moon or Superheaven?","Which rock band was formed first, A Rocket to the Moon or Superheaven?
Let's think step by step.",
What were the characteristics of the historical inhabitants of Macau?,What were the characteristics of the historical inhabitants of Macau?,"What were the characteristics of the historical inhabitants of Macau?
Let's think step by step.",
how to do transformer ratio,how to do transformer ratio,"how to do transformer ratio
Let's think step by step.",
james a banks net worth,james a banks net worth,"james a banks net worth
Let's think step by step.",
what does a transfer case do,what does a transfer case do,"what does a transfer case do
Let's think step by step.",
What is the profession of both Daniel Greenberger and Anton Zeilinger?,What is the profession of both Daniel Greenberger and Anton Zeilinger?,"What is the profession of both Daniel Greenberger and Anton Zeilinger?
Let's think step by step.",
what year did the first cobra mustang come out,what year did the first cobra mustang come out,"what year did the first cobra mustang come out
Let's think step by step.",
"When did the series that had an American professional mixed martial arts fighter born on August 13, 1972 as a contestant premiere?","When did the series that had an American professional mixed martial arts fighter born on August 13, 1972 as a contestant premiere?","When did the series that had an American professional mixed martial arts fighter born on August 13, 1972 as a contestant premiere?
Let's think step by step.",
cost per year for audible,cost per year for audible,"cost per year for audible
Let's think step by step.",
"How many feature films has the Irish-American actor who appeared in ""Frankenstein"" (1994) and ""Practical Magic"" 1998 starred in","How many feature films has the Irish-American actor who appeared in ""Frankenstein"" (1994) and ""Practical Magic"" 1998 starred in","How many feature films has the Irish-American actor who appeared in ""Frankenstein"" (1994) and ""Practical Magic"" 1998 starred in
Let's think step by step.",
What is the name of the intermediate cable car station that is used to climb the Titlis mountain in the Uri Alps?,What is the name of the intermediate cable car station that is used to climb the Titlis mountain in the Uri Alps?,"What is the name of the intermediate cable car station that is used to climb the Titlis mountain in the Uri Alps?
Let's think step by step.",
"Which case happened first, Reynolds v. United States, or Adarand Constructors, Inc. v. Peña?","Which case happened first, Reynolds v. United States, or Adarand Constructors, Inc. v. Peña?","Which case happened first, Reynolds v. United States, or Adarand Constructors, Inc. v. Peña?
Let's think step by step.",
secant geometry definition,secant geometry definition,"secant geometry definition
Let's think step by step.",
what is morocco main language,what is morocco main language,"what is morocco main language
Let's think step by step.",
"Where did the prince whose name means ""fortunate"" sailed to in 1170?","Where did the prince whose name means ""fortunate"" sailed to in 1170?","Where did the prince whose name means ""fortunate"" sailed to in 1170?
Let's think step by step.",
What team was the current assistant coach for the South Florida Bulls re-signed to after being released from the Washington Wizards?,What team was the current assistant coach for the South Florida Bulls re-signed to after being released from the Washington Wizards?,"What team was the current assistant coach for the South Florida Bulls re-signed to after being released from the Washington Wizards?
Let's think step by step.",
what is the function of membrane proteins,what is the function of membrane proteins,"what is the function of membrane proteins
Let's think step by step.",
"Which air force base is the headquarters for the Eastern Air Defense Sector and located 12 mi east of Panama City, Florida?","Which air force base is the headquarters for the Eastern Air Defense Sector and located 12 mi east of Panama City, Florida?","Which air force base is the headquarters for the Eastern Air Defense Sector and located 12 mi east of Panama City, Florida?
Let's think step by step.",
how common is Achondroplasia,how common is Achondroplasia,"how common is Achondroplasia
Let's think step by step.",
what is orgonite used for,what is orgonite used for,"what is orgonite used for
Let's think step by step.",
do anti inflammatories make you gain weight,do anti inflammatories make you gain weight,"do anti inflammatories make you gain weight
Let's think step by step.",
 Ike is a 1979 television miniseries based on a 1948 memoir by a member of what corps?, Ike is a 1979 television miniseries based on a 1948 memoir by a member of what corps?," Ike is a 1979 television miniseries based on a 1948 memoir by a member of what corps?
Let's think step by step.",
why are abandoned villages in spain for sale?,why are abandoned villages in spain for sale?,"why are abandoned villages in spain for sale?
Let's think step by step.",
Which is the Familypedia person ID for Clement Attlee?,Which is the Familypedia person ID for Clement Attlee?,"Which is the Familypedia person ID for Clement Attlee?
Let's think step by step.",
what are endorphins,what are endorphins,"what are endorphins
Let's think step by step.",
George Britton is known for playing the rold of Emile de Becque succeeding the actor who passed away in which year ?,George Britton is known for playing the rold of Emile de Becque succeeding the actor who passed away in which year ?,"George Britton is known for playing the rold of Emile de Becque succeeding the actor who passed away in which year ?
Let's think step by step.",
what is dysmetabolic syndrome,what is dysmetabolic syndrome,"what is dysmetabolic syndrome
Let's think step by step.",
What is used as a treatment to treat the medical condition of bupivacaine?,What is used as a treatment to treat the medical condition of bupivacaine?,"What is used as a treatment to treat the medical condition of bupivacaine?
Let's think step by step.",
who coined the term democratic socialist,who coined the term democratic socialist,"who coined the term democratic socialist
Let's think step by step.",
Luigi Gervasi was nominated for a Best Art Direction Academy Award for a film based on a play by what playwriter?,Luigi Gervasi was nominated for a Best Art Direction Academy Award for a film based on a play by what playwriter?,"Luigi Gervasi was nominated for a Best Art Direction Academy Award for a film based on a play by what playwriter?
Let's think step by step.",
When was the founder of The Warden and the College of the Souls of All Faithful People Deceased in the University of Oxford born?,When was the founder of The Warden and the College of the Souls of All Faithful People Deceased in the University of Oxford born?,"When was the founder of The Warden and the College of the Souls of All Faithful People Deceased in the University of Oxford born?
Let's think step by step.",
"What should you do to show respect when walking the trail Oahu trial that leads to a 150 foot waterfall, on the night of Kane, Ku, Lono, or Kanaloa at sunset and just before the sunrises?","What should you do to show respect when walking the trail Oahu trial that leads to a 150 foot waterfall, on the night of Kane, Ku, Lono, or Kanaloa at sunset and just before the sunrises?","What should you do to show respect when walking the trail Oahu trial that leads to a 150 foot waterfall, on the night of Kane, Ku, Lono, or Kanaloa at sunset and just before the sunrises?
Let's think step by step.",
Did Ivan Magrin-Chagnolleau and Upendra Rao both originate from France?,Did Ivan Magrin-Chagnolleau and Upendra Rao both originate from France?,"Did Ivan Magrin-Chagnolleau and Upendra Rao both originate from France?
Let's think step by step.",
Where was the British singer-songwriter who composed The Princess Bride's soundtrack born?,Where was the British singer-songwriter who composed The Princess Bride's soundtrack born?,"Where was the British singer-songwriter who composed The Princess Bride's soundtrack born?
Let's think step by step.",
What kind of books does American author William Kennedy and French-Canadian author S. M. Stirling write?,What kind of books does American author William Kennedy and French-Canadian author S. M. Stirling write?,"What kind of books does American author William Kennedy and French-Canadian author S. M. Stirling write?
Let's think step by step.",
average price of a home in las vegas nv,average price of a home in las vegas nv,"average price of a home in las vegas nv
Let's think step by step.",
solar post pull test cost,solar post pull test cost,"solar post pull test cost
Let's think step by step.",
Desperado was on the album recorded at what London studio?,Desperado was on the album recorded at what London studio?,"Desperado was on the album recorded at what London studio?
Let's think step by step.",
What year did Brady James Monson Corbet make his film directorial debut?,What year did Brady James Monson Corbet make his film directorial debut?,"What year did Brady James Monson Corbet make his film directorial debut?
Let's think step by step.",
salary range for licensed insurance agent,salary range for licensed insurance agent,"salary range for licensed insurance agent
Let's think step by step.",
optimal level of hdl,optimal level of hdl,"optimal level of hdl
Let's think step by step.",
Who wrote the 2014 RITA Award winning novel No Good Duke Goes Unpunished?,Who wrote the 2014 RITA Award winning novel No Good Duke Goes Unpunished?,"Who wrote the 2014 RITA Award winning novel No Good Duke Goes Unpunished?
Let's think step by step.",
What is the {product} of {papermaking} which is {made of} {bleach} called?,What is the {product} of {papermaking} which is {made of} {bleach} called?,"What is the {product} of {papermaking} which is {made of} {bleach} called?
Let's think step by step.",
what is a perennial,what is a perennial,"what is a perennial
Let's think step by step.",
What was Charles Babbage academic degree in 1814?,What was Charles Babbage academic degree in 1814?,"What was Charles Babbage academic degree in 1814?
Let's think step by step.",
what is the purpose of loop drawings,what is the purpose of loop drawings,"what is the purpose of loop drawings
Let's think step by step.",
Martha Graham Center of Contemporary Dance focuses on teaching the technique that was the influence of whose techniques?,Martha Graham Center of Contemporary Dance focuses on teaching the technique that was the influence of whose techniques?,"Martha Graham Center of Contemporary Dance focuses on teaching the technique that was the influence of whose techniques?
Let's think step by step.",
the us out spends the rest of the world on military,the us out spends the rest of the world on military,"the us out spends the rest of the world on military
Let's think step by step.",
"Shaoyang and Haiyang, are in which country?","Shaoyang and Haiyang, are in which country?","Shaoyang and Haiyang, are in which country?
Let's think step by step.",
When was the athlete  who won the women's 2013 CrossFit Games born? ,When was the athlete  who won the women's 2013 CrossFit Games born? ,"When was the athlete  who won the women's 2013 CrossFit Games born? 
Let's think step by step.",
how long to keep tax records corporate,how long to keep tax records corporate,"how long to keep tax records corporate
Let's think step by step.",
what are gateway city,what are gateway city,"what are gateway city
Let's think step by step.",
cost saving initiatives,cost saving initiatives,"cost saving initiatives
Let's think step by step.",
"Asia Argento and Bertrand Tavernier, have which mutual occupation?","Asia Argento and Bertrand Tavernier, have which mutual occupation?","Asia Argento and Bertrand Tavernier, have which mutual occupation?
Let's think step by step.",
can veeam do file level backup,can veeam do file level backup,"can veeam do file level backup
Let's think step by step.",
"Where is the university, for which Scott Beerer was a pitcher and outfielder prior to his professional career, located?","Where is the university, for which Scott Beerer was a pitcher and outfielder prior to his professional career, located?","Where is the university, for which Scott Beerer was a pitcher and outfielder prior to his professional career, located?
Let's think step by step.",
"Which construction company built the largest airport in the Upper Midwest region of Minnesota, Iowa, Nebraska, North Dakota, South Dakota, and Wisconsin?","Which construction company built the largest airport in the Upper Midwest region of Minnesota, Iowa, Nebraska, North Dakota, South Dakota, and Wisconsin?","Which construction company built the largest airport in the Upper Midwest region of Minnesota, Iowa, Nebraska, North Dakota, South Dakota, and Wisconsin?
Let's think step by step.",
how much does a physical therapist charge per visit,how much does a physical therapist charge per visit,"how much does a physical therapist charge per visit
Let's think step by step.",
what does a particle counter measure,what does a particle counter measure,"what does a particle counter measure
Let's think step by step.",
how long to hard boil eggs last,how long to hard boil eggs last,"how long to hard boil eggs last
Let's think step by step.",
what are pears good for,what are pears good for,"what are pears good for
Let's think step by step.",
"What year did the actor that played Blackie Parrish on ""General Hospital"" play in Never Too Young To Die?","What year did the actor that played Blackie Parrish on ""General Hospital"" play in Never Too Young To Die?","What year did the actor that played Blackie Parrish on ""General Hospital"" play in Never Too Young To Die?
Let's think step by step.",
what is the biggest island in the world,what is the biggest island in the world,"what is the biggest island in the world
Let's think step by step.",
what is biomedical science,what is biomedical science,"what is biomedical science
Let's think step by step.",
how much does a tetrapod cost,how much does a tetrapod cost,"how much does a tetrapod cost
Let's think step by step.",
Name a film David Spade voice acted in.,Name a film David Spade voice acted in.,"Name a film David Spade voice acted in.
Let's think step by step.",
which kingdom is the smallest,which kingdom is the smallest,"which kingdom is the smallest
Let's think step by step.",
"Who produced the 1984 American musical comedy that starred the actress who also played the title character in the sitcom ""Alice""?","Who produced the 1984 American musical comedy that starred the actress who also played the title character in the sitcom ""Alice""?","Who produced the 1984 American musical comedy that starred the actress who also played the title character in the sitcom ""Alice""?
Let's think step by step.",
are braces good for your teeth,are braces good for your teeth,"are braces good for your teeth
Let's think step by step.",
what organs makes up the abdominopelvic cavity in cats,what organs makes up the abdominopelvic cavity in cats,"what organs makes up the abdominopelvic cavity in cats
Let's think step by step.",
A Yellow Raft in Blue Water was written by the Chair of Native American Studies at which college?,A Yellow Raft in Blue Water was written by the Chair of Native American Studies at which college?,"A Yellow Raft in Blue Water was written by the Chair of Native American Studies at which college?
Let's think step by step.",
how to hide a large aquarium filter,how to hide a large aquarium filter,"how to hide a large aquarium filter
Let's think step by step.",
"Liebeslieder Walzer, Op. 52, are a collection of love songs in Ländler style for voices and piano four hands, written by Johannes Brahms, he was a German composer and pianist of the Romantic period, and born in which city?","Liebeslieder Walzer, Op. 52, are a collection of love songs in Ländler style for voices and piano four hands, written by Johannes Brahms, he was a German composer and pianist of the Romantic period, and born in which city?","Liebeslieder Walzer, Op. 52, are a collection of love songs in Ländler style for voices and piano four hands, written by Johannes Brahms, he was a German composer and pianist of the Romantic period, and born in which city?
Let's think step by step.",
did congress create the circuit courts of appeal,did congress create the circuit courts of appeal,"did congress create the circuit courts of appeal
Let's think step by step.",
Lamedh is part of what type of script used in writing the Hebrew language?,Lamedh is part of what type of script used in writing the Hebrew language?,"Lamedh is part of what type of script used in writing the Hebrew language?
Let's think step by step.",
is sulfur hexafluoride polar,is sulfur hexafluoride polar,"is sulfur hexafluoride polar
Let's think step by step.",
what is annona muricata,what is annona muricata,"what is annona muricata
Let's think step by step.",
"What year did funny animal cartoon character, Minnie Mouse, appear in  Mickey's Orphans?","What year did funny animal cartoon character, Minnie Mouse, appear in  Mickey's Orphans?","What year did funny animal cartoon character, Minnie Mouse, appear in  Mickey's Orphans?
Let's think step by step.",
what is fraud misrepresentation,what is fraud misrepresentation,"what is fraud misrepresentation
Let's think step by step.",
"Where is this American alternative singer and songwriter who released the album ""Forever for Now"" originally from?","Where is this American alternative singer and songwriter who released the album ""Forever for Now"" originally from?","Where is this American alternative singer and songwriter who released the album ""Forever for Now"" originally from?
Let's think step by step.",
"What actor from the TV actor from the series ""Harry and the Hendersons""  starred in a movie with Arnold Schwarzenegger?","What actor from the TV actor from the series ""Harry and the Hendersons""  starred in a movie with Arnold Schwarzenegger?","What actor from the TV actor from the series ""Harry and the Hendersons""  starred in a movie with Arnold Schwarzenegger?
Let's think step by step.",
What is ICD-9  for tuberculosis,What is ICD-9  for tuberculosis,"What is ICD-9  for tuberculosis
Let's think step by step.",
"Which genus has more species, Carex or Bloomeria?","Which genus has more species, Carex or Bloomeria?","Which genus has more species, Carex or Bloomeria?
Let's think step by step.",
"Universal Studios Korea, is a cancelled theme park to constructed in the vicinity of Hwaseong, South Korea, if the park was constructed, become the fifth Universal Studios theme park in the world, and the fourth in Asia, including Universal Studios Beijing, is the upcoming Universal theme park in the Chinese capital of Beijing that will open around which year?","Universal Studios Korea, is a cancelled theme park to constructed in the vicinity of Hwaseong, South Korea, if the park was constructed, become the fifth Universal Studios theme park in the world, and the fourth in Asia, including Universal Studios Beijing, is the upcoming Universal theme park in the Chinese capital of Beijing that will open around which year?","Universal Studios Korea, is a cancelled theme park to constructed in the vicinity of Hwaseong, South Korea, if the park was constructed, become the fifth Universal Studios theme park in the world, and the fourth in Asia, including Universal Studios Beijing, is the upcoming Universal theme park in the Chinese capital of Beijing that will open around which year?
Let's think step by step.",
Which state has the city that is the twin city of Geneva?,Which state has the city that is the twin city of Geneva?,"Which state has the city that is the twin city of Geneva?
Let's think step by step.",
Who is Microsoft's chief executive officer and chairperson?,Who is Microsoft's chief executive officer and chairperson?,"Who is Microsoft's chief executive officer and chairperson?
Let's think step by step.",
"What 2,363 seat live performance venue was At the Ryman recorded?","What 2,363 seat live performance venue was At the Ryman recorded?","What 2,363 seat live performance venue was At the Ryman recorded?
Let's think step by step.",
"What is the Deezer ID for the album ""Kind of Blue""?","What is the Deezer ID for the album ""Kind of Blue""?","What is the Deezer ID for the album ""Kind of Blue""?
Let's think step by step.",
is manager salary,is manager salary,"is manager salary
Let's think step by step.",
"Which man, Tim Rice or Studs Terkel, is best known for his collaborations with Andrew Lloyd Webber?","Which man, Tim Rice or Studs Terkel, is best known for his collaborations with Andrew Lloyd Webber?","Which man, Tim Rice or Studs Terkel, is best known for his collaborations with Andrew Lloyd Webber?
Let's think step by step.",
how did the northern renaissance start,how did the northern renaissance start,"how did the northern renaissance start
Let's think step by step.",
how to be a licensed building inspector,how to be a licensed building inspector,"how to be a licensed building inspector
Let's think step by step.",
when does mechanical isolation,when does mechanical isolation,"when does mechanical isolation
Let's think step by step.",
Who did the team coached by Bob Stoops play in the 2008 Dr. Pepper Big 12 Championship Game?,Who did the team coached by Bob Stoops play in the 2008 Dr. Pepper Big 12 Championship Game?,"Who did the team coached by Bob Stoops play in the 2008 Dr. Pepper Big 12 Championship Game?
Let's think step by step.",
Carl Theodor Dreyer and John Sturges have what career in common?,Carl Theodor Dreyer and John Sturges have what career in common?,"Carl Theodor Dreyer and John Sturges have what career in common?
Let's think step by step.",
what is propane gas,what is propane gas,"what is propane gas
Let's think step by step.",
submarine definition,submarine definition,"submarine definition
Let's think step by step.",
The band responsible for the album God Hates Us All was formed in what year?,The band responsible for the album God Hates Us All was formed in what year?,"The band responsible for the album God Hates Us All was formed in what year?
Let's think step by step.",
"""When a Killer Calls"" was released un 2006 to  coincide with the theatrical release of a remake directed by who?","""When a Killer Calls"" was released un 2006 to  coincide with the theatrical release of a remake directed by who?","""When a Killer Calls"" was released un 2006 to  coincide with the theatrical release of a remake directed by who?
Let's think step by step.",
how much does a medical lab tech make,how much does a medical lab tech make,"how much does a medical lab tech make
Let's think step by step.",
"From what country did Atlas Shrugged originate, and in what language was the work written?","From what country did Atlas Shrugged originate, and in what language was the work written?","From what country did Atlas Shrugged originate, and in what language was the work written?
Let's think step by step.",
dimensions of an acre of ground,dimensions of an acre of ground,"dimensions of an acre of ground
Let's think step by step.",
When was the position of Harold Holt as Member of the Australian House of Representatives came to an end?,When was the position of Harold Holt as Member of the Australian House of Representatives came to an end?,"When was the position of Harold Holt as Member of the Australian House of Representatives came to an end?
Let's think step by step.",
"Area code 580 serves which city in and the county seat of Pontotoc County, Oklahoma, United States?","Area code 580 serves which city in and the county seat of Pontotoc County, Oklahoma, United States?","Area code 580 serves which city in and the county seat of Pontotoc County, Oklahoma, United States?
Let's think step by step.",
a tumor composed of star-shaped neuroglial cells is called,a tumor composed of star-shaped neuroglial cells is called,"a tumor composed of star-shaped neuroglial cells is called
Let's think step by step.",
What is the PhD advisor of Roger Cotes best known for?,What is the PhD advisor of Roger Cotes best known for?,"What is the PhD advisor of Roger Cotes best known for?
Let's think step by step.",
How many things did Juventus F.C. found?,How many things did Juventus F.C. found?,"How many things did Juventus F.C. found?
Let's think step by step.",
what is flagstone,what is flagstone,"what is flagstone
Let's think step by step.",
can spoiled frozen broccoli make you sick,can spoiled frozen broccoli make you sick,"can spoiled frozen broccoli make you sick
Let's think step by step.",
Who gave the {type of taxon} of {taxon parent} of {Chlorophyta} ?,Who gave the {type of taxon} of {taxon parent} of {Chlorophyta} ?,"Who gave the {type of taxon} of {taxon parent} of {Chlorophyta} ?
Let's think step by step.",
When was the Austrian composer who composed The String Quartet No. 5 (D 68) in B-flat major born ,When was the Austrian composer who composed The String Quartet No. 5 (D 68) in B-flat major born ,"When was the Austrian composer who composed The String Quartet No. 5 (D 68) in B-flat major born 
Let's think step by step.",
What region of Salerno divides into Teggiano?,What region of Salerno divides into Teggiano?,"What region of Salerno divides into Teggiano?
Let's think step by step.",
"What is the ""Say Good NIght To Illiteracy"" book series publisher's original motto?","What is the ""Say Good NIght To Illiteracy"" book series publisher's original motto?","What is the ""Say Good NIght To Illiteracy"" book series publisher's original motto?
Let's think step by step.",
Is it true that the operating income of the AeroLogic is less than 9840000?,Is it true that the operating income of the AeroLogic is less than 9840000?,"Is it true that the operating income of the AeroLogic is less than 9840000?
Let's think step by step.",
what is the price of barley per ton,what is the price of barley per ton,"what is the price of barley per ton
Let's think step by step.",
What does manure produce as a by-product?,What does manure produce as a by-product?,"What does manure produce as a by-product?
Let's think step by step.",
"Right Now Kapow was created by one of the creators of a magazine-based show that premiered on what station on September 6, 2010?","Right Now Kapow was created by one of the creators of a magazine-based show that premiered on what station on September 6, 2010?","Right Now Kapow was created by one of the creators of a magazine-based show that premiered on what station on September 6, 2010?
Let's think step by step.",
what causes the parathyroid gland to increase PTH secretion,what causes the parathyroid gland to increase PTH secretion,"what causes the parathyroid gland to increase PTH secretion
Let's think step by step.",
What is the name of the movie directed by Steven Spielberg about Leo Rosner's survival story?,What is the name of the movie directed by Steven Spielberg about Leo Rosner's survival story?,"What is the name of the movie directed by Steven Spielberg about Leo Rosner's survival story?
Let's think step by step.",
which zone is angel in,which zone is angel in,"which zone is angel in
Let's think step by step.",
 Edom appears in written sources relating to the late Bronze Age and to the Iron Age in  a geographical term that refers to a large area in Southwest what?, Edom appears in written sources relating to the late Bronze Age and to the Iron Age in  a geographical term that refers to a large area in Southwest what?," Edom appears in written sources relating to the late Bronze Age and to the Iron Age in  a geographical term that refers to a large area in Southwest what?
Let's think step by step.",
what was the civil rights law,what was the civil rights law,"what was the civil rights law
Let's think step by step.",
how long does it take to get caffeine out of your system,how long does it take to get caffeine out of your system,"how long does it take to get caffeine out of your system
Let's think step by step.",
Where was one of the founder's of Gruppe Olten's novella first published in English?,Where was one of the founder's of Gruppe Olten's novella first published in English?,"Where was one of the founder's of Gruppe Olten's novella first published in English?
Let's think step by step.",
What area does Salt Creek Falls and Multnomah Falls have in common?,What area does Salt Creek Falls and Multnomah Falls have in common?,"What area does Salt Creek Falls and Multnomah Falls have in common?
Let's think step by step.",
"What was the occupation (until 2005) of the investigative journalist for a a British fortnightly satirical and current affairs news magazine, founded in 1961?","What was the occupation (until 2005) of the investigative journalist for a a British fortnightly satirical and current affairs news magazine, founded in 1961?","What was the occupation (until 2005) of the investigative journalist for a a British fortnightly satirical and current affairs news magazine, founded in 1961?
Let's think step by step.",
iupac naming examples,iupac naming examples,"iupac naming examples
Let's think step by step.",
which states have decriminalized marijuana,which states have decriminalized marijuana,"which states have decriminalized marijuana
Let's think step by step.",
what is conduction,what is conduction,"what is conduction
Let's think step by step.",
What is the job description of job posting 225088?,What is the job description of job posting 225088?,"What is the job description of job posting 225088?
Let's think step by step.",
The Sussex Spaniel and English Cocker Spaniel are both what? ,The Sussex Spaniel and English Cocker Spaniel are both what? ,"The Sussex Spaniel and English Cocker Spaniel are both what? 
Let's think step by step.",
beef tenderloin cost,beef tenderloin cost,"beef tenderloin cost
Let's think step by step.",
"The Eau Claire Commissioners were a Minnesota–Wisconsin League minor league baseball team that played under that name from 1910 to 1912, Notably, which Major League Baseball Hall of Famer played for the team, an American professional baseball player, and the last pitcher officially permitted to throw the spitball?","The Eau Claire Commissioners were a Minnesota–Wisconsin League minor league baseball team that played under that name from 1910 to 1912, Notably, which Major League Baseball Hall of Famer played for the team, an American professional baseball player, and the last pitcher officially permitted to throw the spitball?","The Eau Claire Commissioners were a Minnesota–Wisconsin League minor league baseball team that played under that name from 1910 to 1912, Notably, which Major League Baseball Hall of Famer played for the team, an American professional baseball player, and the last pitcher officially permitted to throw the spitball?
Let's think step by step.",
Morning Glory starred the American actor who is a regular on what Showtime/BBC series?,Morning Glory starred the American actor who is a regular on what Showtime/BBC series?,"Morning Glory starred the American actor who is a regular on what Showtime/BBC series?
Let's think step by step.",
what is continental drift theory,what is continental drift theory,"what is continental drift theory
Let's think step by step.",
What is the former leader of the school of Soviet and Russian humorists's son the head of?,What is the former leader of the school of Soviet and Russian humorists's son the head of?,"What is the former leader of the school of Soviet and Russian humorists's son the head of?
Let's think step by step.",
what does the standard deviation determine in a normal distribution,what does the standard deviation determine in a normal distribution,"what does the standard deviation determine in a normal distribution
Let's think step by step.",
what age do girls start having hormones,what age do girls start having hormones,"what age do girls start having hormones
Let's think step by step.",
what does antimony do to lead,what does antimony do to lead,"what does antimony do to lead
Let's think step by step.",
Who was the student of Johann Wolfgang von Goethe?,Who was the student of Johann Wolfgang von Goethe?,"Who was the student of Johann Wolfgang von Goethe?
Let's think step by step.",
what functions do organelles in a plant cell perform,what functions do organelles in a plant cell perform,"what functions do organelles in a plant cell perform
Let's think step by step.",
describe where the caribs lived,describe where the caribs lived,"describe where the caribs lived
Let's think step by step.",
What company made a film produced by Karen Michele Dufilho-Rosen and directed by Jan Pinkava that won an Oscar?,What company made a film produced by Karen Michele Dufilho-Rosen and directed by Jan Pinkava that won an Oscar?,"What company made a film produced by Karen Michele Dufilho-Rosen and directed by Jan Pinkava that won an Oscar?
Let's think step by step.",
What 2017 movie did Darren Aronofsky and Matthew Libatique work together to film?,What 2017 movie did Darren Aronofsky and Matthew Libatique work together to film?,"What 2017 movie did Darren Aronofsky and Matthew Libatique work together to film?
Let's think step by step.",
what do echidnas eat,what do echidnas eat,"what do echidnas eat
Let's think step by step.",
how big does eucalyptus ficifolia grow,how big does eucalyptus ficifolia grow,"how big does eucalyptus ficifolia grow
Let's think step by step.",
do tendons heal,do tendons heal,"do tendons heal
Let's think step by step.",
how long should i lay down when trying to conceive,how long should i lay down when trying to conceive,"how long should i lay down when trying to conceive
Let's think step by step.",
how much travel is involved in a neurologist,how much travel is involved in a neurologist,"how much travel is involved in a neurologist
Let's think step by step.",
What written work is the foundational text of Esperanto?,What written work is the foundational text of Esperanto?,"What written work is the foundational text of Esperanto?
Let's think step by step.",
how to cure sugar headache,how to cure sugar headache,"how to cure sugar headache
Let's think step by step.",
Which forested highland is located in Lower Austria and Vienna?,Which forested highland is located in Lower Austria and Vienna?,"Which forested highland is located in Lower Austria and Vienna?
Let's think step by step.",
"In what year was the actress who was starred in the 1992 film ""This Is My Life"" with Carrie Fisher and Dan Aykroyd born?","In what year was the actress who was starred in the 1992 film ""This Is My Life"" with Carrie Fisher and Dan Aykroyd born?","In what year was the actress who was starred in the 1992 film ""This Is My Life"" with Carrie Fisher and Dan Aykroyd born?
Let's think step by step.",
"Who was the co-writer of the sequel to ""101 Dalmations"" who also co-wrote ""How to Lose a Guy in 10 Days""?","Who was the co-writer of the sequel to ""101 Dalmations"" who also co-wrote ""How to Lose a Guy in 10 Days""?","Who was the co-writer of the sequel to ""101 Dalmations"" who also co-wrote ""How to Lose a Guy in 10 Days""?
Let's think step by step.",
Where is the headquarters of an ecommerce company founded by someone who worked at an online specialty retailer for baby products?,Where is the headquarters of an ecommerce company founded by someone who worked at an online specialty retailer for baby products?,"Where is the headquarters of an ecommerce company founded by someone who worked at an online specialty retailer for baby products?
Let's think step by step.",
what type of biome is the izalco volcano found in,what type of biome is the izalco volcano found in,"what type of biome is the izalco volcano found in
Let's think step by step.",
Antonius Andreas was a pupil of which High Middle Ages philosopher?,Antonius Andreas was a pupil of which High Middle Ages philosopher?,"Antonius Andreas was a pupil of which High Middle Ages philosopher?
Let's think step by step.",
"Re-Constriction Records was a division of Cargo Music based in California, the label was founded in which year, and headed by Chase, who was previously the Music Director at KCR, a student radio station on the campus of San Diego State University?","Re-Constriction Records was a division of Cargo Music based in California, the label was founded in which year, and headed by Chase, who was previously the Music Director at KCR, a student radio station on the campus of San Diego State University?","Re-Constriction Records was a division of Cargo Music based in California, the label was founded in which year, and headed by Chase, who was previously the Music Director at KCR, a student radio station on the campus of San Diego State University?
Let's think step by step.",
Rainbow Lakes Estates is an unincorporated community in a county that had how many inhabitants in 2010 ?,Rainbow Lakes Estates is an unincorporated community in a county that had how many inhabitants in 2010 ?,"Rainbow Lakes Estates is an unincorporated community in a county that had how many inhabitants in 2010 ?
Let's think step by step.",
The man that made August von Mackensen a Prussian state councillor in 1933 was the last commander of what fighter wing once led by Manfred von Richthofen?,The man that made August von Mackensen a Prussian state councillor in 1933 was the last commander of what fighter wing once led by Manfred von Richthofen?,"The man that made August von Mackensen a Prussian state councillor in 1933 was the last commander of what fighter wing once led by Manfred von Richthofen?
Let's think step by step.",
where are salicylates absorbed,where are salicylates absorbed,"where are salicylates absorbed
Let's think step by step.",
Is the Communist Party of China still powerful and who is chairperson Hua Guofeng?,Is the Communist Party of China still powerful and who is chairperson Hua Guofeng?,"Is the Communist Party of China still powerful and who is chairperson Hua Guofeng?
Let's think step by step.",
"Who was born first, Bryan Callen or Brendan Schaub?","Who was born first, Bryan Callen or Brendan Schaub?","Who was born first, Bryan Callen or Brendan Schaub?
Let's think step by step.",
meaning of the rime of the ancient mariner poem analysis,meaning of the rime of the ancient mariner poem analysis,"meaning of the rime of the ancient mariner poem analysis
Let's think step by step.",
When was the English professional footballer born who plays as a winger for Premier League club Manchester United born who made Manchester United won the match 2–1 with goals?,When was the English professional footballer born who plays as a winger for Premier League club Manchester United born who made Manchester United won the match 2–1 with goals?,"When was the English professional footballer born who plays as a winger for Premier League club Manchester United born who made Manchester United won the match 2–1 with goals?
Let's think step by step.",
What does Damon Allen and Marcus Allen have in common?,What does Damon Allen and Marcus Allen have in common?,"What does Damon Allen and Marcus Allen have in common?
Let's think step by step.",
For What  George Bernard Shaw was nomination in the year 1925-1-1?,For What  George Bernard Shaw was nomination in the year 1925-1-1?,"For What  George Bernard Shaw was nomination in the year 1925-1-1?
Let's think step by step.",
why is fibrosis of the cardiac muscle serious,why is fibrosis of the cardiac muscle serious,"why is fibrosis of the cardiac muscle serious
Let's think step by step.",
what is the relationship between these three structures protein cell dna,what is the relationship between these three structures protein cell dna,"what is the relationship between these three structures protein cell dna
Let's think step by step.",
salary calculator per hour,salary calculator per hour,"salary calculator per hour
Let's think step by step.",
Who is the present executive chairman of the corporation which owns KPIX-TV ? ,Who is the present executive chairman of the corporation which owns KPIX-TV ? ,"Who is the present executive chairman of the corporation which owns KPIX-TV ? 
Let's think step by step.",
remodeling cost value cost of garage,remodeling cost value cost of garage,"remodeling cost value cost of garage
Let's think step by step.",
"What is  the birthplace of Harald zur Hausen, that has a partner city which is in Campo Grande?","What is  the birthplace of Harald zur Hausen, that has a partner city which is in Campo Grande?","What is  the birthplace of Harald zur Hausen, that has a partner city which is in Campo Grande?
Let's think step by step.",
cockroaches in your dream meaning,cockroaches in your dream meaning,"cockroaches in your dream meaning
Let's think step by step.",
what organs is the respiratory system involved in,what organs is the respiratory system involved in,"what organs is the respiratory system involved in
Let's think step by step.",
how to tell if a wart is cancerous,how to tell if a wart is cancerous,"how to tell if a wart is cancerous
Let's think step by step.",
Are both Huaihua and Runan County an administrative district of the same level?,Are both Huaihua and Runan County an administrative district of the same level?,"Are both Huaihua and Runan County an administrative district of the same level?
Let's think step by step.",
What English zoo owner and gambling club host purchased Howletts Zoo in 1973?,What English zoo owner and gambling club host purchased Howletts Zoo in 1973?,"What English zoo owner and gambling club host purchased Howletts Zoo in 1973?
Let's think step by step.",
which Italian actress featured in  Hardbodies 2,which Italian actress featured in  Hardbodies 2,"which Italian actress featured in  Hardbodies 2
Let's think step by step.",
what are military personnel records,what are military personnel records,"what are military personnel records
Let's think step by step.",
What year did Princess Basma bint Talal's nephew become king?,What year did Princess Basma bint Talal's nephew become king?,"What year did Princess Basma bint Talal's nephew become king?
Let's think step by step.",
easter island where is it,easter island where is it,"easter island where is it
Let's think step by step.",
what is keymod,what is keymod,"what is keymod
Let's think step by step.",
Walter Mart is a Filipino chain of community shopping malls that operates stores and other Filipino retailers including the largest health care and beauty care store where?,Walter Mart is a Filipino chain of community shopping malls that operates stores and other Filipino retailers including the largest health care and beauty care store where?,"Walter Mart is a Filipino chain of community shopping malls that operates stores and other Filipino retailers including the largest health care and beauty care store where?
Let's think step by step.",
"Besides Coral Ridge Presbyterian Church what other institution did D. James Kennedy found in Fort Lauderdale, Florida, USA?","Besides Coral Ridge Presbyterian Church what other institution did D. James Kennedy found in Fort Lauderdale, Florida, USA?","Besides Coral Ridge Presbyterian Church what other institution did D. James Kennedy found in Fort Lauderdale, Florida, USA?
Let's think step by step.",
goat island marine reserve facts,goat island marine reserve facts,"goat island marine reserve facts
Let's think step by step.",
What religion does the country of the Golden Horde follow,What religion does the country of the Golden Horde follow,"What religion does the country of the Golden Horde follow
Let's think step by step.",
In what film did Stephen Dunham star alongside Jane Fonda?,In what film did Stephen Dunham star alongside Jane Fonda?,"In what film did Stephen Dunham star alongside Jane Fonda?
Let's think step by step.",
 Toiyabe National Forest is located in a town that had how many inhabitants in 2010 ?, Toiyabe National Forest is located in a town that had how many inhabitants in 2010 ?," Toiyabe National Forest is located in a town that had how many inhabitants in 2010 ?
Let's think step by step.",
What { working language or name } does { milk } have { pronunciation audio } as { Wo - meew.ogg }?,What { working language or name } does { milk } have { pronunciation audio } as { Wo - meew.ogg }?,"What { working language or name } does { milk } have { pronunciation audio } as { Wo - meew.ogg }?
Let's think step by step.",
when was mexico colonized,when was mexico colonized,"when was mexico colonized
Let's think step by step.",
Which is the state or insular area capital in the United States with the highest point of Crown Hill Cemetery and contains the word indianapolis in it's name?,Which is the state or insular area capital in the United States with the highest point of Crown Hill Cemetery and contains the word indianapolis in it's name?,"Which is the state or insular area capital in the United States with the highest point of Crown Hill Cemetery and contains the word indianapolis in it's name?
Let's think step by step.",
is hgh worth it,is hgh worth it,"is hgh worth it
Let's think step by step.",
what is a watermelon made of,what is a watermelon made of,"what is a watermelon made of
Let's think step by step.",
what is nevis famous for,what is nevis famous for,"what is nevis famous for
Let's think step by step.",
what is radioactive nuclear waste,what is radioactive nuclear waste,"what is radioactive nuclear waste
Let's think step by step.",
How many cylinders does the engine in an Aeroprogress T-411 Wolverine have?,How many cylinders does the engine in an Aeroprogress T-411 Wolverine have?,"How many cylinders does the engine in an Aeroprogress T-411 Wolverine have?
Let's think step by step.",
how many continents are on the earth,how many continents are on the earth,"how many continents are on the earth
Let's think step by step.",
herbalife cost,herbalife cost,"herbalife cost
Let's think step by step.",
"The character of ""B-Rad"" in the 2003 American comedy film Malibu's Most Wanted is a spoof of a character in a  2002 American drama film directed by who? ","The character of ""B-Rad"" in the 2003 American comedy film Malibu's Most Wanted is a spoof of a character in a  2002 American drama film directed by who? ","The character of ""B-Rad"" in the 2003 American comedy film Malibu's Most Wanted is a spoof of a character in a  2002 American drama film directed by who? 
Let's think step by step.",
meaning of doublet,meaning of doublet,"meaning of doublet
Let's think step by step.",
Name the film that takes place in Los Angeles,Name the film that takes place in Los Angeles,"Name the film that takes place in Los Angeles
Let's think step by step.",
"Maksim ""Maks"" Aleksandrovich Chmerkovskiy, is a Ukrainian-American Latin–ballroom dance champion, choreographer, and instructor, on which date, Chmerkovskiy, paired with Meryl Elizabeth Davis, an American multi Olympic ice dancer, who won his first ""Dancing with the Stars"" title?","Maksim ""Maks"" Aleksandrovich Chmerkovskiy, is a Ukrainian-American Latin–ballroom dance champion, choreographer, and instructor, on which date, Chmerkovskiy, paired with Meryl Elizabeth Davis, an American multi Olympic ice dancer, who won his first ""Dancing with the Stars"" title?","Maksim ""Maks"" Aleksandrovich Chmerkovskiy, is a Ukrainian-American Latin–ballroom dance champion, choreographer, and instructor, on which date, Chmerkovskiy, paired with Meryl Elizabeth Davis, an American multi Olympic ice dancer, who won his first ""Dancing with the Stars"" title?
Let's think step by step.",
"Which college did the featured guitar artist in ""All to Myself"" attend?","Which college did the featured guitar artist in ""All to Myself"" attend?","Which college did the featured guitar artist in ""All to Myself"" attend?
Let's think step by step.",
What is the English translation of the 2000 romantic thriller film in which Ameesha Patel made her acting debut?,What is the English translation of the 2000 romantic thriller film in which Ameesha Patel made her acting debut?,"What is the English translation of the 2000 romantic thriller film in which Ameesha Patel made her acting debut?
Let's think step by step.",
"What is the isotope of hydrogen that follows deuterium that contains the word ""tritium"" in its name","What is the isotope of hydrogen that follows deuterium that contains the word ""tritium"" in its name","What is the isotope of hydrogen that follows deuterium that contains the word ""tritium"" in its name
Let's think step by step.",
normal bun and creatinine ratio,normal bun and creatinine ratio,"normal bun and creatinine ratio
Let's think step by step.",
causes why the white part of eye is swollen,causes why the white part of eye is swollen,"causes why the white part of eye is swollen
Let's think step by step.",
what time period is the modern era in literature,what time period is the modern era in literature,"what time period is the modern era in literature
Let's think step by step.",
is tungsten shiny,is tungsten shiny,"is tungsten shiny
Let's think step by step.",
"How many men was this American serial killer convicted of murdering who became the subject of the 2003 biographical crime drama film ""Monster?""","How many men was this American serial killer convicted of murdering who became the subject of the 2003 biographical crime drama film ""Monster?""","How many men was this American serial killer convicted of murdering who became the subject of the 2003 biographical crime drama film ""Monster?""
Let's think step by step.",
"What was the name of an animated American television series which is set in a post-apocalyptic world, with an episode named Reign of Gunters?","What was the name of an animated American television series which is set in a post-apocalyptic world, with an episode named Reign of Gunters?","What was the name of an animated American television series which is set in a post-apocalyptic world, with an episode named Reign of Gunters?
Let's think step by step.",
"Which 2006 documentary film tells the stories of three Jehovah's witnesses who, amongst other Witness teachings, claim the right to refuse to perform military service on the grounds of freedom of religion?","Which 2006 documentary film tells the stories of three Jehovah's witnesses who, amongst other Witness teachings, claim the right to refuse to perform military service on the grounds of freedom of religion?","Which 2006 documentary film tells the stories of three Jehovah's witnesses who, amongst other Witness teachings, claim the right to refuse to perform military service on the grounds of freedom of religion?
Let's think step by step.",
Which is the treatment that treats the medical condition of gold?,Which is the treatment that treats the medical condition of gold?,"Which is the treatment that treats the medical condition of gold?
Let's think step by step.",
What municipality is the Austrian village in that the lager Fucking Hell is named after?,What municipality is the Austrian village in that the lager Fucking Hell is named after?,"What municipality is the Austrian village in that the lager Fucking Hell is named after?
Let's think step by step.",
what is butyrate used for,what is butyrate used for,"what is butyrate used for
Let's think step by step.",
"American football defensive end Ahtyba Rubin, played for what football team at Iowa State University coached by Matt Campbell?","American football defensive end Ahtyba Rubin, played for what football team at Iowa State University coached by Matt Campbell?","American football defensive end Ahtyba Rubin, played for what football team at Iowa State University coached by Matt Campbell?
Let's think step by step.",
What is the work of the writers of Imidazole-containing N3S-NiII complexes relating to nickel containing biomolecules ?,What is the work of the writers of Imidazole-containing N3S-NiII complexes relating to nickel containing biomolecules ?,"What is the work of the writers of Imidazole-containing N3S-NiII complexes relating to nickel containing biomolecules ?
Let's think step by step.",
are acidic foods good for digestion,are acidic foods good for digestion,"are acidic foods good for digestion
Let's think step by step.",
what does a dulcimer sound like made of dogwood,what does a dulcimer sound like made of dogwood,"what does a dulcimer sound like made of dogwood
Let's think step by step.",
what is loci,what is loci,"what is loci
Let's think step by step.",
what station does fargo,what station does fargo,"what station does fargo
Let's think step by step.",
what is barley malt used for,what is barley malt used for,"what is barley malt used for
Let's think step by step.",
Which republic with the a minimal nominal GDP is a member of the International Finance Corporation?,Which republic with the a minimal nominal GDP is a member of the International Finance Corporation?,"Which republic with the a minimal nominal GDP is a member of the International Finance Corporation?
Let's think step by step.",
where is the isle of skye located,where is the isle of skye located,"where is the isle of skye located
Let's think step by step.",
"Which neighborhood, located in the capital and largest city of Ethiopia, is referenced in the Bole2Harlem musical collaboration?","Which neighborhood, located in the capital and largest city of Ethiopia, is referenced in the Bole2Harlem musical collaboration?","Which neighborhood, located in the capital and largest city of Ethiopia, is referenced in the Bole2Harlem musical collaboration?
Let's think step by step.",
being a doctor in the navy salary,being a doctor in the navy salary,"being a doctor in the navy salary
Let's think step by step.",
what is grazing frequency,what is grazing frequency,"what is grazing frequency
Let's think step by step.",
Who created the game which uses Palladium's Megaversal system and created in August 1990?,Who created the game which uses Palladium's Megaversal system and created in August 1990?,"Who created the game which uses Palladium's Megaversal system and created in August 1990?
Let's think step by step.",
ga income tax rate,ga income tax rate,"ga income tax rate
Let's think step by step.",
what is ketosis,what is ketosis,"what is ketosis
Let's think step by step.",
What nationality was the actor who starred in 2015 South Korean period fantasy film directed by Kim Dae-seung?,What nationality was the actor who starred in 2015 South Korean period fantasy film directed by Kim Dae-seung?,"What nationality was the actor who starred in 2015 South Korean period fantasy film directed by Kim Dae-seung?
Let's think step by step.",
Where did Frank Gehry go to college and what is his degree in?,Where did Frank Gehry go to college and what is his degree in?,"Where did Frank Gehry go to college and what is his degree in?
Let's think step by step.",
"Who plays more musical instruments, Conrad Lant or Derek Hough?","Who plays more musical instruments, Conrad Lant or Derek Hough?","Who plays more musical instruments, Conrad Lant or Derek Hough?
Let's think step by step.",
US Aiways Shuttle services an airport that is a fortress hub for who?,US Aiways Shuttle services an airport that is a fortress hub for who?,"US Aiways Shuttle services an airport that is a fortress hub for who?
Let's think step by step.",
Are McCall's and MODE both focused on plus-size consumers?,Are McCall's and MODE both focused on plus-size consumers?,"Are McCall's and MODE both focused on plus-size consumers?
Let's think step by step.",
What differentiates Recitative from Arioso music style?,What differentiates Recitative from Arioso music style?,"What differentiates Recitative from Arioso music style?
Let's think step by step.",
is japan a island,is japan a island,"is japan a island
Let's think step by step.",
what is puresis used for,what is puresis used for,"what is puresis used for
Let's think step by step.",
"Which of the following is mostly known for his film ""I Stand Alone"": Ricardo Costa or Gaspar Noé?","Which of the following is mostly known for his film ""I Stand Alone"": Ricardo Costa or Gaspar Noé?","Which of the following is mostly known for his film ""I Stand Alone"": Ricardo Costa or Gaspar Noé?
Let's think step by step.",
types of encoding in computer networks,types of encoding in computer networks,"types of encoding in computer networks
Let's think step by step.",
"Who was Carrier Fisher's spouse prior to their divorce on Jan 1st, 1983","Who was Carrier Fisher's spouse prior to their divorce on Jan 1st, 1983","Who was Carrier Fisher's spouse prior to their divorce on Jan 1st, 1983
Let's think step by step.",
what does opium do,what does opium do,"what does opium do
Let's think step by step.",
post stamp cost went up,post stamp cost went up,"post stamp cost went up
Let's think step by step.",
Charlotte Perkins Gilman wrote a autobiography with how many words?,Charlotte Perkins Gilman wrote a autobiography with how many words?,"Charlotte Perkins Gilman wrote a autobiography with how many words?
Let's think step by step.",
is the name iman for a boy or girl,is the name iman for a boy or girl,"is the name iman for a boy or girl
Let's think step by step.",
what foods contain lupin,what foods contain lupin,"what foods contain lupin
Let's think step by step.",
should drinking age be lowering positives,should drinking age be lowering positives,"should drinking age be lowering positives
Let's think step by step.",
average rainfall in pune,average rainfall in pune,"average rainfall in pune
Let's think step by step.",
what is skin disease called vitiligo,what is skin disease called vitiligo,"what is skin disease called vitiligo
Let's think step by step.",
What was the 1971 television film directed by Steven Spielburg in which the winner of an Emmy Award for Best Supporting Actor (Continuing Character) in a Dramatic Series appeared? ,What was the 1971 television film directed by Steven Spielburg in which the winner of an Emmy Award for Best Supporting Actor (Continuing Character) in a Dramatic Series appeared? ,"What was the 1971 television film directed by Steven Spielburg in which the winner of an Emmy Award for Best Supporting Actor (Continuing Character) in a Dramatic Series appeared? 
Let's think step by step.",
When was the physicist who hosted Wonders of the Solar System born? ,When was the physicist who hosted Wonders of the Solar System born? ,"When was the physicist who hosted Wonders of the Solar System born? 
Let's think step by step.",
where is pectineus muscle,where is pectineus muscle,"where is pectineus muscle
Let's think step by step.",
What is the specific gravity of lemonade?,What is the specific gravity of lemonade?,"What is the specific gravity of lemonade?
Let's think step by step.",
What is the name of the county seat of Herat that was disestablished in 1-1-1507?,What is the name of the county seat of Herat that was disestablished in 1-1-1507?,"What is the name of the county seat of Herat that was disestablished in 1-1-1507?
Let's think step by step.",
"The current host of ""Heresy"" writes weekly columns for what paper?","The current host of ""Heresy"" writes weekly columns for what paper?","The current host of ""Heresy"" writes weekly columns for what paper?
Let's think step by step.",
"Is Janet Jackson, the performer, single?","Is Janet Jackson, the performer, single?","Is Janet Jackson, the performer, single?
Let's think step by step.",
Cathode rays were first named by which German physicist?,Cathode rays were first named by which German physicist?,"Cathode rays were first named by which German physicist?
Let's think step by step.",
The Oster Conspiracy hoped to reinstate the grandson of which British Monarch as Emperor? ,The Oster Conspiracy hoped to reinstate the grandson of which British Monarch as Emperor? ,"The Oster Conspiracy hoped to reinstate the grandson of which British Monarch as Emperor? 
Let's think step by step.",
what are different types of starches,what are different types of starches,"what are different types of starches
Let's think step by step.",
"Which baseball franchise has featured in the MLB in Milwaukee, then St. Louis, before moving to its current location, and counts the trailblazing Dominican Ozzie Virgil Sr. among its former players?","Which baseball franchise has featured in the MLB in Milwaukee, then St. Louis, before moving to its current location, and counts the trailblazing Dominican Ozzie Virgil Sr. among its former players?","Which baseball franchise has featured in the MLB in Milwaukee, then St. Louis, before moving to its current location, and counts the trailblazing Dominican Ozzie Virgil Sr. among its former players?
Let's think step by step.",
what do fossils in the same rock layer show,what do fossils in the same rock layer show,"what do fossils in the same rock layer show
Let's think step by step.",
what is urogynecology surgery,what is urogynecology surgery,"what is urogynecology surgery
Let's think step by step.",
what is a calligram poem example,what is a calligram poem example,"what is a calligram poem example
Let's think step by step.",
how to become anesthesiologist assistant,how to become anesthesiologist assistant,"how to become anesthesiologist assistant
Let's think step by step.",
What was the primary position that Giovanni Drenthe's older brother player?,What was the primary position that Giovanni Drenthe's older brother player?,"What was the primary position that Giovanni Drenthe's older brother player?
Let's think step by step.",
Which fork of the Nile has its orgins in Lake Tana?,Which fork of the Nile has its orgins in Lake Tana?,"Which fork of the Nile has its orgins in Lake Tana?
Let's think step by step.",
what is the average pay of a dental assistant in arkansas,what is the average pay of a dental assistant in arkansas,"what is the average pay of a dental assistant in arkansas
Let's think step by step.",
what year was the first microscope invented,what year was the first microscope invented,"what year was the first microscope invented
Let's think step by step.",
is aortic atherosclerosis peripheral vascular disease,is aortic atherosclerosis peripheral vascular disease,"is aortic atherosclerosis peripheral vascular disease
Let's think step by step.",
what is the physical relationship of the intercostal muscles,what is the physical relationship of the intercostal muscles,"what is the physical relationship of the intercostal muscles
Let's think step by step.",
"Lino Schmidek Machado Facioli played Naples in which 2010 American black comedy film written, produced and directed by Nicholas Stoller and starring Russell Brand and Jonah Hill?","Lino Schmidek Machado Facioli played Naples in which 2010 American black comedy film written, produced and directed by Nicholas Stoller and starring Russell Brand and Jonah Hill?","Lino Schmidek Machado Facioli played Naples in which 2010 American black comedy film written, produced and directed by Nicholas Stoller and starring Russell Brand and Jonah Hill?
Let's think step by step.",
"Scott Eastwood (born Scott Clinton Reeves; March 21, 1986) is an American actor, model, and professional skydiver, he has appeared in which 2008 film American drama film directed and produced by Clint Eastwood, who also starred in the film, and co-stars Christopher Carley, Bee Vang and Ahney Her?","Scott Eastwood (born Scott Clinton Reeves; March 21, 1986) is an American actor, model, and professional skydiver, he has appeared in which 2008 film American drama film directed and produced by Clint Eastwood, who also starred in the film, and co-stars Christopher Carley, Bee Vang and Ahney Her?","Scott Eastwood (born Scott Clinton Reeves; March 21, 1986) is an American actor, model, and professional skydiver, he has appeared in which 2008 film American drama film directed and produced by Clint Eastwood, who also starred in the film, and co-stars Christopher Carley, Bee Vang and Ahney Her?
Let's think step by step.",
"Who wrote the supernatural investigation novel which derives its title from a line in the ""nunnery scene"" soliloquy of the play ""Hamlet""?","Who wrote the supernatural investigation novel which derives its title from a line in the ""nunnery scene"" soliloquy of the play ""Hamlet""?","Who wrote the supernatural investigation novel which derives its title from a line in the ""nunnery scene"" soliloquy of the play ""Hamlet""?
Let's think step by step.",
Are Chesapeake and Ohio Canal and Lake Worth Lagoon both located in Florida?,Are Chesapeake and Ohio Canal and Lake Worth Lagoon both located in Florida?,"Are Chesapeake and Ohio Canal and Lake Worth Lagoon both located in Florida?
Let's think step by step.",
what is the meaning of livia,what is the meaning of livia,"what is the meaning of livia
Let's think step by step.",
"Derek St. Holmes and Max Bemis, are guitar players?","Derek St. Holmes and Max Bemis, are guitar players?","Derek St. Holmes and Max Bemis, are guitar players?
Let's think step by step.",
"Which genus contains more species, Anchusa or Parkinsonia?","Which genus contains more species, Anchusa or Parkinsonia?","Which genus contains more species, Anchusa or Parkinsonia?
Let's think step by step.",
types of antimicrobial peptides,types of antimicrobial peptides,"types of antimicrobial peptides
Let's think step by step.",
Dylan Guthro is based in the municipality that had a population of what in 2016?,Dylan Guthro is based in the municipality that had a population of what in 2016?,"Dylan Guthro is based in the municipality that had a population of what in 2016?
Let's think step by step.",
When was the American singer and musician born who was also the client of Vern Yocum?,When was the American singer and musician born who was also the client of Vern Yocum?,"When was the American singer and musician born who was also the client of Vern Yocum?
Let's think step by step.",
why is kaliningrad where it is,why is kaliningrad where it is,"why is kaliningrad where it is
Let's think step by step.",
definition of rebozo,definition of rebozo,"definition of rebozo
Let's think step by step.",
The current occupant of the Candy Desk is a senator born in which year ?,The current occupant of the Candy Desk is a senator born in which year ?,"The current occupant of the Candy Desk is a senator born in which year ?
Let's think step by step.",
Who directed the film in which Matthew Marsh played Alexander Haig?,Who directed the film in which Matthew Marsh played Alexander Haig?,"Who directed the film in which Matthew Marsh played Alexander Haig?
Let's think step by step.",
how can medication help someone with rheumatoid arthritis,how can medication help someone with rheumatoid arthritis,"how can medication help someone with rheumatoid arthritis
Let's think step by step.",
which idea was included in the provision of the treaty of versailles to show the intent,which idea was included in the provision of the treaty of versailles to show the intent,"which idea was included in the provision of the treaty of versailles to show the intent
Let's think step by step.",
outdoor antenna installation cost,outdoor antenna installation cost,"outdoor antenna installation cost
Let's think step by step.",
Muffie Cabot was the social secretary to an American film actress who was the wife of which president of the United States?,Muffie Cabot was the social secretary to an American film actress who was the wife of which president of the United States?,"Muffie Cabot was the social secretary to an American film actress who was the wife of which president of the United States?
Let's think step by step.",
Bong Joon-ho's latest directorial credit is which 2017 action-adventure film?,Bong Joon-ho's latest directorial credit is which 2017 action-adventure film?,"Bong Joon-ho's latest directorial credit is which 2017 action-adventure film?
Let's think step by step.",
Snoop Dogg is part of which music subgenre that encompasses any artists or music that originate in the West Coast of the United States?,Snoop Dogg is part of which music subgenre that encompasses any artists or music that originate in the West Coast of the United States?,"Snoop Dogg is part of which music subgenre that encompasses any artists or music that originate in the West Coast of the United States?
Let's think step by step.",
what does suppressor mean,what does suppressor mean,"what does suppressor mean
Let's think step by step.",
dupuytren's disease pronunciation,dupuytren's disease pronunciation,"dupuytren's disease pronunciation
Let's think step by step.",
"Why did the actor who played Leo on ""That 70's Show"" stop touring with ""The Marijuana-logues?""","Why did the actor who played Leo on ""That 70's Show"" stop touring with ""The Marijuana-logues?""","Why did the actor who played Leo on ""That 70's Show"" stop touring with ""The Marijuana-logues?""
Let's think step by step.",
"Alan Rait (9 November 1908 – 24 March 1965) was an Australian rules footballer who played for Footscray in the Victorian Football League (VFL), and also played with which Australian rules football club which last played in the Tasmanian State League, nicknamed ""The Demons""?","Alan Rait (9 November 1908 – 24 March 1965) was an Australian rules footballer who played for Footscray in the Victorian Football League (VFL), and also played with which Australian rules football club which last played in the Tasmanian State League, nicknamed ""The Demons""?","Alan Rait (9 November 1908 – 24 March 1965) was an Australian rules footballer who played for Footscray in the Victorian Football League (VFL), and also played with which Australian rules football club which last played in the Tasmanian State League, nicknamed ""The Demons""?
Let's think step by step.",
how many hours from delta,how many hours from delta,"how many hours from delta
Let's think step by step.",
"Pherenikos is celebrated in epinikions, what are they?","Pherenikos is celebrated in epinikions, what are they?","Pherenikos is celebrated in epinikions, what are they?
Let's think step by step.",
how long to get rn after lpn,how long to get rn after lpn,"how long to get rn after lpn
Let's think step by step.",
what is a deer tick,what is a deer tick,"what is a deer tick
Let's think step by step.",
how much does it cost to buy equipment for a gym,how much does it cost to buy equipment for a gym,"how much does it cost to buy equipment for a gym
Let's think step by step.",
what is the constitution act,what is the constitution act,"what is the constitution act
Let's think step by step.",
"The Order of Saint Michael the Archangel and Maria Vladimirovna, Grand Duchess of Russia have both been involved with which house?","The Order of Saint Michael the Archangel and Maria Vladimirovna, Grand Duchess of Russia have both been involved with which house?","The Order of Saint Michael the Archangel and Maria Vladimirovna, Grand Duchess of Russia have both been involved with which house?
Let's think step by step.",
what is the origin of the phrase hat trick,what is the origin of the phrase hat trick,"what is the origin of the phrase hat trick
Let's think step by step.",
What country of origin does Joey Stivic and Jean Stapleton have in common?,What country of origin does Joey Stivic and Jean Stapleton have in common?,"What country of origin does Joey Stivic and Jean Stapleton have in common?
Let's think step by step.",
what cheese is stilton like,what cheese is stilton like,"what cheese is stilton like
Let's think step by step.",
"What is named after its developers, the Beetham Organisation, and is housed with what is ""the UK's first proper skyscraper outside London""?","What is named after its developers, the Beetham Organisation, and is housed with what is ""the UK's first proper skyscraper outside London""?","What is named after its developers, the Beetham Organisation, and is housed with what is ""the UK's first proper skyscraper outside London""?
Let's think step by step.",
"English actor Ben Batt appeared in ""Scott & Bailey"" as DC Kevin Lumb, the show features what fictional police team?","English actor Ben Batt appeared in ""Scott & Bailey"" as DC Kevin Lumb, the show features what fictional police team?","English actor Ben Batt appeared in ""Scott & Bailey"" as DC Kevin Lumb, the show features what fictional police team?
Let's think step by step.",
cost per square foot to build a house in tennessee,cost per square foot to build a house in tennessee,"cost per square foot to build a house in tennessee
Let's think step by step.",
"Chitwan National Park and Sites of Japan’s Meiji Industrial Revolution: Iron and Steel, Shipbuilding and Coal Mining are located in Europe?","Chitwan National Park and Sites of Japan’s Meiji Industrial Revolution: Iron and Steel, Shipbuilding and Coal Mining are located in Europe?","Chitwan National Park and Sites of Japan’s Meiji Industrial Revolution: Iron and Steel, Shipbuilding and Coal Mining are located in Europe?
Let's think step by step.",
Which casino in Louisiana is a new Vic & Anthony's supposed to open in?,Which casino in Louisiana is a new Vic & Anthony's supposed to open in?,"Which casino in Louisiana is a new Vic & Anthony's supposed to open in?
Let's think step by step.",
"What was another name for Chinese statesman, Chiang Kai-shek, in which the Battle of Shangcai was fought between the National Revolutionary Army and a coalition who opposed him?","What was another name for Chinese statesman, Chiang Kai-shek, in which the Battle of Shangcai was fought between the National Revolutionary Army and a coalition who opposed him?","What was another name for Chinese statesman, Chiang Kai-shek, in which the Battle of Shangcai was fought between the National Revolutionary Army and a coalition who opposed him?
Let's think step by step.",
"Was the boxing match between Carl Froch vs. George Groves, billed as the ""Battle of Britain"", held indoors or outdoors?","Was the boxing match between Carl Froch vs. George Groves, billed as the ""Battle of Britain"", held indoors or outdoors?","Was the boxing match between Carl Froch vs. George Groves, billed as the ""Battle of Britain"", held indoors or outdoors?
Let's think step by step.",
average cost for lawn cutting in media pa,average cost for lawn cutting in media pa,"average cost for lawn cutting in media pa
Let's think step by step.",
what is trustpilot,what is trustpilot,"what is trustpilot
Let's think step by step.",
How do you say the month of March in Anglo-Saxon?,How do you say the month of March in Anglo-Saxon?,"How do you say the month of March in Anglo-Saxon?
Let's think step by step.",
"Victoria Azarenka and Caroline Wozniacki, were the defending champions, but they chose to compete in 2010 Dubai Tennis Championships instead, Vania King and Michaëlla Krajicek won in the final against Meghann Shaughnessy, and which U.S. professional tennis player who is presently ranked No. 2, in the women's doubles rankings?","Victoria Azarenka and Caroline Wozniacki, were the defending champions, but they chose to compete in 2010 Dubai Tennis Championships instead, Vania King and Michaëlla Krajicek won in the final against Meghann Shaughnessy, and which U.S. professional tennis player who is presently ranked No. 2, in the women's doubles rankings?","Victoria Azarenka and Caroline Wozniacki, were the defending champions, but they chose to compete in 2010 Dubai Tennis Championships instead, Vania King and Michaëlla Krajicek won in the final against Meghann Shaughnessy, and which U.S. professional tennis player who is presently ranked No. 2, in the women's doubles rankings?
Let's think step by step.",
"The pop singer in the lead role in ""Tere Bin Laden"" received how many Lux Style Awards?","The pop singer in the lead role in ""Tere Bin Laden"" received how many Lux Style Awards?","The pop singer in the lead role in ""Tere Bin Laden"" received how many Lux Style Awards?
Let's think step by step.",
is castle hill bronx dangerous,is castle hill bronx dangerous,"is castle hill bronx dangerous
Let's think step by step.",
What was the nickname of the player that won the 2015 Dafabet Masters snooker tournament?,What was the nickname of the player that won the 2015 Dafabet Masters snooker tournament?,"What was the nickname of the player that won the 2015 Dafabet Masters snooker tournament?
Let's think step by step.",
how much fluid should a person drink daily,how much fluid should a person drink daily,"how much fluid should a person drink daily
Let's think step by step.",
John Kassir and Tom Kenny both voice this one character?,John Kassir and Tom Kenny both voice this one character?,"John Kassir and Tom Kenny both voice this one character?
Let's think step by step.",
What is the language regulatory body and country of Urdu?,What is the language regulatory body and country of Urdu?,"What is the language regulatory body and country of Urdu?
Let's think step by step.",
The Jumbles Reservoir is now owned by a water company founded in what year?,The Jumbles Reservoir is now owned by a water company founded in what year?,"The Jumbles Reservoir is now owned by a water company founded in what year?
Let's think step by step.",
how can you increase the kinetic energy of an object,how can you increase the kinetic energy of an object,"how can you increase the kinetic energy of an object
Let's think step by step.",
"What is the middle name of the artist who recorded the album ""Walk The Way The Wind Blows?""","What is the middle name of the artist who recorded the album ""Walk The Way The Wind Blows?""","What is the middle name of the artist who recorded the album ""Walk The Way The Wind Blows?""
Let's think step by step.",
what is the average salary of a home inspector in dallas texas,what is the average salary of a home inspector in dallas texas,"what is the average salary of a home inspector in dallas texas
Let's think step by step.",
what does diaphragmatic breathing do pelvic floor,what does diaphragmatic breathing do pelvic floor,"what does diaphragmatic breathing do pelvic floor
Let's think step by step.",
what is waterfall style furniture,what is waterfall style furniture,"what is waterfall style furniture
Let's think step by step.",
"What came out first, ""Touching the Void"" or ""All Aboard! Rosie's Family Cruise""?","What came out first, ""Touching the Void"" or ""All Aboard! Rosie's Family Cruise""?","What came out first, ""Touching the Void"" or ""All Aboard! Rosie's Family Cruise""?
Let's think step by step.",
what is enzyme role in protein synthesis,what is enzyme role in protein synthesis,"what is enzyme role in protein synthesis
Let's think step by step.",
The Rutan Voyager was piloted by the pilot and aviator from what branch of the armed forces?,The Rutan Voyager was piloted by the pilot and aviator from what branch of the armed forces?,"The Rutan Voyager was piloted by the pilot and aviator from what branch of the armed forces?
Let's think step by step.",
Are Georges Bataille and David Lodge from the same country?,Are Georges Bataille and David Lodge from the same country?,"Are Georges Bataille and David Lodge from the same country?
Let's think step by step.",
how long does it take to heal a pulled back muscle,how long does it take to heal a pulled back muscle,"how long does it take to heal a pulled back muscle
Let's think step by step.",
"Which song was the lead single For the Black Eyed Peas 5th studio Album that sampled ""take a dive""?","Which song was the lead single For the Black Eyed Peas 5th studio Album that sampled ""take a dive""?","Which song was the lead single For the Black Eyed Peas 5th studio Album that sampled ""take a dive""?
Let's think step by step.",
"The serial drama Bikhra Mera Naseeb, written by Saima Youmkus, made it's debut on what Pakastani television channel, which is owned by Geo Television Network?","The serial drama Bikhra Mera Naseeb, written by Saima Youmkus, made it's debut on what Pakastani television channel, which is owned by Geo Television Network?","The serial drama Bikhra Mera Naseeb, written by Saima Youmkus, made it's debut on what Pakastani television channel, which is owned by Geo Television Network?
Let's think step by step.",
Are Morten Harket and Ian Curtis members of bands which have the same musical style?,Are Morten Harket and Ian Curtis members of bands which have the same musical style?,"Are Morten Harket and Ian Curtis members of bands which have the same musical style?
Let's think step by step.",
herd manager salary,herd manager salary,"herd manager salary
Let's think step by step.",
how to raise humidity in incubator,how to raise humidity in incubator,"how to raise humidity in incubator
Let's think step by step.",
Which actor was born Steven James Anderson in 1964 and starred in the American action film the Package?,Which actor was born Steven James Anderson in 1964 and starred in the American action film the Package?,"Which actor was born Steven James Anderson in 1964 and starred in the American action film the Package?
Let's think step by step.",
What philosophy is the food writer who rated The Riverside Restaurant as one of his top five seafood restaurants know for?,What philosophy is the food writer who rated The Riverside Restaurant as one of his top five seafood restaurants know for?,"What philosophy is the food writer who rated The Riverside Restaurant as one of his top five seafood restaurants know for?
Let's think step by step.",
During what war was Nina Ulyanenko an air ace?,During what war was Nina Ulyanenko an air ace?,"During what war was Nina Ulyanenko an air ace?
Let's think step by step.",
Tell me conflict whose name has the word wars in it.,Tell me conflict whose name has the word wars in it.,"Tell me conflict whose name has the word wars in it.
Let's think step by step.",
On what planet did the Supreme Intelligence originate?,On what planet did the Supreme Intelligence originate?,"On what planet did the Supreme Intelligence originate?
Let's think step by step.",
"Which musical act was active first, APB or Hozier?","Which musical act was active first, APB or Hozier?","Which musical act was active first, APB or Hozier?
Let's think step by step.",
what type of solid is si,what type of solid is si,"what type of solid is si
Let's think step by step.",
During which period did mammals first appear?,During which period did mammals first appear?,"During which period did mammals first appear?
Let's think step by step.",
what are triglycerides made of,what are triglycerides made of,"what are triglycerides made of
Let's think step by step.",
When was the Colombian drug lord which was one of the Medellín Cartel with Jorge Luis Ochoa Vásquez born? ,When was the Colombian drug lord which was one of the Medellín Cartel with Jorge Luis Ochoa Vásquez born? ,"When was the Colombian drug lord which was one of the Medellín Cartel with Jorge Luis Ochoa Vásquez born? 
Let's think step by step.",
Lynn McGruder attended college in what town?,Lynn McGruder attended college in what town?,"Lynn McGruder attended college in what town?
Let's think step by step.",
"Rolex SA, is a Swiss luxury watchmaker, and was co founded, in which year, by Hans Wilsdorf, a German watchmaker, and the founder of noted watch brands Rolex and Tudor?","Rolex SA, is a Swiss luxury watchmaker, and was co founded, in which year, by Hans Wilsdorf, a German watchmaker, and the founder of noted watch brands Rolex and Tudor?","Rolex SA, is a Swiss luxury watchmaker, and was co founded, in which year, by Hans Wilsdorf, a German watchmaker, and the founder of noted watch brands Rolex and Tudor?
Let's think step by step.",
"Taktisches Luftwaffengeschwader 33, formerly known as Jagdbombergeschwader 33, the wing is based at which air base, a fighter-bomber wing of the German Air Force (""Luftwaffe""), the wing flies the Panavia Tornado IDS?","Taktisches Luftwaffengeschwader 33, formerly known as Jagdbombergeschwader 33, the wing is based at which air base, a fighter-bomber wing of the German Air Force (""Luftwaffe""), the wing flies the Panavia Tornado IDS?","Taktisches Luftwaffengeschwader 33, formerly known as Jagdbombergeschwader 33, the wing is based at which air base, a fighter-bomber wing of the German Air Force (""Luftwaffe""), the wing flies the Panavia Tornado IDS?
Let's think step by step.",
what does an electrician do,what does an electrician do,"what does an electrician do
Let's think step by step.",
can tile make a sound,can tile make a sound,"can tile make a sound
Let's think step by step.",
differences between a gene and dna,differences between a gene and dna,"differences between a gene and dna
Let's think step by step.",
"Between Gravel v. United States and Hamdan v. Rumsfeld, which case involved military commissions set up by the Bush administration?","Between Gravel v. United States and Hamdan v. Rumsfeld, which case involved military commissions set up by the Bush administration?","Between Gravel v. United States and Hamdan v. Rumsfeld, which case involved military commissions set up by the Bush administration?
Let's think step by step.",
"Ignite Your Faith and Reunions magazine, are which type of media?","Ignite Your Faith and Reunions magazine, are which type of media?","Ignite Your Faith and Reunions magazine, are which type of media?
Let's think step by step.",
Beyond Our Ken and High Paddock were connected though what?,Beyond Our Ken and High Paddock were connected though what?,"Beyond Our Ken and High Paddock were connected though what?
Let's think step by step.",
who came in 4th place at the world series poker the year that the world champion had qualified from an online poker site ?,who came in 4th place at the world series poker the year that the world champion had qualified from an online poker site ?,"who came in 4th place at the world series poker the year that the world champion had qualified from an online poker site ?
Let's think step by step.",
"Which of these is in the African violet family, Maclura or Petrocosmea?","Which of these is in the African violet family, Maclura or Petrocosmea?","Which of these is in the African violet family, Maclura or Petrocosmea?
Let's think step by step.",
major limitation of dna polymerase,major limitation of dna polymerase,"major limitation of dna polymerase
Let's think step by step.",
In what industry are both Sarah Price and Gordon Wiles known?,In what industry are both Sarah Price and Gordon Wiles known?,"In what industry are both Sarah Price and Gordon Wiles known?
Let's think step by step.",
how does an ocean wave become a breaker at the shoreline,how does an ocean wave become a breaker at the shoreline,"how does an ocean wave become a breaker at the shoreline
Let's think step by step.",
how much sleep should my infant have?,how much sleep should my infant have?,"how much sleep should my infant have?
Let's think step by step.",
ANCAP is a state-owned company involved in the production of a basic ingredient of concrete which was patented in what year?,ANCAP is a state-owned company involved in the production of a basic ingredient of concrete which was patented in what year?,"ANCAP is a state-owned company involved in the production of a basic ingredient of concrete which was patented in what year?
Let's think step by step.",
signs your anemia is getting worse,signs your anemia is getting worse,"signs your anemia is getting worse
Let's think step by step.",
how to light backlit keyboard on dell,how to light backlit keyboard on dell,"how to light backlit keyboard on dell
Let's think step by step.",
sgot levels normal range,sgot levels normal range,"sgot levels normal range
Let's think step by step.",
cost of solar pool heater,cost of solar pool heater,"cost of solar pool heater
Let's think step by step.",
what is the origin of acupuncture,what is the origin of acupuncture,"what is the origin of acupuncture
Let's think step by step.",
Was Brentwood Cathedral or Bradford Cathedral known as the parish church of St Peter for most of it's history?,Was Brentwood Cathedral or Bradford Cathedral known as the parish church of St Peter for most of it's history?,"Was Brentwood Cathedral or Bradford Cathedral known as the parish church of St Peter for most of it's history?
Let's think step by step.",
"Andrew George McCabe is an American attorney, who is the Deputy Director of the Federal Bureau of Investigation, McCabe became Acting Director of the FBI after James Comey was dismissed, James Brien Comey Jr. (born December 14, 1960) is an American lawyer who served as the seventh Director of the FBI from September 4, 2013, until which date?","Andrew George McCabe is an American attorney, who is the Deputy Director of the Federal Bureau of Investigation, McCabe became Acting Director of the FBI after James Comey was dismissed, James Brien Comey Jr. (born December 14, 1960) is an American lawyer who served as the seventh Director of the FBI from September 4, 2013, until which date?","Andrew George McCabe is an American attorney, who is the Deputy Director of the Federal Bureau of Investigation, McCabe became Acting Director of the FBI after James Comey was dismissed, James Brien Comey Jr. (born December 14, 1960) is an American lawyer who served as the seventh Director of the FBI from September 4, 2013, until which date?
Let's think step by step.",
"what stores a substance called bile, which physically breaks down fat droplets","what stores a substance called bile, which physically breaks down fat droplets","what stores a substance called bile, which physically breaks down fat droplets
Let's think step by step.",
"Which caused more damage and casualties, Hurricane Andrew or Tropical Storm Jerry?","Which caused more damage and casualties, Hurricane Andrew or Tropical Storm Jerry?","Which caused more damage and casualties, Hurricane Andrew or Tropical Storm Jerry?
Let's think step by step.",
Together is a Hungarian political party that contrasted the government of the Prime Minister who has held the post since what year?,Together is a Hungarian political party that contrasted the government of the Prime Minister who has held the post since what year?,"Together is a Hungarian political party that contrasted the government of the Prime Minister who has held the post since what year?
Let's think step by step.",
what is mef example,what is mef example,"what is mef example
Let's think step by step.",
Zhang Xiaoming is currently serving as the Director of an administrative agency responsible for promoting cooperation and coordination of what?,Zhang Xiaoming is currently serving as the Director of an administrative agency responsible for promoting cooperation and coordination of what?,"Zhang Xiaoming is currently serving as the Director of an administrative agency responsible for promoting cooperation and coordination of what?
Let's think step by step.",
Who was known for his main role in  American cable television series created for FX by Noah Hawley?,Who was known for his main role in  American cable television series created for FX by Noah Hawley?,"Who was known for his main role in  American cable television series created for FX by Noah Hawley?
Let's think step by step.",
long distance lorry driver pay,long distance lorry driver pay,"long distance lorry driver pay
Let's think step by step.",
"The Nightingale is a historical fiction novel, published in 2015, and written by Kristin Hannah, an award-winning and bestselling American writer, who has won numerous awards, including the Golden Heart, the Maggie, and the National Reader's Choice award, in what year?","The Nightingale is a historical fiction novel, published in 2015, and written by Kristin Hannah, an award-winning and bestselling American writer, who has won numerous awards, including the Golden Heart, the Maggie, and the National Reader's Choice award, in what year?","The Nightingale is a historical fiction novel, published in 2015, and written by Kristin Hannah, an award-winning and bestselling American writer, who has won numerous awards, including the Golden Heart, the Maggie, and the National Reader's Choice award, in what year?
Let's think step by step.",
"Who is the commissioner of the Mountain West Conference, where the New Mexico Lobos play football?","Who is the commissioner of the Mountain West Conference, where the New Mexico Lobos play football?","Who is the commissioner of the Mountain West Conference, where the New Mexico Lobos play football?
Let's think step by step.",
How many significant events involved John Paul II?,How many significant events involved John Paul II?,"How many significant events involved John Paul II?
Let's think step by step.",
"Gliricidia sepium, often simply referred to as Gliricidia, and  ""madreado"" in which republic in Central America?","Gliricidia sepium, often simply referred to as Gliricidia, and  ""madreado"" in which republic in Central America?","Gliricidia sepium, often simply referred to as Gliricidia, and  ""madreado"" in which republic in Central America?
Let's think step by step.",
"he Crewe and Nantwich by-election, 2008 was a parliamentary by-election held on 22 May 2008, for the British House of Commons constituency of Crewe and Nantwich, election was won by which British Conservative Party politician?","he Crewe and Nantwich by-election, 2008 was a parliamentary by-election held on 22 May 2008, for the British House of Commons constituency of Crewe and Nantwich, election was won by which British Conservative Party politician?","he Crewe and Nantwich by-election, 2008 was a parliamentary by-election held on 22 May 2008, for the British House of Commons constituency of Crewe and Nantwich, election was won by which British Conservative Party politician?
Let's think step by step.",
What is name of the higher taxon of Medicago sativa whose vernacular name is אספסת?,What is name of the higher taxon of Medicago sativa whose vernacular name is אספסת?,"What is name of the higher taxon of Medicago sativa whose vernacular name is אספסת?
Let's think step by step.",
new right definition of poverty,new right definition of poverty,"new right definition of poverty
Let's think step by step.",
What two teams played in the final to advance to the npower Championship?,What two teams played in the final to advance to the npower Championship?,"What two teams played in the final to advance to the npower Championship?
Let's think step by step.",
base currency and term currency,base currency and term currency,"base currency and term currency
Let's think step by step.",
A. J. Francis played football for the team that represents what university?,A. J. Francis played football for the team that represents what university?,"A. J. Francis played football for the team that represents what university?
Let's think step by step.",
"Were A Funny Thing Happened on the Way to the Moon and Air Force, Incorporated directed by the same person?","Were A Funny Thing Happened on the Way to the Moon and Air Force, Incorporated directed by the same person?","Were A Funny Thing Happened on the Way to the Moon and Air Force, Incorporated directed by the same person?
Let's think step by step.",
what is hh blood group,what is hh blood group,"what is hh blood group
Let's think step by step.",
cost to maintain inground pool,cost to maintain inground pool,"cost to maintain inground pool
Let's think step by step.",
megatropolis definition,megatropolis definition,"megatropolis definition
Let's think step by step.",
what is neem oil used for,what is neem oil used for,"what is neem oil used for
Let's think step by step.",
Is The Hub taller than 56 Leonard Street?,Is The Hub taller than 56 Leonard Street?,"Is The Hub taller than 56 Leonard Street?
Let's think step by step.",
What are the languages spoken by Matthew Perry whose AWLD status is 1 safe?,What are the languages spoken by Matthew Perry whose AWLD status is 1 safe?,"What are the languages spoken by Matthew Perry whose AWLD status is 1 safe?
Let's think step by step.",
David Watkin worked with such film directors as one known for his work on what 1980's film series?,David Watkin worked with such film directors as one known for his work on what 1980's film series?,"David Watkin worked with such film directors as one known for his work on what 1980's film series?
Let's think step by step.",
where is the ear lobe located,where is the ear lobe located,"where is the ear lobe located
Let's think step by step.",
Brady plc's clients include the world's second largest what?,Brady plc's clients include the world's second largest what?,"Brady plc's clients include the world's second largest what?
Let's think step by step.",
"The Hawaiians thought an extinct breed of pariah dog, other than human consumption of the flesh and other edible parts derived from dogs, were what ?","The Hawaiians thought an extinct breed of pariah dog, other than human consumption of the flesh and other edible parts derived from dogs, were what ?","The Hawaiians thought an extinct breed of pariah dog, other than human consumption of the flesh and other edible parts derived from dogs, were what ?
Let's think step by step.",
KBEV-FM is licensed to serve a city in Montana with what population as of the 2010 census?,KBEV-FM is licensed to serve a city in Montana with what population as of the 2010 census?,"KBEV-FM is licensed to serve a city in Montana with what population as of the 2010 census?
Let's think step by step.",
does a narcissist always come back,does a narcissist always come back,"does a narcissist always come back
Let's think step by step.",
what are food microorganisms,what are food microorganisms,"what are food microorganisms
Let's think step by step.",
"Which actor featured in Stage Left: A Story of Theater in San Francisco passed away on August 11, 2014 ?","Which actor featured in Stage Left: A Story of Theater in San Francisco passed away on August 11, 2014 ?","Which actor featured in Stage Left: A Story of Theater in San Francisco passed away on August 11, 2014 ?
Let's think step by step.",
Which is the Power of 10 athlete ID for Paula Radcliffe?,Which is the Power of 10 athlete ID for Paula Radcliffe?,"Which is the Power of 10 athlete ID for Paula Radcliffe?
Let's think step by step.",
The Millionaires' Unit is a documentary that was narrated by which actor?,The Millionaires' Unit is a documentary that was narrated by which actor?,"The Millionaires' Unit is a documentary that was narrated by which actor?
Let's think step by step.",
Which mathematician was the father of physicist Nikolai Borisovich Delone: Jakow Trachtenberg or Boris Delaunay?,Which mathematician was the father of physicist Nikolai Borisovich Delone: Jakow Trachtenberg or Boris Delaunay?,"Which mathematician was the father of physicist Nikolai Borisovich Delone: Jakow Trachtenberg or Boris Delaunay?
Let's think step by step.",
"Which band band released their first album in 2009, Starflyer 59 or Fun?","Which band band released their first album in 2009, Starflyer 59 or Fun?","Which band band released their first album in 2009, Starflyer 59 or Fun?
Let's think step by step.",
"A man who co-wrote ""What A Feeling"" with Mike Needle, Jamie Scott, Dan Bryer and Liam Payne became a member of One Direction after being eliminated from what British music competition series? ","A man who co-wrote ""What A Feeling"" with Mike Needle, Jamie Scott, Dan Bryer and Liam Payne became a member of One Direction after being eliminated from what British music competition series? ","A man who co-wrote ""What A Feeling"" with Mike Needle, Jamie Scott, Dan Bryer and Liam Payne became a member of One Direction after being eliminated from what British music competition series? 
Let's think step by step.",
What is the nationality of the author who wrote the novels on which the British-Irish crime drama television series Quirke is based?,What is the nationality of the author who wrote the novels on which the British-Irish crime drama television series Quirke is based?,"What is the nationality of the author who wrote the novels on which the British-Irish crime drama television series Quirke is based?
Let's think step by step.",
can you watch an employment tribunal,can you watch an employment tribunal,"can you watch an employment tribunal
Let's think step by step.",
does dss include students,does dss include students,"does dss include students
Let's think step by step.",
where is gythion greece,where is gythion greece,"where is gythion greece
Let's think step by step.",
weber surname meaning,weber surname meaning,"weber surname meaning
Let's think step by step.",
what is manipulative therapy,what is manipulative therapy,"what is manipulative therapy
Let's think step by step.",
wHAT IS CABBAGE ETIMOLOGY OF  OF OLYMPIC GAMES SEASON BEGINS ?,wHAT IS CABBAGE ETIMOLOGY OF  OF OLYMPIC GAMES SEASON BEGINS ?,"wHAT IS CABBAGE ETIMOLOGY OF  OF OLYMPIC GAMES SEASON BEGINS ?
Let's think step by step.",
"Which one of The Wreckers singers also sang the song ""A Women Needs""?","Which one of The Wreckers singers also sang the song ""A Women Needs""?","Which one of The Wreckers singers also sang the song ""A Women Needs""?
Let's think step by step.",
CT scan cost for dogs,CT scan cost for dogs,"CT scan cost for dogs
Let's think step by step.",
"The younger brother of Gary Russell Jr. was voted what in 2011 by ""Sports Illustrated"" and ESPN?","The younger brother of Gary Russell Jr. was voted what in 2011 by ""Sports Illustrated"" and ESPN?","The younger brother of Gary Russell Jr. was voted what in 2011 by ""Sports Illustrated"" and ESPN?
Let's think step by step.",
why did repeated american invasion of canada fail,why did repeated american invasion of canada fail,"why did repeated american invasion of canada fail
Let's think step by step.",
what is the highest rank in law enforcement,what is the highest rank in law enforcement,"what is the highest rank in law enforcement
Let's think step by step.",
what is carbon sequestration,what is carbon sequestration,"what is carbon sequestration
Let's think step by step.",
What is the famous last line in the speech about the war guilt of the Germans published by Günther Ruprecht?,What is the famous last line in the speech about the war guilt of the Germans published by Günther Ruprecht?,"What is the famous last line in the speech about the war guilt of the Germans published by Günther Ruprecht?
Let's think step by step.",
What movement did Karl Friedrich Schinkel become a member of in 1835?,What movement did Karl Friedrich Schinkel become a member of in 1835?,"What movement did Karl Friedrich Schinkel become a member of in 1835?
Let's think step by step.",
Which movie did John Cho have a part in in which four friends are trying to lose their virginity?,Which movie did John Cho have a part in in which four friends are trying to lose their virginity?,"Which movie did John Cho have a part in in which four friends are trying to lose their virginity?
Let's think step by step.",
Which city contains the administrative territorial entity of Guangdong?,Which city contains the administrative territorial entity of Guangdong?,"Which city contains the administrative territorial entity of Guangdong?
Let's think step by step.",
how much should it cost to add an prefab walk in shower,how much should it cost to add an prefab walk in shower,"how much should it cost to add an prefab walk in shower
Let's think step by step.",
how long will I be off work with a lisfranc surgery,how long will I be off work with a lisfranc surgery,"how long will I be off work with a lisfranc surgery
Let's think step by step.",
What do The Tea Party and Train have in common? ,What do The Tea Party and Train have in common? ,"What do The Tea Party and Train have in common? 
Let's think step by step.",
Does the net tonnage of the Maggie Lee equal 8?,Does the net tonnage of the Maggie Lee equal 8?,"Does the net tonnage of the Maggie Lee equal 8?
Let's think step by step.",
"Which plant has more species, Lithophragma or Adonis?","Which plant has more species, Lithophragma or Adonis?","Which plant has more species, Lithophragma or Adonis?
Let's think step by step.",
In which county is this former estate of the heir to a U.S. Steel fortune located where George A. Crawley constructed a house?,In which county is this former estate of the heir to a U.S. Steel fortune located where George A. Crawley constructed a house?,"In which county is this former estate of the heir to a U.S. Steel fortune located where George A. Crawley constructed a house?
Let's think step by step.",
what is bison,what is bison,"what is bison
Let's think step by step.",
what temperature is a fever TO MELT LEAD,what temperature is a fever TO MELT LEAD,"what temperature is a fever TO MELT LEAD
Let's think step by step.",
what type of food do zulus eat,what type of food do zulus eat,"what type of food do zulus eat
Let's think step by step.",
Who is the contestant of Descendants of the Sun?,Who is the contestant of Descendants of the Sun?,"Who is the contestant of Descendants of the Sun?
Let's think step by step.",
What position was held by Boutros Boutros-Ghali in 1992?,What position was held by Boutros Boutros-Ghali in 1992?,"What position was held by Boutros Boutros-Ghali in 1992?
Let's think step by step.",
what are the organs in the body,what are the organs in the body,"what are the organs in the body
Let's think step by step.",
what is tplo in dogs,what is tplo in dogs,"what is tplo in dogs
Let's think step by step.",
"The 22nd TCA Awards were hosted by an american actress best known for portraying who in the Fox action thriller series ""24""?","The 22nd TCA Awards were hosted by an american actress best known for portraying who in the Fox action thriller series ""24""?","The 22nd TCA Awards were hosted by an american actress best known for portraying who in the Fox action thriller series ""24""?
Let's think step by step.",
What is Czech Registration ID for Prague ?,What is Czech Registration ID for Prague ?,"What is Czech Registration ID for Prague ?
Let's think step by step.",
"The song ""Pookkalae Sattru Oyivedungal"" is sung by a musician born in what year?","The song ""Pookkalae Sattru Oyivedungal"" is sung by a musician born in what year?","The song ""Pookkalae Sattru Oyivedungal"" is sung by a musician born in what year?
Let's think step by step.",
Brian Henson and Pedro Costa have both worked what occupation?,Brian Henson and Pedro Costa have both worked what occupation?,"Brian Henson and Pedro Costa have both worked what occupation?
Let's think step by step.",
what are organelles discrete structures found inside all cells that have a specific function,what are organelles discrete structures found inside all cells that have a specific function,"what are organelles discrete structures found inside all cells that have a specific function
Let's think step by step.",
"\Which musician was a member of Genesis, Ray Wilson or Thomas Erak?","\Which musician was a member of Genesis, Ray Wilson or Thomas Erak?","\Which musician was a member of Genesis, Ray Wilson or Thomas Erak?
Let's think step by step.",
what is the name of the edge of a sidewalk called,what is the name of the edge of a sidewalk called,"what is the name of the edge of a sidewalk called
Let's think step by step.",
Dorothea von Salviati's father-in-law was born on what date?,Dorothea von Salviati's father-in-law was born on what date?,"Dorothea von Salviati's father-in-law was born on what date?
Let's think step by step.",
In what NY neighborhood was Charlie Sheen born?,In what NY neighborhood was Charlie Sheen born?,"In what NY neighborhood was Charlie Sheen born?
Let's think step by step.",
average salary for an nfl scout,average salary for an nfl scout,"average salary for an nfl scout
Let's think step by step.",
Madeline Lee Gilford was married to the actor who was nominated for an Academy Award for what movie?,Madeline Lee Gilford was married to the actor who was nominated for an Academy Award for what movie?,"Madeline Lee Gilford was married to the actor who was nominated for an Academy Award for what movie?
Let's think step by step.",
"Sugarloaf Regional Airport is owned by a town with a population of what, as of the 2010 census?","Sugarloaf Regional Airport is owned by a town with a population of what, as of the 2010 census?","Sugarloaf Regional Airport is owned by a town with a population of what, as of the 2010 census?
Let's think step by step.",
"Europop included the lead single, released on what date?","Europop included the lead single, released on what date?","Europop included the lead single, released on what date?
Let's think step by step.",
what is hotep,what is hotep,"what is hotep
Let's think step by step.",
is a covalent or ionic bond stronger,is a covalent or ionic bond stronger,"is a covalent or ionic bond stronger
Let's think step by step.",
did the dawes act provide american citizenship,did the dawes act provide american citizenship,"did the dawes act provide american citizenship
Let's think step by step.",
"In which county in the state of Maine, United States, did a prominent member of the Bahá'í Faith die in 1951?","In which county in the state of Maine, United States, did a prominent member of the Bahá'í Faith die in 1951?","In which county in the state of Maine, United States, did a prominent member of the Bahá'í Faith die in 1951?
Let's think step by step.",
which match was played between Italian side Juventus and Spanish side Barcelona on 6June 2015?,which match was played between Italian side Juventus and Spanish side Barcelona on 6June 2015?,"which match was played between Italian side Juventus and Spanish side Barcelona on 6June 2015?
Let's think step by step.",
Sorority Wars starred which former professional ballet dancer?,Sorority Wars starred which former professional ballet dancer?,"Sorority Wars starred which former professional ballet dancer?
Let's think step by step.",
how much should you pay for a haircut,how much should you pay for a haircut,"how much should you pay for a haircut
Let's think step by step.",
what is the reason that linked genes are inherited together,what is the reason that linked genes are inherited together,"what is the reason that linked genes are inherited together
Let's think step by step.",
What state did Qiudong Wang recieve his Ph.D in?,What state did Qiudong Wang recieve his Ph.D in?,"What state did Qiudong Wang recieve his Ph.D in?
Let's think step by step.",
In what Western European Country did Field Marshal Sir Bernard Law Montgomery accepted the unconditional surrender of the German forces during World War II?,In what Western European Country did Field Marshal Sir Bernard Law Montgomery accepted the unconditional surrender of the German forces during World War II?,"In what Western European Country did Field Marshal Sir Bernard Law Montgomery accepted the unconditional surrender of the German forces during World War II?
Let's think step by step.",
how acanthamoeba cause meningitis,how acanthamoeba cause meningitis,"how acanthamoeba cause meningitis
Let's think step by step.",
what is the scale for credit scores,what is the scale for credit scores,"what is the scale for credit scores
Let's think step by step.",
how long does a cricket match last,how long does a cricket match last,"how long does a cricket match last
Let's think step by step.",
Where did a recipient of The Technical Grammy Award help develop the video tape recorder at?,Where did a recipient of The Technical Grammy Award help develop the video tape recorder at?,"Where did a recipient of The Technical Grammy Award help develop the video tape recorder at?
Let's think step by step.",
"In which year was the mission founded where Father José Barona, performed his first baptism in San Diego ?","In which year was the mission founded where Father José Barona, performed his first baptism in San Diego ?","In which year was the mission founded where Father José Barona, performed his first baptism in San Diego ?
Let's think step by step.",
"Alice Costandina ""Dina"" Titus is considered to be what?","Alice Costandina ""Dina"" Titus is considered to be what?","Alice Costandina ""Dina"" Titus is considered to be what?
Let's think step by step.",
what does the name patrice mean,what does the name patrice mean,"what does the name patrice mean
Let's think step by step.",
In which conference did both Baylor and Iowa State compete in 2011-2012?,In which conference did both Baylor and Iowa State compete in 2011-2012?,"In which conference did both Baylor and Iowa State compete in 2011-2012?
Let's think step by step.",
Is the number of constituencies of the municipal chamber of Contagem more than 0?,Is the number of constituencies of the municipal chamber of Contagem more than 0?,"Is the number of constituencies of the municipal chamber of Contagem more than 0?
Let's think step by step.",
what are cerebrospinal fluid,what are cerebrospinal fluid,"what are cerebrospinal fluid
Let's think step by step.",
Who assisted in bond financing for the transit system that includes the MGM Grand Station?,Who assisted in bond financing for the transit system that includes the MGM Grand Station?,"Who assisted in bond financing for the transit system that includes the MGM Grand Station?
Let's think step by step.",
what is flour,what is flour,"what is flour
Let's think step by step.",
"Peja Stojakovic, who played for EuroBasket 2001, is of what nationality?","Peja Stojakovic, who played for EuroBasket 2001, is of what nationality?","Peja Stojakovic, who played for EuroBasket 2001, is of what nationality?
Let's think step by step.",
what climate do meerkats live in,what climate do meerkats live in,"what climate do meerkats live in
Let's think step by step.",
"How tall (in meters) is the mountain which was named after a pilot from the airline based in Calgary, Alberta, Canada?","How tall (in meters) is the mountain which was named after a pilot from the airline based in Calgary, Alberta, Canada?","How tall (in meters) is the mountain which was named after a pilot from the airline based in Calgary, Alberta, Canada?
Let's think step by step.",
What are the legal order which start with the letter sharia,What are the legal order which start with the letter sharia,"What are the legal order which start with the letter sharia
Let's think step by step.",
roshni name meaning,roshni name meaning,"roshni name meaning
Let's think step by step.",
How many administrative territorial entities are located by Los Lagos Region?,How many administrative territorial entities are located by Los Lagos Region?,"How many administrative territorial entities are located by Los Lagos Region?
Let's think step by step.",
who wrote song i can see clearly now,who wrote song i can see clearly now,"who wrote song i can see clearly now
Let's think step by step.",
average legal fees for testamentary trust,average legal fees for testamentary trust,"average legal fees for testamentary trust
Let's think step by step.",
What fashion house has Stefano Pilati worked at and is one of the biggest one global producers of fine fabrics (2.3 million metres per year)?,What fashion house has Stefano Pilati worked at and is one of the biggest one global producers of fine fabrics (2.3 million metres per year)?,"What fashion house has Stefano Pilati worked at and is one of the biggest one global producers of fine fabrics (2.3 million metres per year)?
Let's think step by step.",
normal range for tsh,normal range for tsh,"normal range for tsh
Let's think step by step.",
Who is the director of a 2003 psychological thriller film in which Eugene M. Davis had a role?,Who is the director of a 2003 psychological thriller film in which Eugene M. Davis had a role?,"Who is the director of a 2003 psychological thriller film in which Eugene M. Davis had a role?
Let's think step by step.",
how to inspect tires,how to inspect tires,"how to inspect tires
Let's think step by step.",
what is a postcolonial theory,what is a postcolonial theory,"what is a postcolonial theory
Let's think step by step.",
Icons of Evolution was written by a professor who was devoted to destroying what theory? ,Icons of Evolution was written by a professor who was devoted to destroying what theory? ,"Icons of Evolution was written by a professor who was devoted to destroying what theory? 
Let's think step by step.",
"Bambi and Treasure Island, have which subsidiary organization in common?","Bambi and Treasure Island, have which subsidiary organization in common?","Bambi and Treasure Island, have which subsidiary organization in common?
Let's think step by step.",
Which position did this head coach of 2017 Oakland Raiders sessions play in the 1980s?,Which position did this head coach of 2017 Oakland Raiders sessions play in the 1980s?,"Which position did this head coach of 2017 Oakland Raiders sessions play in the 1980s?
Let's think step by step.",
"The 2014 South Korean television series Angel Eyes featured what South Korean singer, songwriter, and actor?","The 2014 South Korean television series Angel Eyes featured what South Korean singer, songwriter, and actor?","The 2014 South Korean television series Angel Eyes featured what South Korean singer, songwriter, and actor?
Let's think step by step.",
"Britannia Airways, the largest charter airline in the UK was rebranded by what name in 2005?","Britannia Airways, the largest charter airline in the UK was rebranded by what name in 2005?","Britannia Airways, the largest charter airline in the UK was rebranded by what name in 2005?
Let's think step by step.",
Which character in the Harry Potter series was dubbed by the same Canadian actor who dubbed the leader of the Autobots?,Which character in the Harry Potter series was dubbed by the same Canadian actor who dubbed the leader of the Autobots?,"Which character in the Harry Potter series was dubbed by the same Canadian actor who dubbed the leader of the Autobots?
Let's think step by step.",
other sources of vitamin c,other sources of vitamin c,"other sources of vitamin c
Let's think step by step.",
The ban on the horse-collar tackle maneuver in American football was named after what 1980-born University of Oklahoma college football player?,The ban on the horse-collar tackle maneuver in American football was named after what 1980-born University of Oklahoma college football player?,"The ban on the horse-collar tackle maneuver in American football was named after what 1980-born University of Oklahoma college football player?
Let's think step by step.",
"Which band describes themselves as a ""minimalist rock trio"", Sunrise Avenue or Shellac?","Which band describes themselves as a ""minimalist rock trio"", Sunrise Avenue or Shellac?","Which band describes themselves as a ""minimalist rock trio"", Sunrise Avenue or Shellac?
Let's think step by step.",
Who is the American internet entrepreneur who founded the company featured on 24 Hours on Craigslist?,Who is the American internet entrepreneur who founded the company featured on 24 Hours on Craigslist?,"Who is the American internet entrepreneur who founded the company featured on 24 Hours on Craigslist?
Let's think step by step.",
To which taxonomic category do both Itea and Alocasia belong?,To which taxonomic category do both Itea and Alocasia belong?,"To which taxonomic category do both Itea and Alocasia belong?
Let's think step by step.",
"What Ever Happened to Aunt Alice?, is a 1969 American thriller film directed by Lee H. Katzin with Bernard Girard, and starring Mildred Dorothy Dunnock, was an American theater, film and television actress, and passed away on which date?","What Ever Happened to Aunt Alice?, is a 1969 American thriller film directed by Lee H. Katzin with Bernard Girard, and starring Mildred Dorothy Dunnock, was an American theater, film and television actress, and passed away on which date?","What Ever Happened to Aunt Alice?, is a 1969 American thriller film directed by Lee H. Katzin with Bernard Girard, and starring Mildred Dorothy Dunnock, was an American theater, film and television actress, and passed away on which date?
Let's think step by step.",
"Besides directing, what occupation is shared by Raoul André and Mark Steven Johnson?","Besides directing, what occupation is shared by Raoul André and Mark Steven Johnson?","Besides directing, what occupation is shared by Raoul André and Mark Steven Johnson?
Let's think step by step.",
can you be a registered nurse with a biology degree,can you be a registered nurse with a biology degree,"can you be a registered nurse with a biology degree
Let's think step by step.",
Sarah Southern and George Osborne have what in common?,Sarah Southern and George Osborne have what in common?,"Sarah Southern and George Osborne have what in common?
Let's think step by step.",
rare disease of heart tissue damage,rare disease of heart tissue damage,"rare disease of heart tissue damage
Let's think step by step.",
When was the fourth Monarch in Hawaii?,When was the fourth Monarch in Hawaii?,"When was the fourth Monarch in Hawaii?
Let's think step by step.",
do chin ups work back muscles or shoulders,do chin ups work back muscles or shoulders,"do chin ups work back muscles or shoulders
Let's think step by step.",
how much xanax will cause withdrawal,how much xanax will cause withdrawal,"how much xanax will cause withdrawal
Let's think step by step.",
"Who co-wrote the song ""Let's Make a Night to Remember"" with a South African record producer and songwriter?","Who co-wrote the song ""Let's Make a Night to Remember"" with a South African record producer and songwriter?","Who co-wrote the song ""Let's Make a Night to Remember"" with a South African record producer and songwriter?
Let's think step by step.",
how long after flu can you start exercising,how long after flu can you start exercising,"how long after flu can you start exercising
Let's think step by step.",
what food helps nerve damage,what food helps nerve damage,"what food helps nerve damage
Let's think step by step.",
"Which genus of plants is native to South and Central America, Onoclea or Phaedranassa?","Which genus of plants is native to South and Central America, Onoclea or Phaedranassa?","Which genus of plants is native to South and Central America, Onoclea or Phaedranassa?
Let's think step by step.",
where were the members of poison from,where were the members of poison from,"where were the members of poison from
Let's think step by step.",
is adeline a biblical name,is adeline a biblical name,"is adeline a biblical name
Let's think step by step.",
average temperature for charleston sc,average temperature for charleston sc,"average temperature for charleston sc
Let's think step by step.",
what are ptc thermistors used for,what are ptc thermistors used for,"what are ptc thermistors used for
Let's think step by step.",
"In what year was the lyricist of ""Beautiful Love"" born?","In what year was the lyricist of ""Beautiful Love"" born?","In what year was the lyricist of ""Beautiful Love"" born?
Let's think step by step.",
how to tell if your betta is a baby,how to tell if your betta is a baby,"how to tell if your betta is a baby
Let's think step by step.",
Where was the play printed that was authored by a founder of the Abbey Theatre?,Where was the play printed that was authored by a founder of the Abbey Theatre?,"Where was the play printed that was authored by a founder of the Abbey Theatre?
Let's think step by step.",
What country of origin does PFA Young Player of the Year and Dele Alli have in common?,What country of origin does PFA Young Player of the Year and Dele Alli have in common?,"What country of origin does PFA Young Player of the Year and Dele Alli have in common?
Let's think step by step.",
can vegetarians have dairy,can vegetarians have dairy,"can vegetarians have dairy
Let's think step by step.",
Cladanthus and Crinodendron are both types of what?,Cladanthus and Crinodendron are both types of what?,"Cladanthus and Crinodendron are both types of what?
Let's think step by step.",
are William C. deMille and Izu Ojukwu both film directors ?,are William C. deMille and Izu Ojukwu both film directors ?,"are William C. deMille and Izu Ojukwu both film directors ?
Let's think step by step.",
"When was English actor, best known for his role in Mad Men, as well as his part as biochemist David Robert Jones on the television series Fringe, born?","When was English actor, best known for his role in Mad Men, as well as his part as biochemist David Robert Jones on the television series Fringe, born?","When was English actor, best known for his role in Mad Men, as well as his part as biochemist David Robert Jones on the television series Fringe, born?
Let's think step by step.",
how much do fashion designers get paid,how much do fashion designers get paid,"how much do fashion designers get paid
Let's think step by step.",
average cost of A&e attendance,average cost of A&e attendance,"average cost of A&e attendance
Let's think step by step.",
"Willis & Geiger Outfitters was an expeditionary outfitting company in which country, the company outfitted Jacqueline Cochran, she was a pioneer in the field of American aviation and one of the most prominent racing pilots of her generation?","Willis & Geiger Outfitters was an expeditionary outfitting company in which country, the company outfitted Jacqueline Cochran, she was a pioneer in the field of American aviation and one of the most prominent racing pilots of her generation?","Willis & Geiger Outfitters was an expeditionary outfitting company in which country, the company outfitted Jacqueline Cochran, she was a pioneer in the field of American aviation and one of the most prominent racing pilots of her generation?
Let's think step by step.",
Cranium and Upwords are both owned by which parent corporation?,Cranium and Upwords are both owned by which parent corporation?,"Cranium and Upwords are both owned by which parent corporation?
Let's think step by step.",
morel mushrooms when do they grow,morel mushrooms when do they grow,"morel mushrooms when do they grow
Let's think step by step.",
Which person on the Angel of Retribution album is gay?,Which person on the Angel of Retribution album is gay?,"Which person on the Angel of Retribution album is gay?
Let's think step by step.",
"Which actor on the television series ""Due South"" also played in the 2007 film The Invisible? ","Which actor on the television series ""Due South"" also played in the 2007 film The Invisible? ","Which actor on the television series ""Due South"" also played in the 2007 film The Invisible? 
Let's think step by step.",
Ju-Ni takes it's name from writing entirely based on what?,Ju-Ni takes it's name from writing entirely based on what?,"Ju-Ni takes it's name from writing entirely based on what?
Let's think step by step.",
where is coulonges in france,where is coulonges in france,"where is coulonges in france
Let's think step by step.",
Did Rocky feature actors Sylvester Stallone and Russell Wong?,Did Rocky feature actors Sylvester Stallone and Russell Wong?,"Did Rocky feature actors Sylvester Stallone and Russell Wong?
Let's think step by step.",
describe where the sigmoid colon is located,describe where the sigmoid colon is located,"describe where the sigmoid colon is located
Let's think step by step.",
The mother of Hillary Clinton's 2016 campaign vice chair is the director of what London-based institution?,The mother of Hillary Clinton's 2016 campaign vice chair is the director of what London-based institution?,"The mother of Hillary Clinton's 2016 campaign vice chair is the director of what London-based institution?
Let's think step by step.",
Which convertible variant from 2011-2014 was after by the 2002-2003 crossover style vaguely similar the Nissan Actic?,Which convertible variant from 2011-2014 was after by the 2002-2003 crossover style vaguely similar the Nissan Actic?,"Which convertible variant from 2011-2014 was after by the 2002-2003 crossover style vaguely similar the Nissan Actic?
Let's think step by step.",
Who starred in a 1956 American psychological horror-thriller film directed by Mervyn LeRoy and was first became known for her role as schoolteacher Rosemary Sydney?,Who starred in a 1956 American psychological horror-thriller film directed by Mervyn LeRoy and was first became known for her role as schoolteacher Rosemary Sydney?,"Who starred in a 1956 American psychological horror-thriller film directed by Mervyn LeRoy and was first became known for her role as schoolteacher Rosemary Sydney?
Let's think step by step.",
The county in Kentucky containing Peytona had how many people in its population in the 2010 census?,The county in Kentucky containing Peytona had how many people in its population in the 2010 census?,"The county in Kentucky containing Peytona had how many people in its population in the 2010 census?
Let's think step by step.",
"What comedian, actor, writer, and game show host starred in a series which fictionalized his home and work life?","What comedian, actor, writer, and game show host starred in a series which fictionalized his home and work life?","What comedian, actor, writer, and game show host starred in a series which fictionalized his home and work life?
Let's think step by step.",
how long does brewed tea last at room temperature,how long does brewed tea last at room temperature,"how long does brewed tea last at room temperature
Let's think step by step.",
what is body exfoliation,what is body exfoliation,"what is body exfoliation
Let's think step by step.",
"Wal-Mart: The High Cost of Low Price and The Conquest of Everest, have which attributes in common?","Wal-Mart: The High Cost of Low Price and The Conquest of Everest, have which attributes in common?","Wal-Mart: The High Cost of Low Price and The Conquest of Everest, have which attributes in common?
Let's think step by step.",
what river is located near the town southwest of Wongabinda locality in the northwest of New South Wales,what river is located near the town southwest of Wongabinda locality in the northwest of New South Wales,"what river is located near the town southwest of Wongabinda locality in the northwest of New South Wales
Let's think step by step.",
cast of phantom of the opera movie,cast of phantom of the opera movie,"cast of phantom of the opera movie
Let's think step by step.",
how to prune little gem magnolia,how to prune little gem magnolia,"how to prune little gem magnolia
Let's think step by step.",
change sim card on gophone,change sim card on gophone,"change sim card on gophone
Let's think step by step.",
Papoose Lake lies within the iconic classified Area 51 within Edwards Air Force Base in which western U.S. state?,Papoose Lake lies within the iconic classified Area 51 within Edwards Air Force Base in which western U.S. state?,"Papoose Lake lies within the iconic classified Area 51 within Edwards Air Force Base in which western U.S. state?
Let's think step by step.",
"Who are the authors of The Republic, whose school is Platonism?","Who are the authors of The Republic, whose school is Platonism?","Who are the authors of The Republic, whose school is Platonism?
Let's think step by step.",
Do the genera Scadoxus and Swainsonia belong to the same family?,Do the genera Scadoxus and Swainsonia belong to the same family?,"Do the genera Scadoxus and Swainsonia belong to the same family?
Let's think step by step.",
Who were Jeff Celentano and Hugh Hudson?,Who were Jeff Celentano and Hugh Hudson?,"Who were Jeff Celentano and Hugh Hudson?
Let's think step by step.",
When was the host of Inkigayo who is also a member of Got7 born?,When was the host of Inkigayo who is also a member of Got7 born?,"When was the host of Inkigayo who is also a member of Got7 born?
Let's think step by step.",
what does an average lawn service cost,what does an average lawn service cost,"what does an average lawn service cost
Let's think step by step.",
The Protectworth Tavern is located in what county?,The Protectworth Tavern is located in what county?,"The Protectworth Tavern is located in what county?
Let's think step by step.",
"Who designed the shopping mall at which ""A Month of Hungry Ghosts"" premiered?","Who designed the shopping mall at which ""A Month of Hungry Ghosts"" premiered?","Who designed the shopping mall at which ""A Month of Hungry Ghosts"" premiered?
Let's think step by step.",
what was the first train ever built,what was the first train ever built,"what was the first train ever built
Let's think step by step.",
can you add a countdown clock to a facebook group page,can you add a countdown clock to a facebook group page,"can you add a countdown clock to a facebook group page
Let's think step by step.",
temp and time for meatloaf,temp and time for meatloaf,"temp and time for meatloaf
Let's think step by step.",
baby chlamydia symptoms,baby chlamydia symptoms,"baby chlamydia symptoms
Let's think step by step.",
average price to tent a house for termites,average price to tent a house for termites,"average price to tent a house for termites
Let's think step by step.",
Which is the place of burial for Katowice?,Which is the place of burial for Katowice?,"Which is the place of burial for Katowice?
Let's think step by step.",
what is bloomin brands,what is bloomin brands,"what is bloomin brands
Let's think step by step.",
where do grains come from,where do grains come from,"where do grains come from
Let's think step by step.",
What are the alternatives to using CO2 snow cleaning?,What are the alternatives to using CO2 snow cleaning?,"What are the alternatives to using CO2 snow cleaning?
Let's think step by step.",
cost of total knee replacement surgery in delhi,cost of total knee replacement surgery in delhi,"cost of total knee replacement surgery in delhi
Let's think step by step.",
how do you return a pointer in c,how do you return a pointer in c,"how do you return a pointer in c
Let's think step by step.",
Are Petrophytum and Townsendia both in the rose family?,Are Petrophytum and Townsendia both in the rose family?,"Are Petrophytum and Townsendia both in the rose family?
Let's think step by step.",
"Which documentary, Point of Order! or In the Basement is about the Senate Army–McCarthy hearings of 1954?","Which documentary, Point of Order! or In the Basement is about the Senate Army–McCarthy hearings of 1954?","Which documentary, Point of Order! or In the Basement is about the Senate Army–McCarthy hearings of 1954?
Let's think step by step.",
what is copper composite turquoise,what is copper composite turquoise,"what is copper composite turquoise
Let's think step by step.",
Who directed the film that Amanda Brooks starred in in 2007?,Who directed the film that Amanda Brooks starred in in 2007?,"Who directed the film that Amanda Brooks starred in in 2007?
Let's think step by step.",
Bobby Bowden was the head coach of Florida State University which plays their home games in what stadium?,Bobby Bowden was the head coach of Florida State University which plays their home games in what stadium?,"Bobby Bowden was the head coach of Florida State University which plays their home games in what stadium?
Let's think step by step.",
what is sbp,what is sbp,"what is sbp
Let's think step by step.",
Eric Steelberg's film Up in the Air starred which celebrity playing the role of Ryan Bingham?,Eric Steelberg's film Up in the Air starred which celebrity playing the role of Ryan Bingham?,"Eric Steelberg's film Up in the Air starred which celebrity playing the role of Ryan Bingham?
Let's think step by step.",
"Which song written by band members Guy Berryman, Jonny Buckland, Will Champion, and Chris Martin, along with Brian Eno appears on the same album as UFO?","Which song written by band members Guy Berryman, Jonny Buckland, Will Champion, and Chris Martin, along with Brian Eno appears on the same album as UFO?","Which song written by band members Guy Berryman, Jonny Buckland, Will Champion, and Chris Martin, along with Brian Eno appears on the same album as UFO?
Let's think step by step.",
"What was the breakout movie for the actress and singer who sang backup vocals on ""Spitfire"" by The Prodigy?","What was the breakout movie for the actress and singer who sang backup vocals on ""Spitfire"" by The Prodigy?","What was the breakout movie for the actress and singer who sang backup vocals on ""Spitfire"" by The Prodigy?
Let's think step by step.",
"What is the king of this ancient nation, in which the people worshiped Imentet as a goddess representing the necropolises west of the Nile, called?","What is the king of this ancient nation, in which the people worshiped Imentet as a goddess representing the necropolises west of the Nile, called?","What is the king of this ancient nation, in which the people worshiped Imentet as a goddess representing the necropolises west of the Nile, called?
Let's think step by step.",
What is the Class II combustible liquid with the highest median lethal concentration whose has effect is allyl glycidyl ether exposure?,What is the Class II combustible liquid with the highest median lethal concentration whose has effect is allyl glycidyl ether exposure?,"What is the Class II combustible liquid with the highest median lethal concentration whose has effect is allyl glycidyl ether exposure?
Let's think step by step.",
What is the Class IC flammable liquid with the highest no-observed-adverse-effect level whose instance of is Class IC flammable liquid ?,What is the Class IC flammable liquid with the highest no-observed-adverse-effect level whose instance of is Class IC flammable liquid ?,"What is the Class IC flammable liquid with the highest no-observed-adverse-effect level whose instance of is Class IC flammable liquid ?
Let's think step by step.",
Which artistic genre has its introduction in 1968-1-1 by Alice Cooper?,Which artistic genre has its introduction in 1968-1-1 by Alice Cooper?,"Which artistic genre has its introduction in 1968-1-1 by Alice Cooper?
Let's think step by step.",
what is a human placenta,what is a human placenta,"what is a human placenta
Let's think step by step.",
What profession do both Richard Russo and Ivan Bunin share?,What profession do both Richard Russo and Ivan Bunin share?,"What profession do both Richard Russo and Ivan Bunin share?
Let's think step by step.",
how long are you contagious with flu type a,how long are you contagious with flu type a,"how long are you contagious with flu type a
Let's think step by step.",
nonpolar molecule definition ap biology,nonpolar molecule definition ap biology,"nonpolar molecule definition ap biology
Let's think step by step.",
define kelp herb,define kelp herb,"define kelp herb
Let's think step by step.",
steam how do i get a refund,steam how do i get a refund,"steam how do i get a refund
Let's think step by step.",
"Where was the creator of the fictional character ""Cogliostro"" born?","Where was the creator of the fictional character ""Cogliostro"" born?","Where was the creator of the fictional character ""Cogliostro"" born?
Let's think step by step.",
Name the Italian Mathematician onwhole name Levi-civita symbol is named and also inventor of tensor calculus ?,Name the Italian Mathematician onwhole name Levi-civita symbol is named and also inventor of tensor calculus ?,"Name the Italian Mathematician onwhole name Levi-civita symbol is named and also inventor of tensor calculus ?
Let's think step by step.",
"Who was central park in Moscow named after, in 1932, when it opened the world's first children's railway?","Who was central park in Moscow named after, in 1932, when it opened the world's first children's railway?","Who was central park in Moscow named after, in 1932, when it opened the world's first children's railway?
Let's think step by step.",
nassau average temperatures,nassau average temperatures,"nassau average temperatures
Let's think step by step.",
"What is a rare breed of dog that was derived as a variant of Rat Terrier, Shiloh Shepherd dog or American Hairless Terrier ?","What is a rare breed of dog that was derived as a variant of Rat Terrier, Shiloh Shepherd dog or American Hairless Terrier ?","What is a rare breed of dog that was derived as a variant of Rat Terrier, Shiloh Shepherd dog or American Hairless Terrier ?
Let's think step by step.",
Who supervise the the football team for which Sung Lin Yung played? ,Who supervise the the football team for which Sung Lin Yung played? ,"Who supervise the the football team for which Sung Lin Yung played? 
Let's think step by step.",
difference between serum and blood,difference between serum and blood,"difference between serum and blood
Let's think step by step.",
origin of surname harding,origin of surname harding,"origin of surname harding
Let's think step by step.",
average operating cost for a crane company,average operating cost for a crane company,"average operating cost for a crane company
Let's think step by step.",
Jani Hölli is a musician who has played keyboard for the band named after a feral dog native to what continent?,Jani Hölli is a musician who has played keyboard for the band named after a feral dog native to what continent?,"Jani Hölli is a musician who has played keyboard for the band named after a feral dog native to what continent?
Let's think step by step.",
What is the temperature for amphetamine whose density is 936000.0?,What is the temperature for amphetamine whose density is 936000.0?,"What is the temperature for amphetamine whose density is 936000.0?
Let's think step by step.",
What country is Guayaquil from who died in 1533?,What country is Guayaquil from who died in 1533?,"What country is Guayaquil from who died in 1533?
Let's think step by step.",
Leeland Road station has a line that runs 1522 miles from New York City to what other major hub?,Leeland Road station has a line that runs 1522 miles from New York City to what other major hub?,"Leeland Road station has a line that runs 1522 miles from New York City to what other major hub?
Let's think step by step.",
"The autobiographical play by Eugene O'Neil was written in 1942, but first published in what year?","The autobiographical play by Eugene O'Neil was written in 1942, but first published in what year?","The autobiographical play by Eugene O'Neil was written in 1942, but first published in what year?
Let's think step by step.",
is the optic nerve sensory or motor,is the optic nerve sensory or motor,"is the optic nerve sensory or motor
Let's think step by step.",
"CrowdRise was founded in party by a Canadian film producer who has worked frequently with Judd Apatow, and has produced a number of films for who?","CrowdRise was founded in party by a Canadian film producer who has worked frequently with Judd Apatow, and has produced a number of films for who?","CrowdRise was founded in party by a Canadian film producer who has worked frequently with Judd Apatow, and has produced a number of films for who?
Let's think step by step.",
"An English actor, filmmaker, musician of ""The One with Monica and Chandler's Wedding"" got  Primetime Emmy Award for which role?","An English actor, filmmaker, musician of ""The One with Monica and Chandler's Wedding"" got  Primetime Emmy Award for which role?","An English actor, filmmaker, musician of ""The One with Monica and Chandler's Wedding"" got  Primetime Emmy Award for which role?
Let's think step by step.",
"What alternative rock band, formed in Seattle in 1988 release the compilation album Superfuzz Bigmuff Plus Early Singles in October 1990?","What alternative rock band, formed in Seattle in 1988 release the compilation album Superfuzz Bigmuff Plus Early Singles in October 1990?","What alternative rock band, formed in Seattle in 1988 release the compilation album Superfuzz Bigmuff Plus Early Singles in October 1990?
Let's think step by step.",
are Peter Maxwell Davies and Emmanuel Chabrier both composers ?,are Peter Maxwell Davies and Emmanuel Chabrier both composers ?,"are Peter Maxwell Davies and Emmanuel Chabrier both composers ?
Let's think step by step.",
What is Wine AppDB-Identification gateway.,What is Wine AppDB-Identification gateway.,"What is Wine AppDB-Identification gateway.
Let's think step by step.",
The second place finisher of the 2011 Gran Premio Santander d'Italia drove for who when he won the 2009 FIA Formula One World Championship?,The second place finisher of the 2011 Gran Premio Santander d'Italia drove for who when he won the 2009 FIA Formula One World Championship?,"The second place finisher of the 2011 Gran Premio Santander d'Italia drove for who when he won the 2009 FIA Formula One World Championship?
Let's think step by step.",
what is the color of bloodstone,what is the color of bloodstone,"what is the color of bloodstone
Let's think step by step.",
Which is the facility operator in action of CIM-10 Bomarc?,Which is the facility operator in action of CIM-10 Bomarc?,"Which is the facility operator in action of CIM-10 Bomarc?
Let's think step by step.",
When was Anna Paquin given a Theatre World Award?,When was Anna Paquin given a Theatre World Award?,"When was Anna Paquin given a Theatre World Award?
Let's think step by step.",
Are William S. Hart and John Cameron Mitchell both American actors?,Are William S. Hart and John Cameron Mitchell both American actors?,"Are William S. Hart and John Cameron Mitchell both American actors?
Let's think step by step.",
caelan name meaning strong,caelan name meaning strong,"caelan name meaning strong
Let's think step by step.",
"What is the significance of Vladimir Nabokov, whose bibliographic citation is Possessed?","What is the significance of Vladimir Nabokov, whose bibliographic citation is Possessed?","What is the significance of Vladimir Nabokov, whose bibliographic citation is Possessed?
Let's think step by step.",
"Which mine has more gold in it, Leckie Mine or Burwash Mine?","Which mine has more gold in it, Leckie Mine or Burwash Mine?","Which mine has more gold in it, Leckie Mine or Burwash Mine?
Let's think step by step.",
air canada change fee,air canada change fee,"air canada change fee
Let's think step by step.",
what is sodium azide,what is sodium azide,"what is sodium azide
Let's think step by step.",
"n which U.S. state would you find the Ariacomplex, originally branded CityCenter, that incorporates the Mandarin Hotel?","n which U.S. state would you find the Ariacomplex, originally branded CityCenter, that incorporates the Mandarin Hotel?","n which U.S. state would you find the Ariacomplex, originally branded CityCenter, that incorporates the Mandarin Hotel?
Let's think step by step.",
Name the outer planet that has a semi-major axis as described in Otto's encyclopedia?,Name the outer planet that has a semi-major axis as described in Otto's encyclopedia?,"Name the outer planet that has a semi-major axis as described in Otto's encyclopedia?
Let's think step by step.",
Who replaced Samuel Taliaferro Rayburn as Dean of the United States House of Representatives?,Who replaced Samuel Taliaferro Rayburn as Dean of the United States House of Representatives?,"Who replaced Samuel Taliaferro Rayburn as Dean of the United States House of Representatives?
Let's think step by step.",
"Edward Leslie Hamilton, billed as Ted Hamilton is an Australian singer, composer, playwright, entrepreneur and actor, and is possibly best known for playing the Pirate King in ""The Pirate Movie"", an Australian musical romantic comedy film directed by Ken Annakin and starring Christopher Atkins and Kristy McNichol, released in which year?","Edward Leslie Hamilton, billed as Ted Hamilton is an Australian singer, composer, playwright, entrepreneur and actor, and is possibly best known for playing the Pirate King in ""The Pirate Movie"", an Australian musical romantic comedy film directed by Ken Annakin and starring Christopher Atkins and Kristy McNichol, released in which year?","Edward Leslie Hamilton, billed as Ted Hamilton is an Australian singer, composer, playwright, entrepreneur and actor, and is possibly best known for playing the Pirate King in ""The Pirate Movie"", an Australian musical romantic comedy film directed by Ken Annakin and starring Christopher Atkins and Kristy McNichol, released in which year?
Let's think step by step.",
cost of spiriva handihaler,cost of spiriva handihaler,"cost of spiriva handihaler
Let's think step by step.",
incubation period of mallard duck eggs,incubation period of mallard duck eggs,"incubation period of mallard duck eggs
Let's think step by step.",
What year was the airing of episode one of the show on which Ferne McCann finished third of season fifteen?,What year was the airing of episode one of the show on which Ferne McCann finished third of season fifteen?,"What year was the airing of episode one of the show on which Ferne McCann finished third of season fifteen?
Let's think step by step.",
Which former sultan of Bengal married the former sultan of Delhi's daughter in the early 1500s?,Which former sultan of Bengal married the former sultan of Delhi's daughter in the early 1500s?,"Which former sultan of Bengal married the former sultan of Delhi's daughter in the early 1500s?
Let's think step by step.",
In what year was Vladimir Vysotsky married to Lyudmyla Abramova?,In what year was Vladimir Vysotsky married to Lyudmyla Abramova?,"In what year was Vladimir Vysotsky married to Lyudmyla Abramova?
Let's think step by step.",
what is armagnac,what is armagnac,"what is armagnac
Let's think step by step.",
What Indian reservation that was established in 1868 is located near the Pryor Mountains in Montana?,What Indian reservation that was established in 1868 is located near the Pryor Mountains in Montana?,"What Indian reservation that was established in 1868 is located near the Pryor Mountains in Montana?
Let's think step by step.",
What is the INDUCKS ID for Marvel Comics?,What is the INDUCKS ID for Marvel Comics?,"What is the INDUCKS ID for Marvel Comics?
Let's think step by step.",
The Purpose Driven Life was written by the pastor who founded what church?,The Purpose Driven Life was written by the pastor who founded what church?,"The Purpose Driven Life was written by the pastor who founded what church?
Let's think step by step.",
"A foam weapon, a padded mock weapon used for simulated handheld combat, is used in a North American medieval combat sport, begun in 1977 with the creation of what?","A foam weapon, a padded mock weapon used for simulated handheld combat, is used in a North American medieval combat sport, begun in 1977 with the creation of what?","A foam weapon, a padded mock weapon used for simulated handheld combat, is used in a North American medieval combat sport, begun in 1977 with the creation of what?
Let's think step by step.",
how much does a doctor visit cost without insurance,how much does a doctor visit cost without insurance,"how much does a doctor visit cost without insurance
Let's think step by step.",
"What earliest form of prehistoric monument in Wiltshire, England was Bedd Arthur similar to?","What earliest form of prehistoric monument in Wiltshire, England was Bedd Arthur similar to?","What earliest form of prehistoric monument in Wiltshire, England was Bedd Arthur similar to?
Let's think step by step.",
average cost for pet sitting,average cost for pet sitting,"average cost for pet sitting
Let's think step by step.",
non specific symptoms of autoimmune disease,non specific symptoms of autoimmune disease,"non specific symptoms of autoimmune disease
Let's think step by step.",
The British car club operator City Car Club was acquired by the American company headquartered in what city?,The British car club operator City Car Club was acquired by the American company headquartered in what city?,"The British car club operator City Car Club was acquired by the American company headquartered in what city?
Let's think step by step.",
Azio Corghi was made a Grand Officer in a senior order of knighthood founded in what year?,Azio Corghi was made a Grand Officer in a senior order of knighthood founded in what year?,"Azio Corghi was made a Grand Officer in a senior order of knighthood founded in what year?
Let's think step by step.",
Modular Man was partly created by the comic book artist who was also known as a co-creator of what other character?,Modular Man was partly created by the comic book artist who was also known as a co-creator of what other character?,"Modular Man was partly created by the comic book artist who was also known as a co-creator of what other character?
Let's think step by step.",
Al-Waleed bin Talal is the CEO of what company?,Al-Waleed bin Talal is the CEO of what company?,"Al-Waleed bin Talal is the CEO of what company?
Let's think step by step.",
how long to fry tilapia,how long to fry tilapia,"how long to fry tilapia
Let's think step by step.",
how much does a medical laboratory technician make an hour,how much does a medical laboratory technician make an hour,"how much does a medical laboratory technician make an hour
Let's think step by step.",
the difference between turtles and tortoises,the difference between turtles and tortoises,"the difference between turtles and tortoises
Let's think step by step.",
what percentage of my income should be taxed,what percentage of my income should be taxed,"what percentage of my income should be taxed
Let's think step by step.",
Jack Del Rio was a lineback for how many NFL teams,Jack Del Rio was a lineback for how many NFL teams,"Jack Del Rio was a lineback for how many NFL teams
Let's think step by step.",
Which country participated in the Eurovision Song contest in 1957 but absent in 1970 and submitted the song co-written by Sebastian F. Ovens?,Which country participated in the Eurovision Song contest in 1957 but absent in 1970 and submitted the song co-written by Sebastian F. Ovens?,"Which country participated in the Eurovision Song contest in 1957 but absent in 1970 and submitted the song co-written by Sebastian F. Ovens?
Let's think step by step.",
what is lysosome in a cell,what is lysosome in a cell,"what is lysosome in a cell
Let's think step by step.",
what is lada diabetes,what is lada diabetes,"what is lada diabetes
Let's think step by step.",
what is farsighted,what is farsighted,"what is farsighted
Let's think step by step.",
what is the meaning of the glass menagerie,what is the meaning of the glass menagerie,"what is the meaning of the glass menagerie
Let's think step by step.",
 Fort Metal Cross a trading post for the slave supply was crucial to supply labor for what country, Fort Metal Cross a trading post for the slave supply was crucial to supply labor for what country," Fort Metal Cross a trading post for the slave supply was crucial to supply labor for what country
Let's think step by step.",
"Which has a larger population, Conghua District or Suzhou?","Which has a larger population, Conghua District or Suzhou?","Which has a larger population, Conghua District or Suzhou?
Let's think step by step.",
Larry King was the former husband of a tennis star that won how many Grand Slam titles?,Larry King was the former husband of a tennis star that won how many Grand Slam titles?,"Larry King was the former husband of a tennis star that won how many Grand Slam titles?
Let's think step by step.",
Who was found guilty in the matter of Anna Branting's spouse?,Who was found guilty in the matter of Anna Branting's spouse?,"Who was found guilty in the matter of Anna Branting's spouse?
Let's think step by step.",
"Who was considered to have achieved more in their lifetime occupational wise, Metodi Andonov or Luchino Visconti?","Who was considered to have achieved more in their lifetime occupational wise, Metodi Andonov or Luchino Visconti?","Who was considered to have achieved more in their lifetime occupational wise, Metodi Andonov or Luchino Visconti?
Let's think step by step.",
probation officer requirements texas,probation officer requirements texas,"probation officer requirements texas
Let's think step by step.",
"The product that was invented by Rafi Haladjian and Olivier Mevel, was deemed to be a smart object because it connected to what global system of interconnected computer networks? ","The product that was invented by Rafi Haladjian and Olivier Mevel, was deemed to be a smart object because it connected to what global system of interconnected computer networks? ","The product that was invented by Rafi Haladjian and Olivier Mevel, was deemed to be a smart object because it connected to what global system of interconnected computer networks? 
Let's think step by step.",
"Odessa, the city featured in Friday Night Lights: A Town, a Team, and a Dream, is the seat of what Texas county?","Odessa, the city featured in Friday Night Lights: A Town, a Team, and a Dream, is the seat of what Texas county?","Odessa, the city featured in Friday Night Lights: A Town, a Team, and a Dream, is the seat of what Texas county?
Let's think step by step.",
omb per diem,omb per diem,"omb per diem
Let's think step by step.",
What university did the Kings player with an injured foot attend?,What university did the Kings player with an injured foot attend?,"What university did the Kings player with an injured foot attend?
Let's think step by step.",
What is the home port of Kuala Lumpur,What is the home port of Kuala Lumpur,"What is the home port of Kuala Lumpur
Let's think step by step.",
Which is the door that was commissioned by Frederick William II of Prussia and starts with the letter b?,Which is the door that was commissioned by Frederick William II of Prussia and starts with the letter b?,"Which is the door that was commissioned by Frederick William II of Prussia and starts with the letter b?
Let's think step by step.",
"What is the nickname of the husband of the real life person portrayed by Sharon Stone in the movie ""Casino""?","What is the nickname of the husband of the real life person portrayed by Sharon Stone in the movie ""Casino""?","What is the nickname of the husband of the real life person portrayed by Sharon Stone in the movie ""Casino""?
Let's think step by step.",
The Jagdish Institute of Industrial Technology caters to the needs of students who want to pursue their careers in vocational field with the lowest fee possible in what Indian state?,The Jagdish Institute of Industrial Technology caters to the needs of students who want to pursue their careers in vocational field with the lowest fee possible in what Indian state?,"The Jagdish Institute of Industrial Technology caters to the needs of students who want to pursue their careers in vocational field with the lowest fee possible in what Indian state?
Let's think step by step.",
Do both Pooh's Heffalump Movie and Pirates of the Caribbean contain Walt Disney elements?,Do both Pooh's Heffalump Movie and Pirates of the Caribbean contain Walt Disney elements?,"Do both Pooh's Heffalump Movie and Pirates of the Caribbean contain Walt Disney elements?
Let's think step by step.",
